ISO-10303-21;
HEADER;
FILE_DESCRIPTION(('Open CASCADE Model'),'2;1');
FILE_NAME('Open CASCADE Shape Model','2026-10-03T06:01:08',('Author'),(
    'Open CASCADE'),'Open CASCADE STEP processor 8.0','build123d',
  'Unknown');
FILE_SCHEMA(('AUTOMOTIVE_DESIGN { 1 0 10303 214 1 1 1 1 }'));
ENDSEC;
DATA;
#1 = APPLICATION_PROTOCOL_DEFINITION('international standard',
  'automotive_design',2000,#2);
#2 = APPLICATION_CONTEXT(
  'core data for automotive mechanical design processes');
#3 = SHAPE_DEFINITION_REPRESENTATION(#4,#10);
#4 = PRODUCT_DEFINITION_SHAPE('','',#5);
#5 = PRODUCT_DEFINITION('design','',#6,#9);
#6 = PRODUCT_DEFINITION_FORMATION('','',#7);
#7 = PRODUCT('COMPOUND','COMPOUND','',(#8));
#8 = PRODUCT_CONTEXT('',#2,'mechanical');
#9 = PRODUCT_DEFINITION_CONTEXT('part definition',#2,'design');
#10 = SHAPE_REPRESENTATION('',(#11,#15,#969,#1923,#2565,#3207,#3569),
  #3667);
#11 = AXIS2_PLACEMENT_3D('',#12,#13,#14);
#12 = CARTESIAN_POINT('',(0.,0.,0.));
#13 = DIRECTION('',(0.,0.,1.));
#14 = DIRECTION('',(1.,0.,-0.));
#15 = MANIFOLD_SOLID_BREP('',#16);
#16 = CLOSED_SHELL('',(#17,#137,#213,#289,#536,#748,#775,#800,#827,#854,
    #881,#908,#935,#962));
#17 = ADVANCED_FACE('',(#18),#32,.T.);
#18 = FACE_BOUND('',#19,.T.);
#19 = EDGE_LOOP('',(#20,#55,#83,#111));
#20 = ORIENTED_EDGE('',*,*,#21,.T.);
#21 = EDGE_CURVE('',#22,#24,#26,.T.);
#22 = VERTEX_POINT('',#23);
#23 = CARTESIAN_POINT('',(6.58E+03,-282.,0.));
#24 = VERTEX_POINT('',#25);
#25 = CARTESIAN_POINT('',(6.58E+03,-264.,0.));
#26 = SURFACE_CURVE('',#27,(#31,#43),.PCURVE_S1.);
#27 = LINE('',#28,#29);
#28 = CARTESIAN_POINT('',(6.58E+03,-282.,0.));
#29 = VECTOR('',#30,1.);
#30 = DIRECTION('',(-0.,1.,-0.));
#31 = PCURVE('',#32,#37);
#32 = PLANE('',#33);
#33 = AXIS2_PLACEMENT_3D('',#34,#35,#36);
#34 = CARTESIAN_POINT('',(6.58E+03,-282.,0.));
#35 = DIRECTION('',(0.,0.,-1.));
#36 = DIRECTION('',(1.,0.,0.));
#37 = DEFINITIONAL_REPRESENTATION('',(#38),#42);
#38 = LINE('',#39,#40);
#39 = CARTESIAN_POINT('',(0.,0.));
#40 = VECTOR('',#41,1.);
#41 = DIRECTION('',(0.,-1.));
#42 = ( GEOMETRIC_REPRESENTATION_CONTEXT(2) 
PARAMETRIC_REPRESENTATION_CONTEXT() REPRESENTATION_CONTEXT('2D SPACE',''
  ) );
#43 = PCURVE('',#44,#49);
#44 = PLANE('',#45);
#45 = AXIS2_PLACEMENT_3D('',#46,#47,#48);
#46 = CARTESIAN_POINT('',(6.58E+03,-282.,12.));
#47 = DIRECTION('',(-1.,-0.,-0.));
#48 = DIRECTION('',(0.,0.,-1.));
#49 = DEFINITIONAL_REPRESENTATION('',(#50),#54);
#50 = LINE('',#51,#52);
#51 = CARTESIAN_POINT('',(12.,0.));
#52 = VECTOR('',#53,1.);
#53 = DIRECTION('',(0.,-1.));
#54 = ( GEOMETRIC_REPRESENTATION_CONTEXT(2) 
PARAMETRIC_REPRESENTATION_CONTEXT() REPRESENTATION_CONTEXT('2D SPACE',''
  ) );
#55 = ORIENTED_EDGE('',*,*,#56,.T.);
#56 = EDGE_CURVE('',#24,#57,#59,.T.);
#57 = VERTEX_POINT('',#58);
#58 = CARTESIAN_POINT('',(6.89E+03,-264.,0.));
#59 = SURFACE_CURVE('',#60,(#64,#71),.PCURVE_S1.);
#60 = LINE('',#61,#62);
#61 = CARTESIAN_POINT('',(6.58E+03,-264.,0.));
#62 = VECTOR('',#63,1.);
#63 = DIRECTION('',(1.,0.,0.));
#64 = PCURVE('',#32,#65);
#65 = DEFINITIONAL_REPRESENTATION('',(#66),#70);
#66 = LINE('',#67,#68);
#67 = CARTESIAN_POINT('',(0.,-18.));
#68 = VECTOR('',#69,1.);
#69 = DIRECTION('',(1.,0.));
#70 = ( GEOMETRIC_REPRESENTATION_CONTEXT(2) 
PARAMETRIC_REPRESENTATION_CONTEXT() REPRESENTATION_CONTEXT('2D SPACE',''
  ) );
#71 = PCURVE('',#72,#77);
#72 = PLANE('',#73);
#73 = AXIS2_PLACEMENT_3D('',#74,#75,#76);
#74 = CARTESIAN_POINT('',(7.E+03,-264.,125.37095091448));
#75 = DIRECTION('',(0.,-1.,0.));
#76 = DIRECTION('',(1.,0.,0.));
#77 = DEFINITIONAL_REPRESENTATION('',(#78),#82);
#78 = LINE('',#79,#80);
#79 = CARTESIAN_POINT('',(-420.,-125.3709509144));
#80 = VECTOR('',#81,1.);
#81 = DIRECTION('',(1.,0.));
#82 = ( GEOMETRIC_REPRESENTATION_CONTEXT(2) 
PARAMETRIC_REPRESENTATION_CONTEXT() REPRESENTATION_CONTEXT('2D SPACE',''
  ) );
#83 = ORIENTED_EDGE('',*,*,#84,.F.);
#84 = EDGE_CURVE('',#85,#57,#87,.T.);
#85 = VERTEX_POINT('',#86);
#86 = CARTESIAN_POINT('',(6.89E+03,-282.,0.));
#87 = SURFACE_CURVE('',#88,(#92,#99),.PCURVE_S1.);
#88 = LINE('',#89,#90);
#89 = CARTESIAN_POINT('',(6.89E+03,-282.,0.));
#90 = VECTOR('',#91,1.);
#91 = DIRECTION('',(-0.,1.,-0.));
#92 = PCURVE('',#32,#93);
#93 = DEFINITIONAL_REPRESENTATION('',(#94),#98);
#94 = LINE('',#95,#96);
#95 = CARTESIAN_POINT('',(310.,0.));
#96 = VECTOR('',#97,1.);
#97 = DIRECTION('',(0.,-1.));
#98 = ( GEOMETRIC_REPRESENTATION_CONTEXT(2) 
PARAMETRIC_REPRESENTATION_CONTEXT() REPRESENTATION_CONTEXT('2D SPACE',''
  ) );
#99 = PCURVE('',#100,#105);
#100 = PLANE('',#101);
#101 = AXIS2_PLACEMENT_3D('',#102,#103,#104);
#102 = CARTESIAN_POINT('',(6.89E+03,-282.,0.));
#103 = DIRECTION('',(1.,0.,-0.));
#104 = DIRECTION('',(0.,0.,1.));
#105 = DEFINITIONAL_REPRESENTATION('',(#106),#110);
#106 = LINE('',#107,#108);
#107 = CARTESIAN_POINT('',(0.,0.));
#108 = VECTOR('',#109,1.);
#109 = DIRECTION('',(0.,-1.));
#110 = ( GEOMETRIC_REPRESENTATION_CONTEXT(2) 
PARAMETRIC_REPRESENTATION_CONTEXT() REPRESENTATION_CONTEXT('2D SPACE',''
  ) );
#111 = ORIENTED_EDGE('',*,*,#112,.F.);
#112 = EDGE_CURVE('',#22,#85,#113,.T.);
#113 = SURFACE_CURVE('',#114,(#118,#125),.PCURVE_S1.);
#114 = LINE('',#115,#116);
#115 = CARTESIAN_POINT('',(6.58E+03,-282.,0.));
#116 = VECTOR('',#117,1.);
#117 = DIRECTION('',(1.,0.,0.));
#118 = PCURVE('',#32,#119);
#119 = DEFINITIONAL_REPRESENTATION('',(#120),#124);
#120 = LINE('',#121,#122);
#121 = CARTESIAN_POINT('',(0.,0.));
#122 = VECTOR('',#123,1.);
#123 = DIRECTION('',(1.,0.));
#124 = ( GEOMETRIC_REPRESENTATION_CONTEXT(2) 
PARAMETRIC_REPRESENTATION_CONTEXT() REPRESENTATION_CONTEXT('2D SPACE',''
  ) );
#125 = PCURVE('',#126,#131);
#126 = PLANE('',#127);
#127 = AXIS2_PLACEMENT_3D('',#128,#129,#130);
#128 = CARTESIAN_POINT('',(7.E+03,-282.,125.37095091448));
#129 = DIRECTION('',(0.,-1.,0.));
#130 = DIRECTION('',(1.,0.,0.));
#131 = DEFINITIONAL_REPRESENTATION('',(#132),#136);
#132 = LINE('',#133,#134);
#133 = CARTESIAN_POINT('',(-420.,-125.3709509144));
#134 = VECTOR('',#135,1.);
#135 = DIRECTION('',(1.,0.));
#136 = ( GEOMETRIC_REPRESENTATION_CONTEXT(2) 
PARAMETRIC_REPRESENTATION_CONTEXT() REPRESENTATION_CONTEXT('2D SPACE',''
  ) );
#137 = ADVANCED_FACE('',(#138),#44,.T.);
#138 = FACE_BOUND('',#139,.T.);
#139 = EDGE_LOOP('',(#140,#170,#191,#192));
#140 = ORIENTED_EDGE('',*,*,#141,.T.);
#141 = EDGE_CURVE('',#142,#144,#146,.T.);
#142 = VERTEX_POINT('',#143);
#143 = CARTESIAN_POINT('',(6.58E+03,-282.,12.));
#144 = VERTEX_POINT('',#145);
#145 = CARTESIAN_POINT('',(6.58E+03,-264.,12.));
#146 = SURFACE_CURVE('',#147,(#151,#158),.PCURVE_S1.);
#147 = LINE('',#148,#149);
#148 = CARTESIAN_POINT('',(6.58E+03,-282.,12.));
#149 = VECTOR('',#150,1.);
#150 = DIRECTION('',(-0.,1.,-0.));
#151 = PCURVE('',#44,#152);
#152 = DEFINITIONAL_REPRESENTATION('',(#153),#157);
#153 = LINE('',#154,#155);
#154 = CARTESIAN_POINT('',(0.,0.));
#155 = VECTOR('',#156,1.);
#156 = DIRECTION('',(0.,-1.));
#157 = ( GEOMETRIC_REPRESENTATION_CONTEXT(2) 
PARAMETRIC_REPRESENTATION_CONTEXT() REPRESENTATION_CONTEXT('2D SPACE',''
  ) );
#158 = PCURVE('',#159,#164);
#159 = PLANE('',#160);
#160 = AXIS2_PLACEMENT_3D('',#161,#162,#163);
#161 = CARTESIAN_POINT('',(6.85E+03,-282.,330.));
#162 = DIRECTION('',(-0.762294079169,0.,0.647230821936));
#163 = DIRECTION('',(-0.647230821936,0.,-0.762294079169));
#164 = DEFINITIONAL_REPRESENTATION('',(#165),#169);
#165 = LINE('',#166,#167);
#166 = CARTESIAN_POINT('',(417.16183909844,0.));
#167 = VECTOR('',#168,1.);
#168 = DIRECTION('',(0.,-1.));
#169 = ( GEOMETRIC_REPRESENTATION_CONTEXT(2) 
PARAMETRIC_REPRESENTATION_CONTEXT() REPRESENTATION_CONTEXT('2D SPACE',''
  ) );
#170 = ORIENTED_EDGE('',*,*,#171,.T.);
#171 = EDGE_CURVE('',#144,#24,#172,.T.);
#172 = SURFACE_CURVE('',#173,(#177,#184),.PCURVE_S1.);
#173 = LINE('',#174,#175);
#174 = CARTESIAN_POINT('',(6.58E+03,-264.,12.));
#175 = VECTOR('',#176,1.);
#176 = DIRECTION('',(0.,0.,-1.));
#177 = PCURVE('',#44,#178);
#178 = DEFINITIONAL_REPRESENTATION('',(#179),#183);
#179 = LINE('',#180,#181);
#180 = CARTESIAN_POINT('',(0.,-18.));
#181 = VECTOR('',#182,1.);
#182 = DIRECTION('',(1.,0.));
#183 = ( GEOMETRIC_REPRESENTATION_CONTEXT(2) 
PARAMETRIC_REPRESENTATION_CONTEXT() REPRESENTATION_CONTEXT('2D SPACE',''
  ) );
#184 = PCURVE('',#72,#185);
#185 = DEFINITIONAL_REPRESENTATION('',(#186),#190);
#186 = LINE('',#187,#188);
#187 = CARTESIAN_POINT('',(-420.,-113.3709509144));
#188 = VECTOR('',#189,1.);
#189 = DIRECTION('',(0.,-1.));
#190 = ( GEOMETRIC_REPRESENTATION_CONTEXT(2) 
PARAMETRIC_REPRESENTATION_CONTEXT() REPRESENTATION_CONTEXT('2D SPACE',''
  ) );
#191 = ORIENTED_EDGE('',*,*,#21,.F.);
#192 = ORIENTED_EDGE('',*,*,#193,.F.);
#193 = EDGE_CURVE('',#142,#22,#194,.T.);
#194 = SURFACE_CURVE('',#195,(#199,#206),.PCURVE_S1.);
#195 = LINE('',#196,#197);
#196 = CARTESIAN_POINT('',(6.58E+03,-282.,12.));
#197 = VECTOR('',#198,1.);
#198 = DIRECTION('',(0.,0.,-1.));
#199 = PCURVE('',#44,#200);
#200 = DEFINITIONAL_REPRESENTATION('',(#201),#205);
#201 = LINE('',#202,#203);
#202 = CARTESIAN_POINT('',(0.,0.));
#203 = VECTOR('',#204,1.);
#204 = DIRECTION('',(1.,0.));
#205 = ( GEOMETRIC_REPRESENTATION_CONTEXT(2) 
PARAMETRIC_REPRESENTATION_CONTEXT() REPRESENTATION_CONTEXT('2D SPACE',''
  ) );
#206 = PCURVE('',#126,#207);
#207 = DEFINITIONAL_REPRESENTATION('',(#208),#212);
#208 = LINE('',#209,#210);
#209 = CARTESIAN_POINT('',(-420.,-113.3709509144));
#210 = VECTOR('',#211,1.);
#211 = DIRECTION('',(0.,-1.));
#212 = ( GEOMETRIC_REPRESENTATION_CONTEXT(2) 
PARAMETRIC_REPRESENTATION_CONTEXT() REPRESENTATION_CONTEXT('2D SPACE',''
  ) );
#213 = ADVANCED_FACE('',(#214),#100,.T.);
#214 = FACE_BOUND('',#215,.T.);
#215 = EDGE_LOOP('',(#216,#217,#240,#268));
#216 = ORIENTED_EDGE('',*,*,#84,.T.);
#217 = ORIENTED_EDGE('',*,*,#218,.T.);
#218 = EDGE_CURVE('',#57,#219,#221,.T.);
#219 = VERTEX_POINT('',#220);
#220 = CARTESIAN_POINT('',(6.89E+03,-264.,110.));
#221 = SURFACE_CURVE('',#222,(#226,#233),.PCURVE_S1.);
#222 = LINE('',#223,#224);
#223 = CARTESIAN_POINT('',(6.89E+03,-264.,0.));
#224 = VECTOR('',#225,1.);
#225 = DIRECTION('',(0.,0.,1.));
#226 = PCURVE('',#100,#227);
#227 = DEFINITIONAL_REPRESENTATION('',(#228),#232);
#228 = LINE('',#229,#230);
#229 = CARTESIAN_POINT('',(0.,-18.));
#230 = VECTOR('',#231,1.);
#231 = DIRECTION('',(1.,0.));
#232 = ( GEOMETRIC_REPRESENTATION_CONTEXT(2) 
PARAMETRIC_REPRESENTATION_CONTEXT() REPRESENTATION_CONTEXT('2D SPACE',''
  ) );
#233 = PCURVE('',#72,#234);
#234 = DEFINITIONAL_REPRESENTATION('',(#235),#239);
#235 = LINE('',#236,#237);
#236 = CARTESIAN_POINT('',(-110.,-125.3709509144));
#237 = VECTOR('',#238,1.);
#238 = DIRECTION('',(0.,1.));
#239 = ( GEOMETRIC_REPRESENTATION_CONTEXT(2) 
PARAMETRIC_REPRESENTATION_CONTEXT() REPRESENTATION_CONTEXT('2D SPACE',''
  ) );
#240 = ORIENTED_EDGE('',*,*,#241,.F.);
#241 = EDGE_CURVE('',#242,#219,#244,.T.);
#242 = VERTEX_POINT('',#243);
#243 = CARTESIAN_POINT('',(6.89E+03,-282.,110.));
#244 = SURFACE_CURVE('',#245,(#249,#256),.PCURVE_S1.);
#245 = LINE('',#246,#247);
#246 = CARTESIAN_POINT('',(6.89E+03,-282.,110.));
#247 = VECTOR('',#248,1.);
#248 = DIRECTION('',(-0.,1.,-0.));
#249 = PCURVE('',#100,#250);
#250 = DEFINITIONAL_REPRESENTATION('',(#251),#255);
#251 = LINE('',#252,#253);
#252 = CARTESIAN_POINT('',(110.,0.));
#253 = VECTOR('',#254,1.);
#254 = DIRECTION('',(0.,-1.));
#255 = ( GEOMETRIC_REPRESENTATION_CONTEXT(2) 
PARAMETRIC_REPRESENTATION_CONTEXT() REPRESENTATION_CONTEXT('2D SPACE',''
  ) );
#256 = PCURVE('',#257,#262);
#257 = PLANE('',#258);
#258 = AXIS2_PLACEMENT_3D('',#259,#260,#261);
#259 = CARTESIAN_POINT('',(6.89E+03,-282.,110.));
#260 = DIRECTION('',(0.,0.,-1.));
#261 = DIRECTION('',(1.,0.,0.));
#262 = DEFINITIONAL_REPRESENTATION('',(#263),#267);
#263 = LINE('',#264,#265);
#264 = CARTESIAN_POINT('',(0.,0.));
#265 = VECTOR('',#266,1.);
#266 = DIRECTION('',(0.,-1.));
#267 = ( GEOMETRIC_REPRESENTATION_CONTEXT(2) 
PARAMETRIC_REPRESENTATION_CONTEXT() REPRESENTATION_CONTEXT('2D SPACE',''
  ) );
#268 = ORIENTED_EDGE('',*,*,#269,.F.);
#269 = EDGE_CURVE('',#85,#242,#270,.T.);
#270 = SURFACE_CURVE('',#271,(#275,#282),.PCURVE_S1.);
#271 = LINE('',#272,#273);
#272 = CARTESIAN_POINT('',(6.89E+03,-282.,0.));
#273 = VECTOR('',#274,1.);
#274 = DIRECTION('',(0.,0.,1.));
#275 = PCURVE('',#100,#276);
#276 = DEFINITIONAL_REPRESENTATION('',(#277),#281);
#277 = LINE('',#278,#279);
#278 = CARTESIAN_POINT('',(0.,0.));
#279 = VECTOR('',#280,1.);
#280 = DIRECTION('',(1.,0.));
#281 = ( GEOMETRIC_REPRESENTATION_CONTEXT(2) 
PARAMETRIC_REPRESENTATION_CONTEXT() REPRESENTATION_CONTEXT('2D SPACE',''
  ) );
#282 = PCURVE('',#126,#283);
#283 = DEFINITIONAL_REPRESENTATION('',(#284),#288);
#284 = LINE('',#285,#286);
#285 = CARTESIAN_POINT('',(-110.,-125.3709509144));
#286 = VECTOR('',#287,1.);
#287 = DIRECTION('',(0.,1.));
#288 = ( GEOMETRIC_REPRESENTATION_CONTEXT(2) 
PARAMETRIC_REPRESENTATION_CONTEXT() REPRESENTATION_CONTEXT('2D SPACE',''
  ) );
#289 = ADVANCED_FACE('',(#290),#126,.T.);
#290 = FACE_BOUND('',#291,.T.);
#291 = EDGE_LOOP('',(#292,#293,#294,#295,#318,#347,#375,#403,#431,#459,
    #487,#515));
#292 = ORIENTED_EDGE('',*,*,#193,.T.);
#293 = ORIENTED_EDGE('',*,*,#112,.T.);
#294 = ORIENTED_EDGE('',*,*,#269,.T.);
#295 = ORIENTED_EDGE('',*,*,#296,.T.);
#296 = EDGE_CURVE('',#242,#297,#299,.T.);
#297 = VERTEX_POINT('',#298);
#298 = CARTESIAN_POINT('',(6.9895E+03,-282.,110.));
#299 = SURFACE_CURVE('',#300,(#304,#311),.PCURVE_S1.);
#300 = LINE('',#301,#302);
#301 = CARTESIAN_POINT('',(6.89E+03,-282.,110.));
#302 = VECTOR('',#303,1.);
#303 = DIRECTION('',(1.,0.,0.));
#304 = PCURVE('',#126,#305);
#305 = DEFINITIONAL_REPRESENTATION('',(#306),#310);
#306 = LINE('',#307,#308);
#307 = CARTESIAN_POINT('',(-110.,-15.37095091448));
#308 = VECTOR('',#309,1.);
#309 = DIRECTION('',(1.,0.));
#310 = ( GEOMETRIC_REPRESENTATION_CONTEXT(2) 
PARAMETRIC_REPRESENTATION_CONTEXT() REPRESENTATION_CONTEXT('2D SPACE',''
  ) );
#311 = PCURVE('',#257,#312);
#312 = DEFINITIONAL_REPRESENTATION('',(#313),#317);
#313 = LINE('',#314,#315);
#314 = CARTESIAN_POINT('',(0.,0.));
#315 = VECTOR('',#316,1.);
#316 = DIRECTION('',(1.,0.));
#317 = ( GEOMETRIC_REPRESENTATION_CONTEXT(2) 
PARAMETRIC_REPRESENTATION_CONTEXT() REPRESENTATION_CONTEXT('2D SPACE',''
  ) );
#318 = ORIENTED_EDGE('',*,*,#319,.F.);
#319 = EDGE_CURVE('',#320,#297,#322,.T.);
#320 = VERTEX_POINT('',#321);
#321 = CARTESIAN_POINT('',(7.0105E+03,-282.,110.));
#322 = SURFACE_CURVE('',#323,(#328,#335),.PCURVE_S1.);
#323 = CIRCLE('',#324,10.5);
#324 = AXIS2_PLACEMENT_3D('',#325,#326,#327);
#325 = CARTESIAN_POINT('',(7.E+03,-282.,110.));
#326 = DIRECTION('',(0.,-1.,2.22044604925E-16));
#327 = DIRECTION('',(1.,0.,0.));
#328 = PCURVE('',#126,#329);
#329 = DEFINITIONAL_REPRESENTATION('',(#330),#334);
#330 = CIRCLE('',#331,10.5);
#331 = AXIS2_PLACEMENT_2D('',#332,#333);
#332 = CARTESIAN_POINT('',(0.,-15.37095091448));
#333 = DIRECTION('',(1.,0.));
#334 = ( GEOMETRIC_REPRESENTATION_CONTEXT(2) 
PARAMETRIC_REPRESENTATION_CONTEXT() REPRESENTATION_CONTEXT('2D SPACE',''
  ) );
#335 = PCURVE('',#336,#341);
#336 = CYLINDRICAL_SURFACE('',#337,10.5);
#337 = AXIS2_PLACEMENT_3D('',#338,#339,#340);
#338 = CARTESIAN_POINT('',(7.E+03,-263.,110.));
#339 = DIRECTION('',(0.,-1.,2.22044604925E-16));
#340 = DIRECTION('',(1.,0.,0.));
#341 = DEFINITIONAL_REPRESENTATION('',(#342),#346);
#342 = LINE('',#343,#344);
#343 = CARTESIAN_POINT('',(0.,19.));
#344 = VECTOR('',#345,1.);
#345 = DIRECTION('',(1.,0.));
#346 = ( GEOMETRIC_REPRESENTATION_CONTEXT(2) 
PARAMETRIC_REPRESENTATION_CONTEXT() REPRESENTATION_CONTEXT('2D SPACE',''
  ) );
#347 = ORIENTED_EDGE('',*,*,#348,.T.);
#348 = EDGE_CURVE('',#320,#349,#351,.T.);
#349 = VERTEX_POINT('',#350);
#350 = CARTESIAN_POINT('',(7.11E+03,-282.,110.));
#351 = SURFACE_CURVE('',#352,(#356,#363),.PCURVE_S1.);
#352 = LINE('',#353,#354);
#353 = CARTESIAN_POINT('',(6.89E+03,-282.,110.));
#354 = VECTOR('',#355,1.);
#355 = DIRECTION('',(1.,0.,0.));
#356 = PCURVE('',#126,#357);
#357 = DEFINITIONAL_REPRESENTATION('',(#358),#362);
#358 = LINE('',#359,#360);
#359 = CARTESIAN_POINT('',(-110.,-15.37095091448));
#360 = VECTOR('',#361,1.);
#361 = DIRECTION('',(1.,0.));
#362 = ( GEOMETRIC_REPRESENTATION_CONTEXT(2) 
PARAMETRIC_REPRESENTATION_CONTEXT() REPRESENTATION_CONTEXT('2D SPACE',''
  ) );
#363 = PCURVE('',#364,#369);
#364 = PLANE('',#365);
#365 = AXIS2_PLACEMENT_3D('',#366,#367,#368);
#366 = CARTESIAN_POINT('',(6.89E+03,-282.,110.));
#367 = DIRECTION('',(0.,0.,-1.));
#368 = DIRECTION('',(1.,0.,0.));
#369 = DEFINITIONAL_REPRESENTATION('',(#370),#374);
#370 = LINE('',#371,#372);
#371 = CARTESIAN_POINT('',(0.,0.));
#372 = VECTOR('',#373,1.);
#373 = DIRECTION('',(1.,0.));
#374 = ( GEOMETRIC_REPRESENTATION_CONTEXT(2) 
PARAMETRIC_REPRESENTATION_CONTEXT() REPRESENTATION_CONTEXT('2D SPACE',''
  ) );
#375 = ORIENTED_EDGE('',*,*,#376,.T.);
#376 = EDGE_CURVE('',#349,#377,#379,.T.);
#377 = VERTEX_POINT('',#378);
#378 = CARTESIAN_POINT('',(7.11E+03,-282.,0.));
#379 = SURFACE_CURVE('',#380,(#384,#391),.PCURVE_S1.);
#380 = LINE('',#381,#382);
#381 = CARTESIAN_POINT('',(7.11E+03,-282.,110.));
#382 = VECTOR('',#383,1.);
#383 = DIRECTION('',(0.,0.,-1.));
#384 = PCURVE('',#126,#385);
#385 = DEFINITIONAL_REPRESENTATION('',(#386),#390);
#386 = LINE('',#387,#388);
#387 = CARTESIAN_POINT('',(110.,-15.37095091448));
#388 = VECTOR('',#389,1.);
#389 = DIRECTION('',(0.,-1.));
#390 = ( GEOMETRIC_REPRESENTATION_CONTEXT(2) 
PARAMETRIC_REPRESENTATION_CONTEXT() REPRESENTATION_CONTEXT('2D SPACE',''
  ) );
#391 = PCURVE('',#392,#397);
#392 = PLANE('',#393);
#393 = AXIS2_PLACEMENT_3D('',#394,#395,#396);
#394 = CARTESIAN_POINT('',(7.11E+03,-282.,110.));
#395 = DIRECTION('',(-1.,-0.,-0.));
#396 = DIRECTION('',(0.,0.,-1.));
#397 = DEFINITIONAL_REPRESENTATION('',(#398),#402);
#398 = LINE('',#399,#400);
#399 = CARTESIAN_POINT('',(0.,0.));
#400 = VECTOR('',#401,1.);
#401 = DIRECTION('',(1.,0.));
#402 = ( GEOMETRIC_REPRESENTATION_CONTEXT(2) 
PARAMETRIC_REPRESENTATION_CONTEXT() REPRESENTATION_CONTEXT('2D SPACE',''
  ) );
#403 = ORIENTED_EDGE('',*,*,#404,.T.);
#404 = EDGE_CURVE('',#377,#405,#407,.T.);
#405 = VERTEX_POINT('',#406);
#406 = CARTESIAN_POINT('',(7.42E+03,-282.,0.));
#407 = SURFACE_CURVE('',#408,(#412,#419),.PCURVE_S1.);
#408 = LINE('',#409,#410);
#409 = CARTESIAN_POINT('',(7.11E+03,-282.,0.));
#410 = VECTOR('',#411,1.);
#411 = DIRECTION('',(1.,0.,0.));
#412 = PCURVE('',#126,#413);
#413 = DEFINITIONAL_REPRESENTATION('',(#414),#418);
#414 = LINE('',#415,#416);
#415 = CARTESIAN_POINT('',(110.,-125.3709509144));
#416 = VECTOR('',#417,1.);
#417 = DIRECTION('',(1.,0.));
#418 = ( GEOMETRIC_REPRESENTATION_CONTEXT(2) 
PARAMETRIC_REPRESENTATION_CONTEXT() REPRESENTATION_CONTEXT('2D SPACE',''
  ) );
#419 = PCURVE('',#420,#425);
#420 = PLANE('',#421);
#421 = AXIS2_PLACEMENT_3D('',#422,#423,#424);
#422 = CARTESIAN_POINT('',(7.11E+03,-282.,0.));
#423 = DIRECTION('',(0.,0.,-1.));
#424 = DIRECTION('',(1.,0.,0.));
#425 = DEFINITIONAL_REPRESENTATION('',(#426),#430);
#426 = LINE('',#427,#428);
#427 = CARTESIAN_POINT('',(0.,0.));
#428 = VECTOR('',#429,1.);
#429 = DIRECTION('',(1.,0.));
#430 = ( GEOMETRIC_REPRESENTATION_CONTEXT(2) 
PARAMETRIC_REPRESENTATION_CONTEXT() REPRESENTATION_CONTEXT('2D SPACE',''
  ) );
#431 = ORIENTED_EDGE('',*,*,#432,.T.);
#432 = EDGE_CURVE('',#405,#433,#435,.T.);
#433 = VERTEX_POINT('',#434);
#434 = CARTESIAN_POINT('',(7.42E+03,-282.,12.));
#435 = SURFACE_CURVE('',#436,(#440,#447),.PCURVE_S1.);
#436 = LINE('',#437,#438);
#437 = CARTESIAN_POINT('',(7.42E+03,-282.,0.));
#438 = VECTOR('',#439,1.);
#439 = DIRECTION('',(0.,0.,1.));
#440 = PCURVE('',#126,#441);
#441 = DEFINITIONAL_REPRESENTATION('',(#442),#446);
#442 = LINE('',#443,#444);
#443 = CARTESIAN_POINT('',(420.,-125.3709509144));
#444 = VECTOR('',#445,1.);
#445 = DIRECTION('',(0.,1.));
#446 = ( GEOMETRIC_REPRESENTATION_CONTEXT(2) 
PARAMETRIC_REPRESENTATION_CONTEXT() REPRESENTATION_CONTEXT('2D SPACE',''
  ) );
#447 = PCURVE('',#448,#453);
#448 = PLANE('',#449);
#449 = AXIS2_PLACEMENT_3D('',#450,#451,#452);
#450 = CARTESIAN_POINT('',(7.42E+03,-282.,0.));
#451 = DIRECTION('',(1.,0.,-0.));
#452 = DIRECTION('',(0.,0.,1.));
#453 = DEFINITIONAL_REPRESENTATION('',(#454),#458);
#454 = LINE('',#455,#456);
#455 = CARTESIAN_POINT('',(0.,0.));
#456 = VECTOR('',#457,1.);
#457 = DIRECTION('',(1.,0.));
#458 = ( GEOMETRIC_REPRESENTATION_CONTEXT(2) 
PARAMETRIC_REPRESENTATION_CONTEXT() REPRESENTATION_CONTEXT('2D SPACE',''
  ) );
#459 = ORIENTED_EDGE('',*,*,#460,.T.);
#460 = EDGE_CURVE('',#433,#461,#463,.T.);
#461 = VERTEX_POINT('',#462);
#462 = CARTESIAN_POINT('',(7.15E+03,-282.,330.));
#463 = SURFACE_CURVE('',#464,(#468,#475),.PCURVE_S1.);
#464 = LINE('',#465,#466);
#465 = CARTESIAN_POINT('',(7.42E+03,-282.,12.));
#466 = VECTOR('',#467,1.);
#467 = DIRECTION('',(-0.647230821936,0.,0.762294079169));
#468 = PCURVE('',#126,#469);
#469 = DEFINITIONAL_REPRESENTATION('',(#470),#474);
#470 = LINE('',#471,#472);
#471 = CARTESIAN_POINT('',(420.,-113.3709509144));
#472 = VECTOR('',#473,1.);
#473 = DIRECTION('',(-0.647230821936,0.762294079169));
#474 = ( GEOMETRIC_REPRESENTATION_CONTEXT(2) 
PARAMETRIC_REPRESENTATION_CONTEXT() REPRESENTATION_CONTEXT('2D SPACE',''
  ) );
#475 = PCURVE('',#476,#481);
#476 = PLANE('',#477);
#477 = AXIS2_PLACEMENT_3D('',#478,#479,#480);
#478 = CARTESIAN_POINT('',(7.42E+03,-282.,12.));
#479 = DIRECTION('',(0.762294079169,0.,0.647230821936));
#480 = DIRECTION('',(-0.647230821936,0.,0.762294079169));
#481 = DEFINITIONAL_REPRESENTATION('',(#482),#486);
#482 = LINE('',#483,#484);
#483 = CARTESIAN_POINT('',(0.,0.));
#484 = VECTOR('',#485,1.);
#485 = DIRECTION('',(1.,0.));
#486 = ( GEOMETRIC_REPRESENTATION_CONTEXT(2) 
PARAMETRIC_REPRESENTATION_CONTEXT() REPRESENTATION_CONTEXT('2D SPACE',''
  ) );
#487 = ORIENTED_EDGE('',*,*,#488,.T.);
#488 = EDGE_CURVE('',#461,#489,#491,.T.);
#489 = VERTEX_POINT('',#490);
#490 = CARTESIAN_POINT('',(6.85E+03,-282.,330.));
#491 = SURFACE_CURVE('',#492,(#496,#503),.PCURVE_S1.);
#492 = LINE('',#493,#494);
#493 = CARTESIAN_POINT('',(7.15E+03,-282.,330.));
#494 = VECTOR('',#495,1.);
#495 = DIRECTION('',(-1.,0.,0.));
#496 = PCURVE('',#126,#497);
#497 = DEFINITIONAL_REPRESENTATION('',(#498),#502);
#498 = LINE('',#499,#500);
#499 = CARTESIAN_POINT('',(150.,204.62904908551));
#500 = VECTOR('',#501,1.);
#501 = DIRECTION('',(-1.,0.));
#502 = ( GEOMETRIC_REPRESENTATION_CONTEXT(2) 
PARAMETRIC_REPRESENTATION_CONTEXT() REPRESENTATION_CONTEXT('2D SPACE',''
  ) );
#503 = PCURVE('',#504,#509);
#504 = PLANE('',#505);
#505 = AXIS2_PLACEMENT_3D('',#506,#507,#508);
#506 = CARTESIAN_POINT('',(7.15E+03,-282.,330.));
#507 = DIRECTION('',(0.,0.,1.));
#508 = DIRECTION('',(-1.,0.,0.));
#509 = DEFINITIONAL_REPRESENTATION('',(#510),#514);
#510 = LINE('',#511,#512);
#511 = CARTESIAN_POINT('',(0.,0.));
#512 = VECTOR('',#513,1.);
#513 = DIRECTION('',(1.,0.));
#514 = ( GEOMETRIC_REPRESENTATION_CONTEXT(2) 
PARAMETRIC_REPRESENTATION_CONTEXT() REPRESENTATION_CONTEXT('2D SPACE',''
  ) );
#515 = ORIENTED_EDGE('',*,*,#516,.T.);
#516 = EDGE_CURVE('',#489,#142,#517,.T.);
#517 = SURFACE_CURVE('',#518,(#522,#529),.PCURVE_S1.);
#518 = LINE('',#519,#520);
#519 = CARTESIAN_POINT('',(6.85E+03,-282.,330.));
#520 = VECTOR('',#521,1.);
#521 = DIRECTION('',(-0.647230821936,-0.,-0.762294079169));
#522 = PCURVE('',#126,#523);
#523 = DEFINITIONAL_REPRESENTATION('',(#524),#528);
#524 = LINE('',#525,#526);
#525 = CARTESIAN_POINT('',(-150.,204.62904908551));
#526 = VECTOR('',#527,1.);
#527 = DIRECTION('',(-0.647230821936,-0.762294079169));
#528 = ( GEOMETRIC_REPRESENTATION_CONTEXT(2) 
PARAMETRIC_REPRESENTATION_CONTEXT() REPRESENTATION_CONTEXT('2D SPACE',''
  ) );
#529 = PCURVE('',#159,#530);
#530 = DEFINITIONAL_REPRESENTATION('',(#531),#535);
#531 = LINE('',#532,#533);
#532 = CARTESIAN_POINT('',(0.,0.));
#533 = VECTOR('',#534,1.);
#534 = DIRECTION('',(1.,0.));
#535 = ( GEOMETRIC_REPRESENTATION_CONTEXT(2) 
PARAMETRIC_REPRESENTATION_CONTEXT() REPRESENTATION_CONTEXT('2D SPACE',''
  ) );
#536 = ADVANCED_FACE('',(#537),#72,.F.);
#537 = FACE_BOUND('',#538,.F.);
#538 = EDGE_LOOP('',(#539,#540,#541,#542,#565,#589,#612,#635,#658,#681,
    #704,#727));
#539 = ORIENTED_EDGE('',*,*,#171,.T.);
#540 = ORIENTED_EDGE('',*,*,#56,.T.);
#541 = ORIENTED_EDGE('',*,*,#218,.T.);
#542 = ORIENTED_EDGE('',*,*,#543,.T.);
#543 = EDGE_CURVE('',#219,#544,#546,.T.);
#544 = VERTEX_POINT('',#545);
#545 = CARTESIAN_POINT('',(6.9895E+03,-264.,110.));
#546 = SURFACE_CURVE('',#547,(#551,#558),.PCURVE_S1.);
#547 = LINE('',#548,#549);
#548 = CARTESIAN_POINT('',(6.89E+03,-264.,110.));
#549 = VECTOR('',#550,1.);
#550 = DIRECTION('',(1.,0.,0.));
#551 = PCURVE('',#72,#552);
#552 = DEFINITIONAL_REPRESENTATION('',(#553),#557);
#553 = LINE('',#554,#555);
#554 = CARTESIAN_POINT('',(-110.,-15.37095091448));
#555 = VECTOR('',#556,1.);
#556 = DIRECTION('',(1.,0.));
#557 = ( GEOMETRIC_REPRESENTATION_CONTEXT(2) 
PARAMETRIC_REPRESENTATION_CONTEXT() REPRESENTATION_CONTEXT('2D SPACE',''
  ) );
#558 = PCURVE('',#257,#559);
#559 = DEFINITIONAL_REPRESENTATION('',(#560),#564);
#560 = LINE('',#561,#562);
#561 = CARTESIAN_POINT('',(0.,-18.));
#562 = VECTOR('',#563,1.);
#563 = DIRECTION('',(1.,0.));
#564 = ( GEOMETRIC_REPRESENTATION_CONTEXT(2) 
PARAMETRIC_REPRESENTATION_CONTEXT() REPRESENTATION_CONTEXT('2D SPACE',''
  ) );
#565 = ORIENTED_EDGE('',*,*,#566,.F.);
#566 = EDGE_CURVE('',#567,#544,#569,.T.);
#567 = VERTEX_POINT('',#568);
#568 = CARTESIAN_POINT('',(7.0105E+03,-264.,110.));
#569 = SURFACE_CURVE('',#570,(#575,#582),.PCURVE_S1.);
#570 = CIRCLE('',#571,10.5);
#571 = AXIS2_PLACEMENT_3D('',#572,#573,#574);
#572 = CARTESIAN_POINT('',(7.E+03,-264.,110.));
#573 = DIRECTION('',(0.,-1.,2.22044604925E-16));
#574 = DIRECTION('',(1.,0.,0.));
#575 = PCURVE('',#72,#576);
#576 = DEFINITIONAL_REPRESENTATION('',(#577),#581);
#577 = CIRCLE('',#578,10.5);
#578 = AXIS2_PLACEMENT_2D('',#579,#580);
#579 = CARTESIAN_POINT('',(0.,-15.37095091448));
#580 = DIRECTION('',(1.,0.));
#581 = ( GEOMETRIC_REPRESENTATION_CONTEXT(2) 
PARAMETRIC_REPRESENTATION_CONTEXT() REPRESENTATION_CONTEXT('2D SPACE',''
  ) );
#582 = PCURVE('',#336,#583);
#583 = DEFINITIONAL_REPRESENTATION('',(#584),#588);
#584 = LINE('',#585,#586);
#585 = CARTESIAN_POINT('',(0.,1.));
#586 = VECTOR('',#587,1.);
#587 = DIRECTION('',(1.,0.));
#588 = ( GEOMETRIC_REPRESENTATION_CONTEXT(2) 
PARAMETRIC_REPRESENTATION_CONTEXT() REPRESENTATION_CONTEXT('2D SPACE',''
  ) );
#589 = ORIENTED_EDGE('',*,*,#590,.T.);
#590 = EDGE_CURVE('',#567,#591,#593,.T.);
#591 = VERTEX_POINT('',#592);
#592 = CARTESIAN_POINT('',(7.11E+03,-264.,110.));
#593 = SURFACE_CURVE('',#594,(#598,#605),.PCURVE_S1.);
#594 = LINE('',#595,#596);
#595 = CARTESIAN_POINT('',(6.89E+03,-264.,110.));
#596 = VECTOR('',#597,1.);
#597 = DIRECTION('',(1.,0.,0.));
#598 = PCURVE('',#72,#599);
#599 = DEFINITIONAL_REPRESENTATION('',(#600),#604);
#600 = LINE('',#601,#602);
#601 = CARTESIAN_POINT('',(-110.,-15.37095091448));
#602 = VECTOR('',#603,1.);
#603 = DIRECTION('',(1.,0.));
#604 = ( GEOMETRIC_REPRESENTATION_CONTEXT(2) 
PARAMETRIC_REPRESENTATION_CONTEXT() REPRESENTATION_CONTEXT('2D SPACE',''
  ) );
#605 = PCURVE('',#364,#606);
#606 = DEFINITIONAL_REPRESENTATION('',(#607),#611);
#607 = LINE('',#608,#609);
#608 = CARTESIAN_POINT('',(0.,-18.));
#609 = VECTOR('',#610,1.);
#610 = DIRECTION('',(1.,0.));
#611 = ( GEOMETRIC_REPRESENTATION_CONTEXT(2) 
PARAMETRIC_REPRESENTATION_CONTEXT() REPRESENTATION_CONTEXT('2D SPACE',''
  ) );
#612 = ORIENTED_EDGE('',*,*,#613,.T.);
#613 = EDGE_CURVE('',#591,#614,#616,.T.);
#614 = VERTEX_POINT('',#615);
#615 = CARTESIAN_POINT('',(7.11E+03,-264.,0.));
#616 = SURFACE_CURVE('',#617,(#621,#628),.PCURVE_S1.);
#617 = LINE('',#618,#619);
#618 = CARTESIAN_POINT('',(7.11E+03,-264.,110.));
#619 = VECTOR('',#620,1.);
#620 = DIRECTION('',(0.,0.,-1.));
#621 = PCURVE('',#72,#622);
#622 = DEFINITIONAL_REPRESENTATION('',(#623),#627);
#623 = LINE('',#624,#625);
#624 = CARTESIAN_POINT('',(110.,-15.37095091448));
#625 = VECTOR('',#626,1.);
#626 = DIRECTION('',(0.,-1.));
#627 = ( GEOMETRIC_REPRESENTATION_CONTEXT(2) 
PARAMETRIC_REPRESENTATION_CONTEXT() REPRESENTATION_CONTEXT('2D SPACE',''
  ) );
#628 = PCURVE('',#392,#629);
#629 = DEFINITIONAL_REPRESENTATION('',(#630),#634);
#630 = LINE('',#631,#632);
#631 = CARTESIAN_POINT('',(0.,-18.));
#632 = VECTOR('',#633,1.);
#633 = DIRECTION('',(1.,0.));
#634 = ( GEOMETRIC_REPRESENTATION_CONTEXT(2) 
PARAMETRIC_REPRESENTATION_CONTEXT() REPRESENTATION_CONTEXT('2D SPACE',''
  ) );
#635 = ORIENTED_EDGE('',*,*,#636,.T.);
#636 = EDGE_CURVE('',#614,#637,#639,.T.);
#637 = VERTEX_POINT('',#638);
#638 = CARTESIAN_POINT('',(7.42E+03,-264.,0.));
#639 = SURFACE_CURVE('',#640,(#644,#651),.PCURVE_S1.);
#640 = LINE('',#641,#642);
#641 = CARTESIAN_POINT('',(7.11E+03,-264.,0.));
#642 = VECTOR('',#643,1.);
#643 = DIRECTION('',(1.,0.,0.));
#644 = PCURVE('',#72,#645);
#645 = DEFINITIONAL_REPRESENTATION('',(#646),#650);
#646 = LINE('',#647,#648);
#647 = CARTESIAN_POINT('',(110.,-125.3709509144));
#648 = VECTOR('',#649,1.);
#649 = DIRECTION('',(1.,0.));
#650 = ( GEOMETRIC_REPRESENTATION_CONTEXT(2) 
PARAMETRIC_REPRESENTATION_CONTEXT() REPRESENTATION_CONTEXT('2D SPACE',''
  ) );
#651 = PCURVE('',#420,#652);
#652 = DEFINITIONAL_REPRESENTATION('',(#653),#657);
#653 = LINE('',#654,#655);
#654 = CARTESIAN_POINT('',(0.,-18.));
#655 = VECTOR('',#656,1.);
#656 = DIRECTION('',(1.,0.));
#657 = ( GEOMETRIC_REPRESENTATION_CONTEXT(2) 
PARAMETRIC_REPRESENTATION_CONTEXT() REPRESENTATION_CONTEXT('2D SPACE',''
  ) );
#658 = ORIENTED_EDGE('',*,*,#659,.T.);
#659 = EDGE_CURVE('',#637,#660,#662,.T.);
#660 = VERTEX_POINT('',#661);
#661 = CARTESIAN_POINT('',(7.42E+03,-264.,12.));
#662 = SURFACE_CURVE('',#663,(#667,#674),.PCURVE_S1.);
#663 = LINE('',#664,#665);
#664 = CARTESIAN_POINT('',(7.42E+03,-264.,0.));
#665 = VECTOR('',#666,1.);
#666 = DIRECTION('',(0.,0.,1.));
#667 = PCURVE('',#72,#668);
#668 = DEFINITIONAL_REPRESENTATION('',(#669),#673);
#669 = LINE('',#670,#671);
#670 = CARTESIAN_POINT('',(420.,-125.3709509144));
#671 = VECTOR('',#672,1.);
#672 = DIRECTION('',(0.,1.));
#673 = ( GEOMETRIC_REPRESENTATION_CONTEXT(2) 
PARAMETRIC_REPRESENTATION_CONTEXT() REPRESENTATION_CONTEXT('2D SPACE',''
  ) );
#674 = PCURVE('',#448,#675);
#675 = DEFINITIONAL_REPRESENTATION('',(#676),#680);
#676 = LINE('',#677,#678);
#677 = CARTESIAN_POINT('',(0.,-18.));
#678 = VECTOR('',#679,1.);
#679 = DIRECTION('',(1.,0.));
#680 = ( GEOMETRIC_REPRESENTATION_CONTEXT(2) 
PARAMETRIC_REPRESENTATION_CONTEXT() REPRESENTATION_CONTEXT('2D SPACE',''
  ) );
#681 = ORIENTED_EDGE('',*,*,#682,.T.);
#682 = EDGE_CURVE('',#660,#683,#685,.T.);
#683 = VERTEX_POINT('',#684);
#684 = CARTESIAN_POINT('',(7.15E+03,-264.,330.));
#685 = SURFACE_CURVE('',#686,(#690,#697),.PCURVE_S1.);
#686 = LINE('',#687,#688);
#687 = CARTESIAN_POINT('',(7.42E+03,-264.,12.));
#688 = VECTOR('',#689,1.);
#689 = DIRECTION('',(-0.647230821936,0.,0.762294079169));
#690 = PCURVE('',#72,#691);
#691 = DEFINITIONAL_REPRESENTATION('',(#692),#696);
#692 = LINE('',#693,#694);
#693 = CARTESIAN_POINT('',(420.,-113.3709509144));
#694 = VECTOR('',#695,1.);
#695 = DIRECTION('',(-0.647230821936,0.762294079169));
#696 = ( GEOMETRIC_REPRESENTATION_CONTEXT(2) 
PARAMETRIC_REPRESENTATION_CONTEXT() REPRESENTATION_CONTEXT('2D SPACE',''
  ) );
#697 = PCURVE('',#476,#698);
#698 = DEFINITIONAL_REPRESENTATION('',(#699),#703);
#699 = LINE('',#700,#701);
#700 = CARTESIAN_POINT('',(0.,-18.));
#701 = VECTOR('',#702,1.);
#702 = DIRECTION('',(1.,0.));
#703 = ( GEOMETRIC_REPRESENTATION_CONTEXT(2) 
PARAMETRIC_REPRESENTATION_CONTEXT() REPRESENTATION_CONTEXT('2D SPACE',''
  ) );
#704 = ORIENTED_EDGE('',*,*,#705,.T.);
#705 = EDGE_CURVE('',#683,#706,#708,.T.);
#706 = VERTEX_POINT('',#707);
#707 = CARTESIAN_POINT('',(6.85E+03,-264.,330.));
#708 = SURFACE_CURVE('',#709,(#713,#720),.PCURVE_S1.);
#709 = LINE('',#710,#711);
#710 = CARTESIAN_POINT('',(7.15E+03,-264.,330.));
#711 = VECTOR('',#712,1.);
#712 = DIRECTION('',(-1.,0.,0.));
#713 = PCURVE('',#72,#714);
#714 = DEFINITIONAL_REPRESENTATION('',(#715),#719);
#715 = LINE('',#716,#717);
#716 = CARTESIAN_POINT('',(150.,204.62904908551));
#717 = VECTOR('',#718,1.);
#718 = DIRECTION('',(-1.,0.));
#719 = ( GEOMETRIC_REPRESENTATION_CONTEXT(2) 
PARAMETRIC_REPRESENTATION_CONTEXT() REPRESENTATION_CONTEXT('2D SPACE',''
  ) );
#720 = PCURVE('',#504,#721);
#721 = DEFINITIONAL_REPRESENTATION('',(#722),#726);
#722 = LINE('',#723,#724);
#723 = CARTESIAN_POINT('',(0.,-18.));
#724 = VECTOR('',#725,1.);
#725 = DIRECTION('',(1.,0.));
#726 = ( GEOMETRIC_REPRESENTATION_CONTEXT(2) 
PARAMETRIC_REPRESENTATION_CONTEXT() REPRESENTATION_CONTEXT('2D SPACE',''
  ) );
#727 = ORIENTED_EDGE('',*,*,#728,.T.);
#728 = EDGE_CURVE('',#706,#144,#729,.T.);
#729 = SURFACE_CURVE('',#730,(#734,#741),.PCURVE_S1.);
#730 = LINE('',#731,#732);
#731 = CARTESIAN_POINT('',(6.85E+03,-264.,330.));
#732 = VECTOR('',#733,1.);
#733 = DIRECTION('',(-0.647230821936,-0.,-0.762294079169));
#734 = PCURVE('',#72,#735);
#735 = DEFINITIONAL_REPRESENTATION('',(#736),#740);
#736 = LINE('',#737,#738);
#737 = CARTESIAN_POINT('',(-150.,204.62904908551));
#738 = VECTOR('',#739,1.);
#739 = DIRECTION('',(-0.647230821936,-0.762294079169));
#740 = ( GEOMETRIC_REPRESENTATION_CONTEXT(2) 
PARAMETRIC_REPRESENTATION_CONTEXT() REPRESENTATION_CONTEXT('2D SPACE',''
  ) );
#741 = PCURVE('',#159,#742);
#742 = DEFINITIONAL_REPRESENTATION('',(#743),#747);
#743 = LINE('',#744,#745);
#744 = CARTESIAN_POINT('',(0.,-18.));
#745 = VECTOR('',#746,1.);
#746 = DIRECTION('',(1.,0.));
#747 = ( GEOMETRIC_REPRESENTATION_CONTEXT(2) 
PARAMETRIC_REPRESENTATION_CONTEXT() REPRESENTATION_CONTEXT('2D SPACE',''
  ) );
#748 = ADVANCED_FACE('',(#749),#159,.T.);
#749 = FACE_BOUND('',#750,.T.);
#750 = EDGE_LOOP('',(#751,#772,#773,#774));
#751 = ORIENTED_EDGE('',*,*,#752,.T.);
#752 = EDGE_CURVE('',#489,#706,#753,.T.);
#753 = SURFACE_CURVE('',#754,(#758,#765),.PCURVE_S1.);
#754 = LINE('',#755,#756);
#755 = CARTESIAN_POINT('',(6.85E+03,-282.,330.));
#756 = VECTOR('',#757,1.);
#757 = DIRECTION('',(-0.,1.,-0.));
#758 = PCURVE('',#159,#759);
#759 = DEFINITIONAL_REPRESENTATION('',(#760),#764);
#760 = LINE('',#761,#762);
#761 = CARTESIAN_POINT('',(0.,0.));
#762 = VECTOR('',#763,1.);
#763 = DIRECTION('',(0.,-1.));
#764 = ( GEOMETRIC_REPRESENTATION_CONTEXT(2) 
PARAMETRIC_REPRESENTATION_CONTEXT() REPRESENTATION_CONTEXT('2D SPACE',''
  ) );
#765 = PCURVE('',#504,#766);
#766 = DEFINITIONAL_REPRESENTATION('',(#767),#771);
#767 = LINE('',#768,#769);
#768 = CARTESIAN_POINT('',(300.,0.));
#769 = VECTOR('',#770,1.);
#770 = DIRECTION('',(0.,-1.));
#771 = ( GEOMETRIC_REPRESENTATION_CONTEXT(2) 
PARAMETRIC_REPRESENTATION_CONTEXT() REPRESENTATION_CONTEXT('2D SPACE',''
  ) );
#772 = ORIENTED_EDGE('',*,*,#728,.T.);
#773 = ORIENTED_EDGE('',*,*,#141,.F.);
#774 = ORIENTED_EDGE('',*,*,#516,.F.);
#775 = ADVANCED_FACE('',(#776),#257,.T.);
#776 = FACE_BOUND('',#777,.T.);
#777 = EDGE_LOOP('',(#778,#779,#780,#781));
#778 = ORIENTED_EDGE('',*,*,#296,.F.);
#779 = ORIENTED_EDGE('',*,*,#241,.T.);
#780 = ORIENTED_EDGE('',*,*,#543,.T.);
#781 = ORIENTED_EDGE('',*,*,#782,.T.);
#782 = EDGE_CURVE('',#544,#297,#783,.T.);
#783 = SURFACE_CURVE('',#784,(#788,#794),.PCURVE_S1.);
#784 = LINE('',#785,#786);
#785 = CARTESIAN_POINT('',(6.9895E+03,-263.,110.));
#786 = VECTOR('',#787,1.);
#787 = DIRECTION('',(0.,-1.,2.22044604925E-16));
#788 = PCURVE('',#257,#789);
#789 = DEFINITIONAL_REPRESENTATION('',(#790),#793);
#790 = B_SPLINE_CURVE_WITH_KNOTS('',1,(#791,#792),.UNSPECIFIED.,.F.,.F.,
  (2,2),(-6.000000212225E-07,20.0000006),.PIECEWISE_BEZIER_KNOTS.);
#791 = CARTESIAN_POINT('',(99.5,-19.0000006));
#792 = CARTESIAN_POINT('',(99.5,1.0000006));
#793 = ( GEOMETRIC_REPRESENTATION_CONTEXT(2) 
PARAMETRIC_REPRESENTATION_CONTEXT() REPRESENTATION_CONTEXT('2D SPACE',''
  ) );
#794 = PCURVE('',#336,#795);
#795 = DEFINITIONAL_REPRESENTATION('',(#796),#799);
#796 = B_SPLINE_CURVE_WITH_KNOTS('',1,(#797,#798),.UNSPECIFIED.,.F.,.F.,
  (2,2),(-6.000000212225E-07,20.0000006),.PIECEWISE_BEZIER_KNOTS.);
#797 = CARTESIAN_POINT('',(3.14159265359,-6.000000212225E-07));
#798 = CARTESIAN_POINT('',(3.14159265359,20.0000006));
#799 = ( GEOMETRIC_REPRESENTATION_CONTEXT(2) 
PARAMETRIC_REPRESENTATION_CONTEXT() REPRESENTATION_CONTEXT('2D SPACE',''
  ) );
#800 = ADVANCED_FACE('',(#801),#504,.T.);
#801 = FACE_BOUND('',#802,.T.);
#802 = EDGE_LOOP('',(#803,#824,#825,#826));
#803 = ORIENTED_EDGE('',*,*,#804,.T.);
#804 = EDGE_CURVE('',#461,#683,#805,.T.);
#805 = SURFACE_CURVE('',#806,(#810,#817),.PCURVE_S1.);
#806 = LINE('',#807,#808);
#807 = CARTESIAN_POINT('',(7.15E+03,-282.,330.));
#808 = VECTOR('',#809,1.);
#809 = DIRECTION('',(-0.,1.,-0.));
#810 = PCURVE('',#504,#811);
#811 = DEFINITIONAL_REPRESENTATION('',(#812),#816);
#812 = LINE('',#813,#814);
#813 = CARTESIAN_POINT('',(0.,0.));
#814 = VECTOR('',#815,1.);
#815 = DIRECTION('',(0.,-1.));
#816 = ( GEOMETRIC_REPRESENTATION_CONTEXT(2) 
PARAMETRIC_REPRESENTATION_CONTEXT() REPRESENTATION_CONTEXT('2D SPACE',''
  ) );
#817 = PCURVE('',#476,#818);
#818 = DEFINITIONAL_REPRESENTATION('',(#819),#823);
#819 = LINE('',#820,#821);
#820 = CARTESIAN_POINT('',(417.16183909844,0.));
#821 = VECTOR('',#822,1.);
#822 = DIRECTION('',(0.,-1.));
#823 = ( GEOMETRIC_REPRESENTATION_CONTEXT(2) 
PARAMETRIC_REPRESENTATION_CONTEXT() REPRESENTATION_CONTEXT('2D SPACE',''
  ) );
#824 = ORIENTED_EDGE('',*,*,#705,.T.);
#825 = ORIENTED_EDGE('',*,*,#752,.F.);
#826 = ORIENTED_EDGE('',*,*,#488,.F.);
#827 = ADVANCED_FACE('',(#828),#476,.T.);
#828 = FACE_BOUND('',#829,.T.);
#829 = EDGE_LOOP('',(#830,#851,#852,#853));
#830 = ORIENTED_EDGE('',*,*,#831,.T.);
#831 = EDGE_CURVE('',#433,#660,#832,.T.);
#832 = SURFACE_CURVE('',#833,(#837,#844),.PCURVE_S1.);
#833 = LINE('',#834,#835);
#834 = CARTESIAN_POINT('',(7.42E+03,-282.,12.));
#835 = VECTOR('',#836,1.);
#836 = DIRECTION('',(-0.,1.,-0.));
#837 = PCURVE('',#476,#838);
#838 = DEFINITIONAL_REPRESENTATION('',(#839),#843);
#839 = LINE('',#840,#841);
#840 = CARTESIAN_POINT('',(0.,0.));
#841 = VECTOR('',#842,1.);
#842 = DIRECTION('',(0.,-1.));
#843 = ( GEOMETRIC_REPRESENTATION_CONTEXT(2) 
PARAMETRIC_REPRESENTATION_CONTEXT() REPRESENTATION_CONTEXT('2D SPACE',''
  ) );
#844 = PCURVE('',#448,#845);
#845 = DEFINITIONAL_REPRESENTATION('',(#846),#850);
#846 = LINE('',#847,#848);
#847 = CARTESIAN_POINT('',(12.,0.));
#848 = VECTOR('',#849,1.);
#849 = DIRECTION('',(0.,-1.));
#850 = ( GEOMETRIC_REPRESENTATION_CONTEXT(2) 
PARAMETRIC_REPRESENTATION_CONTEXT() REPRESENTATION_CONTEXT('2D SPACE',''
  ) );
#851 = ORIENTED_EDGE('',*,*,#682,.T.);
#852 = ORIENTED_EDGE('',*,*,#804,.F.);
#853 = ORIENTED_EDGE('',*,*,#460,.F.);
#854 = ADVANCED_FACE('',(#855),#448,.T.);
#855 = FACE_BOUND('',#856,.T.);
#856 = EDGE_LOOP('',(#857,#878,#879,#880));
#857 = ORIENTED_EDGE('',*,*,#858,.T.);
#858 = EDGE_CURVE('',#405,#637,#859,.T.);
#859 = SURFACE_CURVE('',#860,(#864,#871),.PCURVE_S1.);
#860 = LINE('',#861,#862);
#861 = CARTESIAN_POINT('',(7.42E+03,-282.,0.));
#862 = VECTOR('',#863,1.);
#863 = DIRECTION('',(-0.,1.,-0.));
#864 = PCURVE('',#448,#865);
#865 = DEFINITIONAL_REPRESENTATION('',(#866),#870);
#866 = LINE('',#867,#868);
#867 = CARTESIAN_POINT('',(0.,0.));
#868 = VECTOR('',#869,1.);
#869 = DIRECTION('',(0.,-1.));
#870 = ( GEOMETRIC_REPRESENTATION_CONTEXT(2) 
PARAMETRIC_REPRESENTATION_CONTEXT() REPRESENTATION_CONTEXT('2D SPACE',''
  ) );
#871 = PCURVE('',#420,#872);
#872 = DEFINITIONAL_REPRESENTATION('',(#873),#877);
#873 = LINE('',#874,#875);
#874 = CARTESIAN_POINT('',(310.,0.));
#875 = VECTOR('',#876,1.);
#876 = DIRECTION('',(0.,-1.));
#877 = ( GEOMETRIC_REPRESENTATION_CONTEXT(2) 
PARAMETRIC_REPRESENTATION_CONTEXT() REPRESENTATION_CONTEXT('2D SPACE',''
  ) );
#878 = ORIENTED_EDGE('',*,*,#659,.T.);
#879 = ORIENTED_EDGE('',*,*,#831,.F.);
#880 = ORIENTED_EDGE('',*,*,#432,.F.);
#881 = ADVANCED_FACE('',(#882),#420,.T.);
#882 = FACE_BOUND('',#883,.T.);
#883 = EDGE_LOOP('',(#884,#905,#906,#907));
#884 = ORIENTED_EDGE('',*,*,#885,.T.);
#885 = EDGE_CURVE('',#377,#614,#886,.T.);
#886 = SURFACE_CURVE('',#887,(#891,#898),.PCURVE_S1.);
#887 = LINE('',#888,#889);
#888 = CARTESIAN_POINT('',(7.11E+03,-282.,0.));
#889 = VECTOR('',#890,1.);
#890 = DIRECTION('',(-0.,1.,-0.));
#891 = PCURVE('',#420,#892);
#892 = DEFINITIONAL_REPRESENTATION('',(#893),#897);
#893 = LINE('',#894,#895);
#894 = CARTESIAN_POINT('',(0.,0.));
#895 = VECTOR('',#896,1.);
#896 = DIRECTION('',(0.,-1.));
#897 = ( GEOMETRIC_REPRESENTATION_CONTEXT(2) 
PARAMETRIC_REPRESENTATION_CONTEXT() REPRESENTATION_CONTEXT('2D SPACE',''
  ) );
#898 = PCURVE('',#392,#899);
#899 = DEFINITIONAL_REPRESENTATION('',(#900),#904);
#900 = LINE('',#901,#902);
#901 = CARTESIAN_POINT('',(110.,0.));
#902 = VECTOR('',#903,1.);
#903 = DIRECTION('',(0.,-1.));
#904 = ( GEOMETRIC_REPRESENTATION_CONTEXT(2) 
PARAMETRIC_REPRESENTATION_CONTEXT() REPRESENTATION_CONTEXT('2D SPACE',''
  ) );
#905 = ORIENTED_EDGE('',*,*,#636,.T.);
#906 = ORIENTED_EDGE('',*,*,#858,.F.);
#907 = ORIENTED_EDGE('',*,*,#404,.F.);
#908 = ADVANCED_FACE('',(#909),#392,.T.);
#909 = FACE_BOUND('',#910,.T.);
#910 = EDGE_LOOP('',(#911,#932,#933,#934));
#911 = ORIENTED_EDGE('',*,*,#912,.T.);
#912 = EDGE_CURVE('',#349,#591,#913,.T.);
#913 = SURFACE_CURVE('',#914,(#918,#925),.PCURVE_S1.);
#914 = LINE('',#915,#916);
#915 = CARTESIAN_POINT('',(7.11E+03,-282.,110.));
#916 = VECTOR('',#917,1.);
#917 = DIRECTION('',(-0.,1.,-0.));
#918 = PCURVE('',#392,#919);
#919 = DEFINITIONAL_REPRESENTATION('',(#920),#924);
#920 = LINE('',#921,#922);
#921 = CARTESIAN_POINT('',(0.,0.));
#922 = VECTOR('',#923,1.);
#923 = DIRECTION('',(0.,-1.));
#924 = ( GEOMETRIC_REPRESENTATION_CONTEXT(2) 
PARAMETRIC_REPRESENTATION_CONTEXT() REPRESENTATION_CONTEXT('2D SPACE',''
  ) );
#925 = PCURVE('',#364,#926);
#926 = DEFINITIONAL_REPRESENTATION('',(#927),#931);
#927 = LINE('',#928,#929);
#928 = CARTESIAN_POINT('',(220.,0.));
#929 = VECTOR('',#930,1.);
#930 = DIRECTION('',(0.,-1.));
#931 = ( GEOMETRIC_REPRESENTATION_CONTEXT(2) 
PARAMETRIC_REPRESENTATION_CONTEXT() REPRESENTATION_CONTEXT('2D SPACE',''
  ) );
#932 = ORIENTED_EDGE('',*,*,#613,.T.);
#933 = ORIENTED_EDGE('',*,*,#885,.F.);
#934 = ORIENTED_EDGE('',*,*,#376,.F.);
#935 = ADVANCED_FACE('',(#936),#364,.T.);
#936 = FACE_BOUND('',#937,.T.);
#937 = EDGE_LOOP('',(#938,#939,#960,#961));
#938 = ORIENTED_EDGE('',*,*,#348,.F.);
#939 = ORIENTED_EDGE('',*,*,#940,.F.);
#940 = EDGE_CURVE('',#567,#320,#941,.T.);
#941 = SURFACE_CURVE('',#942,(#946,#953),.PCURVE_S1.);
#942 = LINE('',#943,#944);
#943 = CARTESIAN_POINT('',(7.0105E+03,-263.,110.));
#944 = VECTOR('',#945,1.);
#945 = DIRECTION('',(0.,-1.,2.22044604925E-16));
#946 = PCURVE('',#364,#947);
#947 = DEFINITIONAL_REPRESENTATION('',(#948),#952);
#948 = LINE('',#949,#950);
#949 = CARTESIAN_POINT('',(120.5,-19.));
#950 = VECTOR('',#951,1.);
#951 = DIRECTION('',(0.,1.));
#952 = ( GEOMETRIC_REPRESENTATION_CONTEXT(2) 
PARAMETRIC_REPRESENTATION_CONTEXT() REPRESENTATION_CONTEXT('2D SPACE',''
  ) );
#953 = PCURVE('',#336,#954);
#954 = DEFINITIONAL_REPRESENTATION('',(#955),#959);
#955 = LINE('',#956,#957);
#956 = CARTESIAN_POINT('',(0.,-0.));
#957 = VECTOR('',#958,1.);
#958 = DIRECTION('',(0.,1.));
#959 = ( GEOMETRIC_REPRESENTATION_CONTEXT(2) 
PARAMETRIC_REPRESENTATION_CONTEXT() REPRESENTATION_CONTEXT('2D SPACE',''
  ) );
#960 = ORIENTED_EDGE('',*,*,#590,.T.);
#961 = ORIENTED_EDGE('',*,*,#912,.F.);
#962 = ADVANCED_FACE('',(#963),#336,.F.);
#963 = FACE_BOUND('',#964,.F.);
#964 = EDGE_LOOP('',(#965,#966,#967,#968));
#965 = ORIENTED_EDGE('',*,*,#319,.F.);
#966 = ORIENTED_EDGE('',*,*,#940,.F.);
#967 = ORIENTED_EDGE('',*,*,#566,.T.);
#968 = ORIENTED_EDGE('',*,*,#782,.T.);
#969 = MANIFOLD_SOLID_BREP('',#970);
#970 = CLOSED_SHELL('',(#971,#1091,#1167,#1243,#1490,#1702,#1729,#1754,
    #1781,#1808,#1835,#1862,#1889,#1916));
#971 = ADVANCED_FACE('',(#972),#986,.T.);
#972 = FACE_BOUND('',#973,.T.);
#973 = EDGE_LOOP('',(#974,#1009,#1037,#1065));
#974 = ORIENTED_EDGE('',*,*,#975,.T.);
#975 = EDGE_CURVE('',#976,#978,#980,.T.);
#976 = VERTEX_POINT('',#977);
#977 = CARTESIAN_POINT('',(6.58E+03,346.,0.));
#978 = VERTEX_POINT('',#979);
#979 = CARTESIAN_POINT('',(6.58E+03,364.,0.));
#980 = SURFACE_CURVE('',#981,(#985,#997),.PCURVE_S1.);
#981 = LINE('',#982,#983);
#982 = CARTESIAN_POINT('',(6.58E+03,346.,0.));
#983 = VECTOR('',#984,1.);
#984 = DIRECTION('',(-0.,1.,-0.));
#985 = PCURVE('',#986,#991);
#986 = PLANE('',#987);
#987 = AXIS2_PLACEMENT_3D('',#988,#989,#990);
#988 = CARTESIAN_POINT('',(6.58E+03,346.,0.));
#989 = DIRECTION('',(0.,0.,-1.));
#990 = DIRECTION('',(1.,0.,0.));
#991 = DEFINITIONAL_REPRESENTATION('',(#992),#996);
#992 = LINE('',#993,#994);
#993 = CARTESIAN_POINT('',(0.,0.));
#994 = VECTOR('',#995,1.);
#995 = DIRECTION('',(0.,-1.));
#996 = ( GEOMETRIC_REPRESENTATION_CONTEXT(2) 
PARAMETRIC_REPRESENTATION_CONTEXT() REPRESENTATION_CONTEXT('2D SPACE',''
  ) );
#997 = PCURVE('',#998,#1003);
#998 = PLANE('',#999);
#999 = AXIS2_PLACEMENT_3D('',#1000,#1001,#1002);
#1000 = CARTESIAN_POINT('',(6.58E+03,346.,12.));
#1001 = DIRECTION('',(-1.,-0.,-0.));
#1002 = DIRECTION('',(0.,0.,-1.));
#1003 = DEFINITIONAL_REPRESENTATION('',(#1004),#1008);
#1004 = LINE('',#1005,#1006);
#1005 = CARTESIAN_POINT('',(12.,0.));
#1006 = VECTOR('',#1007,1.);
#1007 = DIRECTION('',(0.,-1.));
#1008 = ( GEOMETRIC_REPRESENTATION_CONTEXT(2) 
PARAMETRIC_REPRESENTATION_CONTEXT() REPRESENTATION_CONTEXT('2D SPACE',''
  ) );
#1009 = ORIENTED_EDGE('',*,*,#1010,.T.);
#1010 = EDGE_CURVE('',#978,#1011,#1013,.T.);
#1011 = VERTEX_POINT('',#1012);
#1012 = CARTESIAN_POINT('',(6.89E+03,364.,0.));
#1013 = SURFACE_CURVE('',#1014,(#1018,#1025),.PCURVE_S1.);
#1014 = LINE('',#1015,#1016);
#1015 = CARTESIAN_POINT('',(6.58E+03,364.,0.));
#1016 = VECTOR('',#1017,1.);
#1017 = DIRECTION('',(1.,0.,0.));
#1018 = PCURVE('',#986,#1019);
#1019 = DEFINITIONAL_REPRESENTATION('',(#1020),#1024);
#1020 = LINE('',#1021,#1022);
#1021 = CARTESIAN_POINT('',(0.,-18.));
#1022 = VECTOR('',#1023,1.);
#1023 = DIRECTION('',(1.,0.));
#1024 = ( GEOMETRIC_REPRESENTATION_CONTEXT(2) 
PARAMETRIC_REPRESENTATION_CONTEXT() REPRESENTATION_CONTEXT('2D SPACE',''
  ) );
#1025 = PCURVE('',#1026,#1031);
#1026 = PLANE('',#1027);
#1027 = AXIS2_PLACEMENT_3D('',#1028,#1029,#1030);
#1028 = CARTESIAN_POINT('',(7.E+03,364.,125.37095091448));
#1029 = DIRECTION('',(0.,-1.,0.));
#1030 = DIRECTION('',(1.,0.,0.));
#1031 = DEFINITIONAL_REPRESENTATION('',(#1032),#1036);
#1032 = LINE('',#1033,#1034);
#1033 = CARTESIAN_POINT('',(-420.,-125.3709509144));
#1034 = VECTOR('',#1035,1.);
#1035 = DIRECTION('',(1.,0.));
#1036 = ( GEOMETRIC_REPRESENTATION_CONTEXT(2) 
PARAMETRIC_REPRESENTATION_CONTEXT() REPRESENTATION_CONTEXT('2D SPACE',''
  ) );
#1037 = ORIENTED_EDGE('',*,*,#1038,.F.);
#1038 = EDGE_CURVE('',#1039,#1011,#1041,.T.);
#1039 = VERTEX_POINT('',#1040);
#1040 = CARTESIAN_POINT('',(6.89E+03,346.,0.));
#1041 = SURFACE_CURVE('',#1042,(#1046,#1053),.PCURVE_S1.);
#1042 = LINE('',#1043,#1044);
#1043 = CARTESIAN_POINT('',(6.89E+03,346.,0.));
#1044 = VECTOR('',#1045,1.);
#1045 = DIRECTION('',(-0.,1.,-0.));
#1046 = PCURVE('',#986,#1047);
#1047 = DEFINITIONAL_REPRESENTATION('',(#1048),#1052);
#1048 = LINE('',#1049,#1050);
#1049 = CARTESIAN_POINT('',(310.,0.));
#1050 = VECTOR('',#1051,1.);
#1051 = DIRECTION('',(0.,-1.));
#1052 = ( GEOMETRIC_REPRESENTATION_CONTEXT(2) 
PARAMETRIC_REPRESENTATION_CONTEXT() REPRESENTATION_CONTEXT('2D SPACE',''
  ) );
#1053 = PCURVE('',#1054,#1059);
#1054 = PLANE('',#1055);
#1055 = AXIS2_PLACEMENT_3D('',#1056,#1057,#1058);
#1056 = CARTESIAN_POINT('',(6.89E+03,346.,0.));
#1057 = DIRECTION('',(1.,0.,-0.));
#1058 = DIRECTION('',(0.,0.,1.));
#1059 = DEFINITIONAL_REPRESENTATION('',(#1060),#1064);
#1060 = LINE('',#1061,#1062);
#1061 = CARTESIAN_POINT('',(0.,0.));
#1062 = VECTOR('',#1063,1.);
#1063 = DIRECTION('',(0.,-1.));
#1064 = ( GEOMETRIC_REPRESENTATION_CONTEXT(2) 
PARAMETRIC_REPRESENTATION_CONTEXT() REPRESENTATION_CONTEXT('2D SPACE',''
  ) );
#1065 = ORIENTED_EDGE('',*,*,#1066,.F.);
#1066 = EDGE_CURVE('',#976,#1039,#1067,.T.);
#1067 = SURFACE_CURVE('',#1068,(#1072,#1079),.PCURVE_S1.);
#1068 = LINE('',#1069,#1070);
#1069 = CARTESIAN_POINT('',(6.58E+03,346.,0.));
#1070 = VECTOR('',#1071,1.);
#1071 = DIRECTION('',(1.,0.,0.));
#1072 = PCURVE('',#986,#1073);
#1073 = DEFINITIONAL_REPRESENTATION('',(#1074),#1078);
#1074 = LINE('',#1075,#1076);
#1075 = CARTESIAN_POINT('',(0.,0.));
#1076 = VECTOR('',#1077,1.);
#1077 = DIRECTION('',(1.,0.));
#1078 = ( GEOMETRIC_REPRESENTATION_CONTEXT(2) 
PARAMETRIC_REPRESENTATION_CONTEXT() REPRESENTATION_CONTEXT('2D SPACE',''
  ) );
#1079 = PCURVE('',#1080,#1085);
#1080 = PLANE('',#1081);
#1081 = AXIS2_PLACEMENT_3D('',#1082,#1083,#1084);
#1082 = CARTESIAN_POINT('',(7.E+03,346.,125.37095091448));
#1083 = DIRECTION('',(0.,-1.,0.));
#1084 = DIRECTION('',(1.,0.,0.));
#1085 = DEFINITIONAL_REPRESENTATION('',(#1086),#1090);
#1086 = LINE('',#1087,#1088);
#1087 = CARTESIAN_POINT('',(-420.,-125.3709509144));
#1088 = VECTOR('',#1089,1.);
#1089 = DIRECTION('',(1.,0.));
#1090 = ( GEOMETRIC_REPRESENTATION_CONTEXT(2) 
PARAMETRIC_REPRESENTATION_CONTEXT() REPRESENTATION_CONTEXT('2D SPACE',''
  ) );
#1091 = ADVANCED_FACE('',(#1092),#998,.T.);
#1092 = FACE_BOUND('',#1093,.T.);
#1093 = EDGE_LOOP('',(#1094,#1124,#1145,#1146));
#1094 = ORIENTED_EDGE('',*,*,#1095,.T.);
#1095 = EDGE_CURVE('',#1096,#1098,#1100,.T.);
#1096 = VERTEX_POINT('',#1097);
#1097 = CARTESIAN_POINT('',(6.58E+03,346.,12.));
#1098 = VERTEX_POINT('',#1099);
#1099 = CARTESIAN_POINT('',(6.58E+03,364.,12.));
#1100 = SURFACE_CURVE('',#1101,(#1105,#1112),.PCURVE_S1.);
#1101 = LINE('',#1102,#1103);
#1102 = CARTESIAN_POINT('',(6.58E+03,346.,12.));
#1103 = VECTOR('',#1104,1.);
#1104 = DIRECTION('',(-0.,1.,-0.));
#1105 = PCURVE('',#998,#1106);
#1106 = DEFINITIONAL_REPRESENTATION('',(#1107),#1111);
#1107 = LINE('',#1108,#1109);
#1108 = CARTESIAN_POINT('',(0.,0.));
#1109 = VECTOR('',#1110,1.);
#1110 = DIRECTION('',(0.,-1.));
#1111 = ( GEOMETRIC_REPRESENTATION_CONTEXT(2) 
PARAMETRIC_REPRESENTATION_CONTEXT() REPRESENTATION_CONTEXT('2D SPACE',''
  ) );
#1112 = PCURVE('',#1113,#1118);
#1113 = PLANE('',#1114);
#1114 = AXIS2_PLACEMENT_3D('',#1115,#1116,#1117);
#1115 = CARTESIAN_POINT('',(6.85E+03,346.,330.));
#1116 = DIRECTION('',(-0.762294079169,0.,0.647230821936));
#1117 = DIRECTION('',(-0.647230821936,0.,-0.762294079169));
#1118 = DEFINITIONAL_REPRESENTATION('',(#1119),#1123);
#1119 = LINE('',#1120,#1121);
#1120 = CARTESIAN_POINT('',(417.16183909844,0.));
#1121 = VECTOR('',#1122,1.);
#1122 = DIRECTION('',(0.,-1.));
#1123 = ( GEOMETRIC_REPRESENTATION_CONTEXT(2) 
PARAMETRIC_REPRESENTATION_CONTEXT() REPRESENTATION_CONTEXT('2D SPACE',''
  ) );
#1124 = ORIENTED_EDGE('',*,*,#1125,.T.);
#1125 = EDGE_CURVE('',#1098,#978,#1126,.T.);
#1126 = SURFACE_CURVE('',#1127,(#1131,#1138),.PCURVE_S1.);
#1127 = LINE('',#1128,#1129);
#1128 = CARTESIAN_POINT('',(6.58E+03,364.,12.));
#1129 = VECTOR('',#1130,1.);
#1130 = DIRECTION('',(0.,0.,-1.));
#1131 = PCURVE('',#998,#1132);
#1132 = DEFINITIONAL_REPRESENTATION('',(#1133),#1137);
#1133 = LINE('',#1134,#1135);
#1134 = CARTESIAN_POINT('',(0.,-18.));
#1135 = VECTOR('',#1136,1.);
#1136 = DIRECTION('',(1.,0.));
#1137 = ( GEOMETRIC_REPRESENTATION_CONTEXT(2) 
PARAMETRIC_REPRESENTATION_CONTEXT() REPRESENTATION_CONTEXT('2D SPACE',''
  ) );
#1138 = PCURVE('',#1026,#1139);
#1139 = DEFINITIONAL_REPRESENTATION('',(#1140),#1144);
#1140 = LINE('',#1141,#1142);
#1141 = CARTESIAN_POINT('',(-420.,-113.3709509144));
#1142 = VECTOR('',#1143,1.);
#1143 = DIRECTION('',(0.,-1.));
#1144 = ( GEOMETRIC_REPRESENTATION_CONTEXT(2) 
PARAMETRIC_REPRESENTATION_CONTEXT() REPRESENTATION_CONTEXT('2D SPACE',''
  ) );
#1145 = ORIENTED_EDGE('',*,*,#975,.F.);
#1146 = ORIENTED_EDGE('',*,*,#1147,.F.);
#1147 = EDGE_CURVE('',#1096,#976,#1148,.T.);
#1148 = SURFACE_CURVE('',#1149,(#1153,#1160),.PCURVE_S1.);
#1149 = LINE('',#1150,#1151);
#1150 = CARTESIAN_POINT('',(6.58E+03,346.,12.));
#1151 = VECTOR('',#1152,1.);
#1152 = DIRECTION('',(0.,0.,-1.));
#1153 = PCURVE('',#998,#1154);
#1154 = DEFINITIONAL_REPRESENTATION('',(#1155),#1159);
#1155 = LINE('',#1156,#1157);
#1156 = CARTESIAN_POINT('',(0.,0.));
#1157 = VECTOR('',#1158,1.);
#1158 = DIRECTION('',(1.,0.));
#1159 = ( GEOMETRIC_REPRESENTATION_CONTEXT(2) 
PARAMETRIC_REPRESENTATION_CONTEXT() REPRESENTATION_CONTEXT('2D SPACE',''
  ) );
#1160 = PCURVE('',#1080,#1161);
#1161 = DEFINITIONAL_REPRESENTATION('',(#1162),#1166);
#1162 = LINE('',#1163,#1164);
#1163 = CARTESIAN_POINT('',(-420.,-113.3709509144));
#1164 = VECTOR('',#1165,1.);
#1165 = DIRECTION('',(0.,-1.));
#1166 = ( GEOMETRIC_REPRESENTATION_CONTEXT(2) 
PARAMETRIC_REPRESENTATION_CONTEXT() REPRESENTATION_CONTEXT('2D SPACE',''
  ) );
#1167 = ADVANCED_FACE('',(#1168),#1054,.T.);
#1168 = FACE_BOUND('',#1169,.T.);
#1169 = EDGE_LOOP('',(#1170,#1171,#1194,#1222));
#1170 = ORIENTED_EDGE('',*,*,#1038,.T.);
#1171 = ORIENTED_EDGE('',*,*,#1172,.T.);
#1172 = EDGE_CURVE('',#1011,#1173,#1175,.T.);
#1173 = VERTEX_POINT('',#1174);
#1174 = CARTESIAN_POINT('',(6.89E+03,364.,110.));
#1175 = SURFACE_CURVE('',#1176,(#1180,#1187),.PCURVE_S1.);
#1176 = LINE('',#1177,#1178);
#1177 = CARTESIAN_POINT('',(6.89E+03,364.,0.));
#1178 = VECTOR('',#1179,1.);
#1179 = DIRECTION('',(0.,0.,1.));
#1180 = PCURVE('',#1054,#1181);
#1181 = DEFINITIONAL_REPRESENTATION('',(#1182),#1186);
#1182 = LINE('',#1183,#1184);
#1183 = CARTESIAN_POINT('',(0.,-18.));
#1184 = VECTOR('',#1185,1.);
#1185 = DIRECTION('',(1.,0.));
#1186 = ( GEOMETRIC_REPRESENTATION_CONTEXT(2) 
PARAMETRIC_REPRESENTATION_CONTEXT() REPRESENTATION_CONTEXT('2D SPACE',''
  ) );
#1187 = PCURVE('',#1026,#1188);
#1188 = DEFINITIONAL_REPRESENTATION('',(#1189),#1193);
#1189 = LINE('',#1190,#1191);
#1190 = CARTESIAN_POINT('',(-110.,-125.3709509144));
#1191 = VECTOR('',#1192,1.);
#1192 = DIRECTION('',(0.,1.));
#1193 = ( GEOMETRIC_REPRESENTATION_CONTEXT(2) 
PARAMETRIC_REPRESENTATION_CONTEXT() REPRESENTATION_CONTEXT('2D SPACE',''
  ) );
#1194 = ORIENTED_EDGE('',*,*,#1195,.F.);
#1195 = EDGE_CURVE('',#1196,#1173,#1198,.T.);
#1196 = VERTEX_POINT('',#1197);
#1197 = CARTESIAN_POINT('',(6.89E+03,346.,110.));
#1198 = SURFACE_CURVE('',#1199,(#1203,#1210),.PCURVE_S1.);
#1199 = LINE('',#1200,#1201);
#1200 = CARTESIAN_POINT('',(6.89E+03,346.,110.));
#1201 = VECTOR('',#1202,1.);
#1202 = DIRECTION('',(-0.,1.,-0.));
#1203 = PCURVE('',#1054,#1204);
#1204 = DEFINITIONAL_REPRESENTATION('',(#1205),#1209);
#1205 = LINE('',#1206,#1207);
#1206 = CARTESIAN_POINT('',(110.,0.));
#1207 = VECTOR('',#1208,1.);
#1208 = DIRECTION('',(0.,-1.));
#1209 = ( GEOMETRIC_REPRESENTATION_CONTEXT(2) 
PARAMETRIC_REPRESENTATION_CONTEXT() REPRESENTATION_CONTEXT('2D SPACE',''
  ) );
#1210 = PCURVE('',#1211,#1216);
#1211 = PLANE('',#1212);
#1212 = AXIS2_PLACEMENT_3D('',#1213,#1214,#1215);
#1213 = CARTESIAN_POINT('',(6.89E+03,346.,110.));
#1214 = DIRECTION('',(0.,0.,-1.));
#1215 = DIRECTION('',(1.,0.,0.));
#1216 = DEFINITIONAL_REPRESENTATION('',(#1217),#1221);
#1217 = LINE('',#1218,#1219);
#1218 = CARTESIAN_POINT('',(0.,0.));
#1219 = VECTOR('',#1220,1.);
#1220 = DIRECTION('',(0.,-1.));
#1221 = ( GEOMETRIC_REPRESENTATION_CONTEXT(2) 
PARAMETRIC_REPRESENTATION_CONTEXT() REPRESENTATION_CONTEXT('2D SPACE',''
  ) );
#1222 = ORIENTED_EDGE('',*,*,#1223,.F.);
#1223 = EDGE_CURVE('',#1039,#1196,#1224,.T.);
#1224 = SURFACE_CURVE('',#1225,(#1229,#1236),.PCURVE_S1.);
#1225 = LINE('',#1226,#1227);
#1226 = CARTESIAN_POINT('',(6.89E+03,346.,0.));
#1227 = VECTOR('',#1228,1.);
#1228 = DIRECTION('',(0.,0.,1.));
#1229 = PCURVE('',#1054,#1230);
#1230 = DEFINITIONAL_REPRESENTATION('',(#1231),#1235);
#1231 = LINE('',#1232,#1233);
#1232 = CARTESIAN_POINT('',(0.,0.));
#1233 = VECTOR('',#1234,1.);
#1234 = DIRECTION('',(1.,0.));
#1235 = ( GEOMETRIC_REPRESENTATION_CONTEXT(2) 
PARAMETRIC_REPRESENTATION_CONTEXT() REPRESENTATION_CONTEXT('2D SPACE',''
  ) );
#1236 = PCURVE('',#1080,#1237);
#1237 = DEFINITIONAL_REPRESENTATION('',(#1238),#1242);
#1238 = LINE('',#1239,#1240);
#1239 = CARTESIAN_POINT('',(-110.,-125.3709509144));
#1240 = VECTOR('',#1241,1.);
#1241 = DIRECTION('',(0.,1.));
#1242 = ( GEOMETRIC_REPRESENTATION_CONTEXT(2) 
PARAMETRIC_REPRESENTATION_CONTEXT() REPRESENTATION_CONTEXT('2D SPACE',''
  ) );
#1243 = ADVANCED_FACE('',(#1244),#1080,.T.);
#1244 = FACE_BOUND('',#1245,.T.);
#1245 = EDGE_LOOP('',(#1246,#1247,#1248,#1249,#1272,#1301,#1329,#1357,
    #1385,#1413,#1441,#1469));
#1246 = ORIENTED_EDGE('',*,*,#1147,.T.);
#1247 = ORIENTED_EDGE('',*,*,#1066,.T.);
#1248 = ORIENTED_EDGE('',*,*,#1223,.T.);
#1249 = ORIENTED_EDGE('',*,*,#1250,.T.);
#1250 = EDGE_CURVE('',#1196,#1251,#1253,.T.);
#1251 = VERTEX_POINT('',#1252);
#1252 = CARTESIAN_POINT('',(6.9895E+03,346.,110.));
#1253 = SURFACE_CURVE('',#1254,(#1258,#1265),.PCURVE_S1.);
#1254 = LINE('',#1255,#1256);
#1255 = CARTESIAN_POINT('',(6.89E+03,346.,110.));
#1256 = VECTOR('',#1257,1.);
#1257 = DIRECTION('',(1.,0.,0.));
#1258 = PCURVE('',#1080,#1259);
#1259 = DEFINITIONAL_REPRESENTATION('',(#1260),#1264);
#1260 = LINE('',#1261,#1262);
#1261 = CARTESIAN_POINT('',(-110.,-15.37095091448));
#1262 = VECTOR('',#1263,1.);
#1263 = DIRECTION('',(1.,0.));
#1264 = ( GEOMETRIC_REPRESENTATION_CONTEXT(2) 
PARAMETRIC_REPRESENTATION_CONTEXT() REPRESENTATION_CONTEXT('2D SPACE',''
  ) );
#1265 = PCURVE('',#1211,#1266);
#1266 = DEFINITIONAL_REPRESENTATION('',(#1267),#1271);
#1267 = LINE('',#1268,#1269);
#1268 = CARTESIAN_POINT('',(0.,0.));
#1269 = VECTOR('',#1270,1.);
#1270 = DIRECTION('',(1.,0.));
#1271 = ( GEOMETRIC_REPRESENTATION_CONTEXT(2) 
PARAMETRIC_REPRESENTATION_CONTEXT() REPRESENTATION_CONTEXT('2D SPACE',''
  ) );
#1272 = ORIENTED_EDGE('',*,*,#1273,.F.);
#1273 = EDGE_CURVE('',#1274,#1251,#1276,.T.);
#1274 = VERTEX_POINT('',#1275);
#1275 = CARTESIAN_POINT('',(7.0105E+03,346.,110.));
#1276 = SURFACE_CURVE('',#1277,(#1282,#1289),.PCURVE_S1.);
#1277 = CIRCLE('',#1278,10.5);
#1278 = AXIS2_PLACEMENT_3D('',#1279,#1280,#1281);
#1279 = CARTESIAN_POINT('',(7.E+03,346.,110.));
#1280 = DIRECTION('',(0.,-1.,2.22044604925E-16));
#1281 = DIRECTION('',(1.,0.,0.));
#1282 = PCURVE('',#1080,#1283);
#1283 = DEFINITIONAL_REPRESENTATION('',(#1284),#1288);
#1284 = CIRCLE('',#1285,10.5);
#1285 = AXIS2_PLACEMENT_2D('',#1286,#1287);
#1286 = CARTESIAN_POINT('',(0.,-15.37095091448));
#1287 = DIRECTION('',(1.,0.));
#1288 = ( GEOMETRIC_REPRESENTATION_CONTEXT(2) 
PARAMETRIC_REPRESENTATION_CONTEXT() REPRESENTATION_CONTEXT('2D SPACE',''
  ) );
#1289 = PCURVE('',#1290,#1295);
#1290 = CYLINDRICAL_SURFACE('',#1291,10.5);
#1291 = AXIS2_PLACEMENT_3D('',#1292,#1293,#1294);
#1292 = CARTESIAN_POINT('',(7.E+03,365.,110.));
#1293 = DIRECTION('',(0.,-1.,2.22044604925E-16));
#1294 = DIRECTION('',(1.,0.,0.));
#1295 = DEFINITIONAL_REPRESENTATION('',(#1296),#1300);
#1296 = LINE('',#1297,#1298);
#1297 = CARTESIAN_POINT('',(0.,19.));
#1298 = VECTOR('',#1299,1.);
#1299 = DIRECTION('',(1.,0.));
#1300 = ( GEOMETRIC_REPRESENTATION_CONTEXT(2) 
PARAMETRIC_REPRESENTATION_CONTEXT() REPRESENTATION_CONTEXT('2D SPACE',''
  ) );
#1301 = ORIENTED_EDGE('',*,*,#1302,.T.);
#1302 = EDGE_CURVE('',#1274,#1303,#1305,.T.);
#1303 = VERTEX_POINT('',#1304);
#1304 = CARTESIAN_POINT('',(7.11E+03,346.,110.));
#1305 = SURFACE_CURVE('',#1306,(#1310,#1317),.PCURVE_S1.);
#1306 = LINE('',#1307,#1308);
#1307 = CARTESIAN_POINT('',(6.89E+03,346.,110.));
#1308 = VECTOR('',#1309,1.);
#1309 = DIRECTION('',(1.,0.,0.));
#1310 = PCURVE('',#1080,#1311);
#1311 = DEFINITIONAL_REPRESENTATION('',(#1312),#1316);
#1312 = LINE('',#1313,#1314);
#1313 = CARTESIAN_POINT('',(-110.,-15.37095091448));
#1314 = VECTOR('',#1315,1.);
#1315 = DIRECTION('',(1.,0.));
#1316 = ( GEOMETRIC_REPRESENTATION_CONTEXT(2) 
PARAMETRIC_REPRESENTATION_CONTEXT() REPRESENTATION_CONTEXT('2D SPACE',''
  ) );
#1317 = PCURVE('',#1318,#1323);
#1318 = PLANE('',#1319);
#1319 = AXIS2_PLACEMENT_3D('',#1320,#1321,#1322);
#1320 = CARTESIAN_POINT('',(6.89E+03,346.,110.));
#1321 = DIRECTION('',(0.,0.,-1.));
#1322 = DIRECTION('',(1.,0.,0.));
#1323 = DEFINITIONAL_REPRESENTATION('',(#1324),#1328);
#1324 = LINE('',#1325,#1326);
#1325 = CARTESIAN_POINT('',(0.,0.));
#1326 = VECTOR('',#1327,1.);
#1327 = DIRECTION('',(1.,0.));
#1328 = ( GEOMETRIC_REPRESENTATION_CONTEXT(2) 
PARAMETRIC_REPRESENTATION_CONTEXT() REPRESENTATION_CONTEXT('2D SPACE',''
  ) );
#1329 = ORIENTED_EDGE('',*,*,#1330,.T.);
#1330 = EDGE_CURVE('',#1303,#1331,#1333,.T.);
#1331 = VERTEX_POINT('',#1332);
#1332 = CARTESIAN_POINT('',(7.11E+03,346.,0.));
#1333 = SURFACE_CURVE('',#1334,(#1338,#1345),.PCURVE_S1.);
#1334 = LINE('',#1335,#1336);
#1335 = CARTESIAN_POINT('',(7.11E+03,346.,110.));
#1336 = VECTOR('',#1337,1.);
#1337 = DIRECTION('',(0.,0.,-1.));
#1338 = PCURVE('',#1080,#1339);
#1339 = DEFINITIONAL_REPRESENTATION('',(#1340),#1344);
#1340 = LINE('',#1341,#1342);
#1341 = CARTESIAN_POINT('',(110.,-15.37095091448));
#1342 = VECTOR('',#1343,1.);
#1343 = DIRECTION('',(0.,-1.));
#1344 = ( GEOMETRIC_REPRESENTATION_CONTEXT(2) 
PARAMETRIC_REPRESENTATION_CONTEXT() REPRESENTATION_CONTEXT('2D SPACE',''
  ) );
#1345 = PCURVE('',#1346,#1351);
#1346 = PLANE('',#1347);
#1347 = AXIS2_PLACEMENT_3D('',#1348,#1349,#1350);
#1348 = CARTESIAN_POINT('',(7.11E+03,346.,110.));
#1349 = DIRECTION('',(-1.,-0.,-0.));
#1350 = DIRECTION('',(0.,0.,-1.));
#1351 = DEFINITIONAL_REPRESENTATION('',(#1352),#1356);
#1352 = LINE('',#1353,#1354);
#1353 = CARTESIAN_POINT('',(0.,0.));
#1354 = VECTOR('',#1355,1.);
#1355 = DIRECTION('',(1.,0.));
#1356 = ( GEOMETRIC_REPRESENTATION_CONTEXT(2) 
PARAMETRIC_REPRESENTATION_CONTEXT() REPRESENTATION_CONTEXT('2D SPACE',''
  ) );
#1357 = ORIENTED_EDGE('',*,*,#1358,.T.);
#1358 = EDGE_CURVE('',#1331,#1359,#1361,.T.);
#1359 = VERTEX_POINT('',#1360);
#1360 = CARTESIAN_POINT('',(7.42E+03,346.,0.));
#1361 = SURFACE_CURVE('',#1362,(#1366,#1373),.PCURVE_S1.);
#1362 = LINE('',#1363,#1364);
#1363 = CARTESIAN_POINT('',(7.11E+03,346.,0.));
#1364 = VECTOR('',#1365,1.);
#1365 = DIRECTION('',(1.,0.,0.));
#1366 = PCURVE('',#1080,#1367);
#1367 = DEFINITIONAL_REPRESENTATION('',(#1368),#1372);
#1368 = LINE('',#1369,#1370);
#1369 = CARTESIAN_POINT('',(110.,-125.3709509144));
#1370 = VECTOR('',#1371,1.);
#1371 = DIRECTION('',(1.,0.));
#1372 = ( GEOMETRIC_REPRESENTATION_CONTEXT(2) 
PARAMETRIC_REPRESENTATION_CONTEXT() REPRESENTATION_CONTEXT('2D SPACE',''
  ) );
#1373 = PCURVE('',#1374,#1379);
#1374 = PLANE('',#1375);
#1375 = AXIS2_PLACEMENT_3D('',#1376,#1377,#1378);
#1376 = CARTESIAN_POINT('',(7.11E+03,346.,0.));
#1377 = DIRECTION('',(0.,0.,-1.));
#1378 = DIRECTION('',(1.,0.,0.));
#1379 = DEFINITIONAL_REPRESENTATION('',(#1380),#1384);
#1380 = LINE('',#1381,#1382);
#1381 = CARTESIAN_POINT('',(0.,0.));
#1382 = VECTOR('',#1383,1.);
#1383 = DIRECTION('',(1.,0.));
#1384 = ( GEOMETRIC_REPRESENTATION_CONTEXT(2) 
PARAMETRIC_REPRESENTATION_CONTEXT() REPRESENTATION_CONTEXT('2D SPACE',''
  ) );
#1385 = ORIENTED_EDGE('',*,*,#1386,.T.);
#1386 = EDGE_CURVE('',#1359,#1387,#1389,.T.);
#1387 = VERTEX_POINT('',#1388);
#1388 = CARTESIAN_POINT('',(7.42E+03,346.,12.));
#1389 = SURFACE_CURVE('',#1390,(#1394,#1401),.PCURVE_S1.);
#1390 = LINE('',#1391,#1392);
#1391 = CARTESIAN_POINT('',(7.42E+03,346.,0.));
#1392 = VECTOR('',#1393,1.);
#1393 = DIRECTION('',(0.,0.,1.));
#1394 = PCURVE('',#1080,#1395);
#1395 = DEFINITIONAL_REPRESENTATION('',(#1396),#1400);
#1396 = LINE('',#1397,#1398);
#1397 = CARTESIAN_POINT('',(420.,-125.3709509144));
#1398 = VECTOR('',#1399,1.);
#1399 = DIRECTION('',(0.,1.));
#1400 = ( GEOMETRIC_REPRESENTATION_CONTEXT(2) 
PARAMETRIC_REPRESENTATION_CONTEXT() REPRESENTATION_CONTEXT('2D SPACE',''
  ) );
#1401 = PCURVE('',#1402,#1407);
#1402 = PLANE('',#1403);
#1403 = AXIS2_PLACEMENT_3D('',#1404,#1405,#1406);
#1404 = CARTESIAN_POINT('',(7.42E+03,346.,0.));
#1405 = DIRECTION('',(1.,0.,-0.));
#1406 = DIRECTION('',(0.,0.,1.));
#1407 = DEFINITIONAL_REPRESENTATION('',(#1408),#1412);
#1408 = LINE('',#1409,#1410);
#1409 = CARTESIAN_POINT('',(0.,0.));
#1410 = VECTOR('',#1411,1.);
#1411 = DIRECTION('',(1.,0.));
#1412 = ( GEOMETRIC_REPRESENTATION_CONTEXT(2) 
PARAMETRIC_REPRESENTATION_CONTEXT() REPRESENTATION_CONTEXT('2D SPACE',''
  ) );
#1413 = ORIENTED_EDGE('',*,*,#1414,.T.);
#1414 = EDGE_CURVE('',#1387,#1415,#1417,.T.);
#1415 = VERTEX_POINT('',#1416);
#1416 = CARTESIAN_POINT('',(7.15E+03,346.,330.));
#1417 = SURFACE_CURVE('',#1418,(#1422,#1429),.PCURVE_S1.);
#1418 = LINE('',#1419,#1420);
#1419 = CARTESIAN_POINT('',(7.42E+03,346.,12.));
#1420 = VECTOR('',#1421,1.);
#1421 = DIRECTION('',(-0.647230821936,0.,0.762294079169));
#1422 = PCURVE('',#1080,#1423);
#1423 = DEFINITIONAL_REPRESENTATION('',(#1424),#1428);
#1424 = LINE('',#1425,#1426);
#1425 = CARTESIAN_POINT('',(420.,-113.3709509144));
#1426 = VECTOR('',#1427,1.);
#1427 = DIRECTION('',(-0.647230821936,0.762294079169));
#1428 = ( GEOMETRIC_REPRESENTATION_CONTEXT(2) 
PARAMETRIC_REPRESENTATION_CONTEXT() REPRESENTATION_CONTEXT('2D SPACE',''
  ) );
#1429 = PCURVE('',#1430,#1435);
#1430 = PLANE('',#1431);
#1431 = AXIS2_PLACEMENT_3D('',#1432,#1433,#1434);
#1432 = CARTESIAN_POINT('',(7.42E+03,346.,12.));
#1433 = DIRECTION('',(0.762294079169,0.,0.647230821936));
#1434 = DIRECTION('',(-0.647230821936,0.,0.762294079169));
#1435 = DEFINITIONAL_REPRESENTATION('',(#1436),#1440);
#1436 = LINE('',#1437,#1438);
#1437 = CARTESIAN_POINT('',(0.,0.));
#1438 = VECTOR('',#1439,1.);
#1439 = DIRECTION('',(1.,0.));
#1440 = ( GEOMETRIC_REPRESENTATION_CONTEXT(2) 
PARAMETRIC_REPRESENTATION_CONTEXT() REPRESENTATION_CONTEXT('2D SPACE',''
  ) );
#1441 = ORIENTED_EDGE('',*,*,#1442,.T.);
#1442 = EDGE_CURVE('',#1415,#1443,#1445,.T.);
#1443 = VERTEX_POINT('',#1444);
#1444 = CARTESIAN_POINT('',(6.85E+03,346.,330.));
#1445 = SURFACE_CURVE('',#1446,(#1450,#1457),.PCURVE_S1.);
#1446 = LINE('',#1447,#1448);
#1447 = CARTESIAN_POINT('',(7.15E+03,346.,330.));
#1448 = VECTOR('',#1449,1.);
#1449 = DIRECTION('',(-1.,0.,0.));
#1450 = PCURVE('',#1080,#1451);
#1451 = DEFINITIONAL_REPRESENTATION('',(#1452),#1456);
#1452 = LINE('',#1453,#1454);
#1453 = CARTESIAN_POINT('',(150.,204.62904908551));
#1454 = VECTOR('',#1455,1.);
#1455 = DIRECTION('',(-1.,0.));
#1456 = ( GEOMETRIC_REPRESENTATION_CONTEXT(2) 
PARAMETRIC_REPRESENTATION_CONTEXT() REPRESENTATION_CONTEXT('2D SPACE',''
  ) );
#1457 = PCURVE('',#1458,#1463);
#1458 = PLANE('',#1459);
#1459 = AXIS2_PLACEMENT_3D('',#1460,#1461,#1462);
#1460 = CARTESIAN_POINT('',(7.15E+03,346.,330.));
#1461 = DIRECTION('',(0.,0.,1.));
#1462 = DIRECTION('',(-1.,0.,0.));
#1463 = DEFINITIONAL_REPRESENTATION('',(#1464),#1468);
#1464 = LINE('',#1465,#1466);
#1465 = CARTESIAN_POINT('',(0.,0.));
#1466 = VECTOR('',#1467,1.);
#1467 = DIRECTION('',(1.,0.));
#1468 = ( GEOMETRIC_REPRESENTATION_CONTEXT(2) 
PARAMETRIC_REPRESENTATION_CONTEXT() REPRESENTATION_CONTEXT('2D SPACE',''
  ) );
#1469 = ORIENTED_EDGE('',*,*,#1470,.T.);
#1470 = EDGE_CURVE('',#1443,#1096,#1471,.T.);
#1471 = SURFACE_CURVE('',#1472,(#1476,#1483),.PCURVE_S1.);
#1472 = LINE('',#1473,#1474);
#1473 = CARTESIAN_POINT('',(6.85E+03,346.,330.));
#1474 = VECTOR('',#1475,1.);
#1475 = DIRECTION('',(-0.647230821936,-0.,-0.762294079169));
#1476 = PCURVE('',#1080,#1477);
#1477 = DEFINITIONAL_REPRESENTATION('',(#1478),#1482);
#1478 = LINE('',#1479,#1480);
#1479 = CARTESIAN_POINT('',(-150.,204.62904908551));
#1480 = VECTOR('',#1481,1.);
#1481 = DIRECTION('',(-0.647230821936,-0.762294079169));
#1482 = ( GEOMETRIC_REPRESENTATION_CONTEXT(2) 
PARAMETRIC_REPRESENTATION_CONTEXT() REPRESENTATION_CONTEXT('2D SPACE',''
  ) );
#1483 = PCURVE('',#1113,#1484);
#1484 = DEFINITIONAL_REPRESENTATION('',(#1485),#1489);
#1485 = LINE('',#1486,#1487);
#1486 = CARTESIAN_POINT('',(0.,0.));
#1487 = VECTOR('',#1488,1.);
#1488 = DIRECTION('',(1.,0.));
#1489 = ( GEOMETRIC_REPRESENTATION_CONTEXT(2) 
PARAMETRIC_REPRESENTATION_CONTEXT() REPRESENTATION_CONTEXT('2D SPACE',''
  ) );
#1490 = ADVANCED_FACE('',(#1491),#1026,.F.);
#1491 = FACE_BOUND('',#1492,.F.);
#1492 = EDGE_LOOP('',(#1493,#1494,#1495,#1496,#1519,#1543,#1566,#1589,
    #1612,#1635,#1658,#1681));
#1493 = ORIENTED_EDGE('',*,*,#1125,.T.);
#1494 = ORIENTED_EDGE('',*,*,#1010,.T.);
#1495 = ORIENTED_EDGE('',*,*,#1172,.T.);
#1496 = ORIENTED_EDGE('',*,*,#1497,.T.);
#1497 = EDGE_CURVE('',#1173,#1498,#1500,.T.);
#1498 = VERTEX_POINT('',#1499);
#1499 = CARTESIAN_POINT('',(6.9895E+03,364.,110.));
#1500 = SURFACE_CURVE('',#1501,(#1505,#1512),.PCURVE_S1.);
#1501 = LINE('',#1502,#1503);
#1502 = CARTESIAN_POINT('',(6.89E+03,364.,110.));
#1503 = VECTOR('',#1504,1.);
#1504 = DIRECTION('',(1.,0.,0.));
#1505 = PCURVE('',#1026,#1506);
#1506 = DEFINITIONAL_REPRESENTATION('',(#1507),#1511);
#1507 = LINE('',#1508,#1509);
#1508 = CARTESIAN_POINT('',(-110.,-15.37095091448));
#1509 = VECTOR('',#1510,1.);
#1510 = DIRECTION('',(1.,0.));
#1511 = ( GEOMETRIC_REPRESENTATION_CONTEXT(2) 
PARAMETRIC_REPRESENTATION_CONTEXT() REPRESENTATION_CONTEXT('2D SPACE',''
  ) );
#1512 = PCURVE('',#1211,#1513);
#1513 = DEFINITIONAL_REPRESENTATION('',(#1514),#1518);
#1514 = LINE('',#1515,#1516);
#1515 = CARTESIAN_POINT('',(0.,-18.));
#1516 = VECTOR('',#1517,1.);
#1517 = DIRECTION('',(1.,0.));
#1518 = ( GEOMETRIC_REPRESENTATION_CONTEXT(2) 
PARAMETRIC_REPRESENTATION_CONTEXT() REPRESENTATION_CONTEXT('2D SPACE',''
  ) );
#1519 = ORIENTED_EDGE('',*,*,#1520,.F.);
#1520 = EDGE_CURVE('',#1521,#1498,#1523,.T.);
#1521 = VERTEX_POINT('',#1522);
#1522 = CARTESIAN_POINT('',(7.0105E+03,364.,110.));
#1523 = SURFACE_CURVE('',#1524,(#1529,#1536),.PCURVE_S1.);
#1524 = CIRCLE('',#1525,10.5);
#1525 = AXIS2_PLACEMENT_3D('',#1526,#1527,#1528);
#1526 = CARTESIAN_POINT('',(7.E+03,364.,110.));
#1527 = DIRECTION('',(0.,-1.,2.22044604925E-16));
#1528 = DIRECTION('',(1.,0.,0.));
#1529 = PCURVE('',#1026,#1530);
#1530 = DEFINITIONAL_REPRESENTATION('',(#1531),#1535);
#1531 = CIRCLE('',#1532,10.5);
#1532 = AXIS2_PLACEMENT_2D('',#1533,#1534);
#1533 = CARTESIAN_POINT('',(0.,-15.37095091448));
#1534 = DIRECTION('',(1.,0.));
#1535 = ( GEOMETRIC_REPRESENTATION_CONTEXT(2) 
PARAMETRIC_REPRESENTATION_CONTEXT() REPRESENTATION_CONTEXT('2D SPACE',''
  ) );
#1536 = PCURVE('',#1290,#1537);
#1537 = DEFINITIONAL_REPRESENTATION('',(#1538),#1542);
#1538 = LINE('',#1539,#1540);
#1539 = CARTESIAN_POINT('',(0.,1.));
#1540 = VECTOR('',#1541,1.);
#1541 = DIRECTION('',(1.,0.));
#1542 = ( GEOMETRIC_REPRESENTATION_CONTEXT(2) 
PARAMETRIC_REPRESENTATION_CONTEXT() REPRESENTATION_CONTEXT('2D SPACE',''
  ) );
#1543 = ORIENTED_EDGE('',*,*,#1544,.T.);
#1544 = EDGE_CURVE('',#1521,#1545,#1547,.T.);
#1545 = VERTEX_POINT('',#1546);
#1546 = CARTESIAN_POINT('',(7.11E+03,364.,110.));
#1547 = SURFACE_CURVE('',#1548,(#1552,#1559),.PCURVE_S1.);
#1548 = LINE('',#1549,#1550);
#1549 = CARTESIAN_POINT('',(6.89E+03,364.,110.));
#1550 = VECTOR('',#1551,1.);
#1551 = DIRECTION('',(1.,0.,0.));
#1552 = PCURVE('',#1026,#1553);
#1553 = DEFINITIONAL_REPRESENTATION('',(#1554),#1558);
#1554 = LINE('',#1555,#1556);
#1555 = CARTESIAN_POINT('',(-110.,-15.37095091448));
#1556 = VECTOR('',#1557,1.);
#1557 = DIRECTION('',(1.,0.));
#1558 = ( GEOMETRIC_REPRESENTATION_CONTEXT(2) 
PARAMETRIC_REPRESENTATION_CONTEXT() REPRESENTATION_CONTEXT('2D SPACE',''
  ) );
#1559 = PCURVE('',#1318,#1560);
#1560 = DEFINITIONAL_REPRESENTATION('',(#1561),#1565);
#1561 = LINE('',#1562,#1563);
#1562 = CARTESIAN_POINT('',(0.,-18.));
#1563 = VECTOR('',#1564,1.);
#1564 = DIRECTION('',(1.,0.));
#1565 = ( GEOMETRIC_REPRESENTATION_CONTEXT(2) 
PARAMETRIC_REPRESENTATION_CONTEXT() REPRESENTATION_CONTEXT('2D SPACE',''
  ) );
#1566 = ORIENTED_EDGE('',*,*,#1567,.T.);
#1567 = EDGE_CURVE('',#1545,#1568,#1570,.T.);
#1568 = VERTEX_POINT('',#1569);
#1569 = CARTESIAN_POINT('',(7.11E+03,364.,0.));
#1570 = SURFACE_CURVE('',#1571,(#1575,#1582),.PCURVE_S1.);
#1571 = LINE('',#1572,#1573);
#1572 = CARTESIAN_POINT('',(7.11E+03,364.,110.));
#1573 = VECTOR('',#1574,1.);
#1574 = DIRECTION('',(0.,0.,-1.));
#1575 = PCURVE('',#1026,#1576);
#1576 = DEFINITIONAL_REPRESENTATION('',(#1577),#1581);
#1577 = LINE('',#1578,#1579);
#1578 = CARTESIAN_POINT('',(110.,-15.37095091448));
#1579 = VECTOR('',#1580,1.);
#1580 = DIRECTION('',(0.,-1.));
#1581 = ( GEOMETRIC_REPRESENTATION_CONTEXT(2) 
PARAMETRIC_REPRESENTATION_CONTEXT() REPRESENTATION_CONTEXT('2D SPACE',''
  ) );
#1582 = PCURVE('',#1346,#1583);
#1583 = DEFINITIONAL_REPRESENTATION('',(#1584),#1588);
#1584 = LINE('',#1585,#1586);
#1585 = CARTESIAN_POINT('',(0.,-18.));
#1586 = VECTOR('',#1587,1.);
#1587 = DIRECTION('',(1.,0.));
#1588 = ( GEOMETRIC_REPRESENTATION_CONTEXT(2) 
PARAMETRIC_REPRESENTATION_CONTEXT() REPRESENTATION_CONTEXT('2D SPACE',''
  ) );
#1589 = ORIENTED_EDGE('',*,*,#1590,.T.);
#1590 = EDGE_CURVE('',#1568,#1591,#1593,.T.);
#1591 = VERTEX_POINT('',#1592);
#1592 = CARTESIAN_POINT('',(7.42E+03,364.,0.));
#1593 = SURFACE_CURVE('',#1594,(#1598,#1605),.PCURVE_S1.);
#1594 = LINE('',#1595,#1596);
#1595 = CARTESIAN_POINT('',(7.11E+03,364.,0.));
#1596 = VECTOR('',#1597,1.);
#1597 = DIRECTION('',(1.,0.,0.));
#1598 = PCURVE('',#1026,#1599);
#1599 = DEFINITIONAL_REPRESENTATION('',(#1600),#1604);
#1600 = LINE('',#1601,#1602);
#1601 = CARTESIAN_POINT('',(110.,-125.3709509144));
#1602 = VECTOR('',#1603,1.);
#1603 = DIRECTION('',(1.,0.));
#1604 = ( GEOMETRIC_REPRESENTATION_CONTEXT(2) 
PARAMETRIC_REPRESENTATION_CONTEXT() REPRESENTATION_CONTEXT('2D SPACE',''
  ) );
#1605 = PCURVE('',#1374,#1606);
#1606 = DEFINITIONAL_REPRESENTATION('',(#1607),#1611);
#1607 = LINE('',#1608,#1609);
#1608 = CARTESIAN_POINT('',(0.,-18.));
#1609 = VECTOR('',#1610,1.);
#1610 = DIRECTION('',(1.,0.));
#1611 = ( GEOMETRIC_REPRESENTATION_CONTEXT(2) 
PARAMETRIC_REPRESENTATION_CONTEXT() REPRESENTATION_CONTEXT('2D SPACE',''
  ) );
#1612 = ORIENTED_EDGE('',*,*,#1613,.T.);
#1613 = EDGE_CURVE('',#1591,#1614,#1616,.T.);
#1614 = VERTEX_POINT('',#1615);
#1615 = CARTESIAN_POINT('',(7.42E+03,364.,12.));
#1616 = SURFACE_CURVE('',#1617,(#1621,#1628),.PCURVE_S1.);
#1617 = LINE('',#1618,#1619);
#1618 = CARTESIAN_POINT('',(7.42E+03,364.,0.));
#1619 = VECTOR('',#1620,1.);
#1620 = DIRECTION('',(0.,0.,1.));
#1621 = PCURVE('',#1026,#1622);
#1622 = DEFINITIONAL_REPRESENTATION('',(#1623),#1627);
#1623 = LINE('',#1624,#1625);
#1624 = CARTESIAN_POINT('',(420.,-125.3709509144));
#1625 = VECTOR('',#1626,1.);
#1626 = DIRECTION('',(0.,1.));
#1627 = ( GEOMETRIC_REPRESENTATION_CONTEXT(2) 
PARAMETRIC_REPRESENTATION_CONTEXT() REPRESENTATION_CONTEXT('2D SPACE',''
  ) );
#1628 = PCURVE('',#1402,#1629);
#1629 = DEFINITIONAL_REPRESENTATION('',(#1630),#1634);
#1630 = LINE('',#1631,#1632);
#1631 = CARTESIAN_POINT('',(0.,-18.));
#1632 = VECTOR('',#1633,1.);
#1633 = DIRECTION('',(1.,0.));
#1634 = ( GEOMETRIC_REPRESENTATION_CONTEXT(2) 
PARAMETRIC_REPRESENTATION_CONTEXT() REPRESENTATION_CONTEXT('2D SPACE',''
  ) );
#1635 = ORIENTED_EDGE('',*,*,#1636,.T.);
#1636 = EDGE_CURVE('',#1614,#1637,#1639,.T.);
#1637 = VERTEX_POINT('',#1638);
#1638 = CARTESIAN_POINT('',(7.15E+03,364.,330.));
#1639 = SURFACE_CURVE('',#1640,(#1644,#1651),.PCURVE_S1.);
#1640 = LINE('',#1641,#1642);
#1641 = CARTESIAN_POINT('',(7.42E+03,364.,12.));
#1642 = VECTOR('',#1643,1.);
#1643 = DIRECTION('',(-0.647230821936,0.,0.762294079169));
#1644 = PCURVE('',#1026,#1645);
#1645 = DEFINITIONAL_REPRESENTATION('',(#1646),#1650);
#1646 = LINE('',#1647,#1648);
#1647 = CARTESIAN_POINT('',(420.,-113.3709509144));
#1648 = VECTOR('',#1649,1.);
#1649 = DIRECTION('',(-0.647230821936,0.762294079169));
#1650 = ( GEOMETRIC_REPRESENTATION_CONTEXT(2) 
PARAMETRIC_REPRESENTATION_CONTEXT() REPRESENTATION_CONTEXT('2D SPACE',''
  ) );
#1651 = PCURVE('',#1430,#1652);
#1652 = DEFINITIONAL_REPRESENTATION('',(#1653),#1657);
#1653 = LINE('',#1654,#1655);
#1654 = CARTESIAN_POINT('',(0.,-18.));
#1655 = VECTOR('',#1656,1.);
#1656 = DIRECTION('',(1.,0.));
#1657 = ( GEOMETRIC_REPRESENTATION_CONTEXT(2) 
PARAMETRIC_REPRESENTATION_CONTEXT() REPRESENTATION_CONTEXT('2D SPACE',''
  ) );
#1658 = ORIENTED_EDGE('',*,*,#1659,.T.);
#1659 = EDGE_CURVE('',#1637,#1660,#1662,.T.);
#1660 = VERTEX_POINT('',#1661);
#1661 = CARTESIAN_POINT('',(6.85E+03,364.,330.));
#1662 = SURFACE_CURVE('',#1663,(#1667,#1674),.PCURVE_S1.);
#1663 = LINE('',#1664,#1665);
#1664 = CARTESIAN_POINT('',(7.15E+03,364.,330.));
#1665 = VECTOR('',#1666,1.);
#1666 = DIRECTION('',(-1.,0.,0.));
#1667 = PCURVE('',#1026,#1668);
#1668 = DEFINITIONAL_REPRESENTATION('',(#1669),#1673);
#1669 = LINE('',#1670,#1671);
#1670 = CARTESIAN_POINT('',(150.,204.62904908551));
#1671 = VECTOR('',#1672,1.);
#1672 = DIRECTION('',(-1.,0.));
#1673 = ( GEOMETRIC_REPRESENTATION_CONTEXT(2) 
PARAMETRIC_REPRESENTATION_CONTEXT() REPRESENTATION_CONTEXT('2D SPACE',''
  ) );
#1674 = PCURVE('',#1458,#1675);
#1675 = DEFINITIONAL_REPRESENTATION('',(#1676),#1680);
#1676 = LINE('',#1677,#1678);
#1677 = CARTESIAN_POINT('',(0.,-18.));
#1678 = VECTOR('',#1679,1.);
#1679 = DIRECTION('',(1.,0.));
#1680 = ( GEOMETRIC_REPRESENTATION_CONTEXT(2) 
PARAMETRIC_REPRESENTATION_CONTEXT() REPRESENTATION_CONTEXT('2D SPACE',''
  ) );
#1681 = ORIENTED_EDGE('',*,*,#1682,.T.);
#1682 = EDGE_CURVE('',#1660,#1098,#1683,.T.);
#1683 = SURFACE_CURVE('',#1684,(#1688,#1695),.PCURVE_S1.);
#1684 = LINE('',#1685,#1686);
#1685 = CARTESIAN_POINT('',(6.85E+03,364.,330.));
#1686 = VECTOR('',#1687,1.);
#1687 = DIRECTION('',(-0.647230821936,-0.,-0.762294079169));
#1688 = PCURVE('',#1026,#1689);
#1689 = DEFINITIONAL_REPRESENTATION('',(#1690),#1694);
#1690 = LINE('',#1691,#1692);
#1691 = CARTESIAN_POINT('',(-150.,204.62904908551));
#1692 = VECTOR('',#1693,1.);
#1693 = DIRECTION('',(-0.647230821936,-0.762294079169));
#1694 = ( GEOMETRIC_REPRESENTATION_CONTEXT(2) 
PARAMETRIC_REPRESENTATION_CONTEXT() REPRESENTATION_CONTEXT('2D SPACE',''
  ) );
#1695 = PCURVE('',#1113,#1696);
#1696 = DEFINITIONAL_REPRESENTATION('',(#1697),#1701);
#1697 = LINE('',#1698,#1699);
#1698 = CARTESIAN_POINT('',(0.,-18.));
#1699 = VECTOR('',#1700,1.);
#1700 = DIRECTION('',(1.,0.));
#1701 = ( GEOMETRIC_REPRESENTATION_CONTEXT(2) 
PARAMETRIC_REPRESENTATION_CONTEXT() REPRESENTATION_CONTEXT('2D SPACE',''
  ) );
#1702 = ADVANCED_FACE('',(#1703),#1113,.T.);
#1703 = FACE_BOUND('',#1704,.T.);
#1704 = EDGE_LOOP('',(#1705,#1726,#1727,#1728));
#1705 = ORIENTED_EDGE('',*,*,#1706,.T.);
#1706 = EDGE_CURVE('',#1443,#1660,#1707,.T.);
#1707 = SURFACE_CURVE('',#1708,(#1712,#1719),.PCURVE_S1.);
#1708 = LINE('',#1709,#1710);
#1709 = CARTESIAN_POINT('',(6.85E+03,346.,330.));
#1710 = VECTOR('',#1711,1.);
#1711 = DIRECTION('',(-0.,1.,-0.));
#1712 = PCURVE('',#1113,#1713);
#1713 = DEFINITIONAL_REPRESENTATION('',(#1714),#1718);
#1714 = LINE('',#1715,#1716);
#1715 = CARTESIAN_POINT('',(0.,0.));
#1716 = VECTOR('',#1717,1.);
#1717 = DIRECTION('',(0.,-1.));
#1718 = ( GEOMETRIC_REPRESENTATION_CONTEXT(2) 
PARAMETRIC_REPRESENTATION_CONTEXT() REPRESENTATION_CONTEXT('2D SPACE',''
  ) );
#1719 = PCURVE('',#1458,#1720);
#1720 = DEFINITIONAL_REPRESENTATION('',(#1721),#1725);
#1721 = LINE('',#1722,#1723);
#1722 = CARTESIAN_POINT('',(300.,0.));
#1723 = VECTOR('',#1724,1.);
#1724 = DIRECTION('',(0.,-1.));
#1725 = ( GEOMETRIC_REPRESENTATION_CONTEXT(2) 
PARAMETRIC_REPRESENTATION_CONTEXT() REPRESENTATION_CONTEXT('2D SPACE',''
  ) );
#1726 = ORIENTED_EDGE('',*,*,#1682,.T.);
#1727 = ORIENTED_EDGE('',*,*,#1095,.F.);
#1728 = ORIENTED_EDGE('',*,*,#1470,.F.);
#1729 = ADVANCED_FACE('',(#1730),#1211,.T.);
#1730 = FACE_BOUND('',#1731,.T.);
#1731 = EDGE_LOOP('',(#1732,#1733,#1734,#1735));
#1732 = ORIENTED_EDGE('',*,*,#1250,.F.);
#1733 = ORIENTED_EDGE('',*,*,#1195,.T.);
#1734 = ORIENTED_EDGE('',*,*,#1497,.T.);
#1735 = ORIENTED_EDGE('',*,*,#1736,.T.);
#1736 = EDGE_CURVE('',#1498,#1251,#1737,.T.);
#1737 = SURFACE_CURVE('',#1738,(#1742,#1748),.PCURVE_S1.);
#1738 = LINE('',#1739,#1740);
#1739 = CARTESIAN_POINT('',(6.9895E+03,365.,110.));
#1740 = VECTOR('',#1741,1.);
#1741 = DIRECTION('',(0.,-1.,2.22044604925E-16));
#1742 = PCURVE('',#1211,#1743);
#1743 = DEFINITIONAL_REPRESENTATION('',(#1744),#1747);
#1744 = B_SPLINE_CURVE_WITH_KNOTS('',1,(#1745,#1746),.UNSPECIFIED.,.F.,
  .F.,(2,2),(-6.000000212225E-07,20.0000006),.PIECEWISE_BEZIER_KNOTS.);
#1745 = CARTESIAN_POINT('',(99.5,-19.0000006));
#1746 = CARTESIAN_POINT('',(99.5,1.0000006));
#1747 = ( GEOMETRIC_REPRESENTATION_CONTEXT(2) 
PARAMETRIC_REPRESENTATION_CONTEXT() REPRESENTATION_CONTEXT('2D SPACE',''
  ) );
#1748 = PCURVE('',#1290,#1749);
#1749 = DEFINITIONAL_REPRESENTATION('',(#1750),#1753);
#1750 = B_SPLINE_CURVE_WITH_KNOTS('',1,(#1751,#1752),.UNSPECIFIED.,.F.,
  .F.,(2,2),(-6.000000212225E-07,20.0000006),.PIECEWISE_BEZIER_KNOTS.);
#1751 = CARTESIAN_POINT('',(3.14159265359,-6.000000212225E-07));
#1752 = CARTESIAN_POINT('',(3.14159265359,20.0000006));
#1753 = ( GEOMETRIC_REPRESENTATION_CONTEXT(2) 
PARAMETRIC_REPRESENTATION_CONTEXT() REPRESENTATION_CONTEXT('2D SPACE',''
  ) );
#1754 = ADVANCED_FACE('',(#1755),#1458,.T.);
#1755 = FACE_BOUND('',#1756,.T.);
#1756 = EDGE_LOOP('',(#1757,#1778,#1779,#1780));
#1757 = ORIENTED_EDGE('',*,*,#1758,.T.);
#1758 = EDGE_CURVE('',#1415,#1637,#1759,.T.);
#1759 = SURFACE_CURVE('',#1760,(#1764,#1771),.PCURVE_S1.);
#1760 = LINE('',#1761,#1762);
#1761 = CARTESIAN_POINT('',(7.15E+03,346.,330.));
#1762 = VECTOR('',#1763,1.);
#1763 = DIRECTION('',(-0.,1.,-0.));
#1764 = PCURVE('',#1458,#1765);
#1765 = DEFINITIONAL_REPRESENTATION('',(#1766),#1770);
#1766 = LINE('',#1767,#1768);
#1767 = CARTESIAN_POINT('',(0.,0.));
#1768 = VECTOR('',#1769,1.);
#1769 = DIRECTION('',(0.,-1.));
#1770 = ( GEOMETRIC_REPRESENTATION_CONTEXT(2) 
PARAMETRIC_REPRESENTATION_CONTEXT() REPRESENTATION_CONTEXT('2D SPACE',''
  ) );
#1771 = PCURVE('',#1430,#1772);
#1772 = DEFINITIONAL_REPRESENTATION('',(#1773),#1777);
#1773 = LINE('',#1774,#1775);
#1774 = CARTESIAN_POINT('',(417.16183909844,0.));
#1775 = VECTOR('',#1776,1.);
#1776 = DIRECTION('',(0.,-1.));
#1777 = ( GEOMETRIC_REPRESENTATION_CONTEXT(2) 
PARAMETRIC_REPRESENTATION_CONTEXT() REPRESENTATION_CONTEXT('2D SPACE',''
  ) );
#1778 = ORIENTED_EDGE('',*,*,#1659,.T.);
#1779 = ORIENTED_EDGE('',*,*,#1706,.F.);
#1780 = ORIENTED_EDGE('',*,*,#1442,.F.);
#1781 = ADVANCED_FACE('',(#1782),#1430,.T.);
#1782 = FACE_BOUND('',#1783,.T.);
#1783 = EDGE_LOOP('',(#1784,#1805,#1806,#1807));
#1784 = ORIENTED_EDGE('',*,*,#1785,.T.);
#1785 = EDGE_CURVE('',#1387,#1614,#1786,.T.);
#1786 = SURFACE_CURVE('',#1787,(#1791,#1798),.PCURVE_S1.);
#1787 = LINE('',#1788,#1789);
#1788 = CARTESIAN_POINT('',(7.42E+03,346.,12.));
#1789 = VECTOR('',#1790,1.);
#1790 = DIRECTION('',(-0.,1.,-0.));
#1791 = PCURVE('',#1430,#1792);
#1792 = DEFINITIONAL_REPRESENTATION('',(#1793),#1797);
#1793 = LINE('',#1794,#1795);
#1794 = CARTESIAN_POINT('',(0.,0.));
#1795 = VECTOR('',#1796,1.);
#1796 = DIRECTION('',(0.,-1.));
#1797 = ( GEOMETRIC_REPRESENTATION_CONTEXT(2) 
PARAMETRIC_REPRESENTATION_CONTEXT() REPRESENTATION_CONTEXT('2D SPACE',''
  ) );
#1798 = PCURVE('',#1402,#1799);
#1799 = DEFINITIONAL_REPRESENTATION('',(#1800),#1804);
#1800 = LINE('',#1801,#1802);
#1801 = CARTESIAN_POINT('',(12.,0.));
#1802 = VECTOR('',#1803,1.);
#1803 = DIRECTION('',(0.,-1.));
#1804 = ( GEOMETRIC_REPRESENTATION_CONTEXT(2) 
PARAMETRIC_REPRESENTATION_CONTEXT() REPRESENTATION_CONTEXT('2D SPACE',''
  ) );
#1805 = ORIENTED_EDGE('',*,*,#1636,.T.);
#1806 = ORIENTED_EDGE('',*,*,#1758,.F.);
#1807 = ORIENTED_EDGE('',*,*,#1414,.F.);
#1808 = ADVANCED_FACE('',(#1809),#1402,.T.);
#1809 = FACE_BOUND('',#1810,.T.);
#1810 = EDGE_LOOP('',(#1811,#1832,#1833,#1834));
#1811 = ORIENTED_EDGE('',*,*,#1812,.T.);
#1812 = EDGE_CURVE('',#1359,#1591,#1813,.T.);
#1813 = SURFACE_CURVE('',#1814,(#1818,#1825),.PCURVE_S1.);
#1814 = LINE('',#1815,#1816);
#1815 = CARTESIAN_POINT('',(7.42E+03,346.,0.));
#1816 = VECTOR('',#1817,1.);
#1817 = DIRECTION('',(-0.,1.,-0.));
#1818 = PCURVE('',#1402,#1819);
#1819 = DEFINITIONAL_REPRESENTATION('',(#1820),#1824);
#1820 = LINE('',#1821,#1822);
#1821 = CARTESIAN_POINT('',(0.,0.));
#1822 = VECTOR('',#1823,1.);
#1823 = DIRECTION('',(0.,-1.));
#1824 = ( GEOMETRIC_REPRESENTATION_CONTEXT(2) 
PARAMETRIC_REPRESENTATION_CONTEXT() REPRESENTATION_CONTEXT('2D SPACE',''
  ) );
#1825 = PCURVE('',#1374,#1826);
#1826 = DEFINITIONAL_REPRESENTATION('',(#1827),#1831);
#1827 = LINE('',#1828,#1829);
#1828 = CARTESIAN_POINT('',(310.,0.));
#1829 = VECTOR('',#1830,1.);
#1830 = DIRECTION('',(0.,-1.));
#1831 = ( GEOMETRIC_REPRESENTATION_CONTEXT(2) 
PARAMETRIC_REPRESENTATION_CONTEXT() REPRESENTATION_CONTEXT('2D SPACE',''
  ) );
#1832 = ORIENTED_EDGE('',*,*,#1613,.T.);
#1833 = ORIENTED_EDGE('',*,*,#1785,.F.);
#1834 = ORIENTED_EDGE('',*,*,#1386,.F.);
#1835 = ADVANCED_FACE('',(#1836),#1374,.T.);
#1836 = FACE_BOUND('',#1837,.T.);
#1837 = EDGE_LOOP('',(#1838,#1859,#1860,#1861));
#1838 = ORIENTED_EDGE('',*,*,#1839,.T.);
#1839 = EDGE_CURVE('',#1331,#1568,#1840,.T.);
#1840 = SURFACE_CURVE('',#1841,(#1845,#1852),.PCURVE_S1.);
#1841 = LINE('',#1842,#1843);
#1842 = CARTESIAN_POINT('',(7.11E+03,346.,0.));
#1843 = VECTOR('',#1844,1.);
#1844 = DIRECTION('',(-0.,1.,-0.));
#1845 = PCURVE('',#1374,#1846);
#1846 = DEFINITIONAL_REPRESENTATION('',(#1847),#1851);
#1847 = LINE('',#1848,#1849);
#1848 = CARTESIAN_POINT('',(0.,0.));
#1849 = VECTOR('',#1850,1.);
#1850 = DIRECTION('',(0.,-1.));
#1851 = ( GEOMETRIC_REPRESENTATION_CONTEXT(2) 
PARAMETRIC_REPRESENTATION_CONTEXT() REPRESENTATION_CONTEXT('2D SPACE',''
  ) );
#1852 = PCURVE('',#1346,#1853);
#1853 = DEFINITIONAL_REPRESENTATION('',(#1854),#1858);
#1854 = LINE('',#1855,#1856);
#1855 = CARTESIAN_POINT('',(110.,0.));
#1856 = VECTOR('',#1857,1.);
#1857 = DIRECTION('',(0.,-1.));
#1858 = ( GEOMETRIC_REPRESENTATION_CONTEXT(2) 
PARAMETRIC_REPRESENTATION_CONTEXT() REPRESENTATION_CONTEXT('2D SPACE',''
  ) );
#1859 = ORIENTED_EDGE('',*,*,#1590,.T.);
#1860 = ORIENTED_EDGE('',*,*,#1812,.F.);
#1861 = ORIENTED_EDGE('',*,*,#1358,.F.);
#1862 = ADVANCED_FACE('',(#1863),#1346,.T.);
#1863 = FACE_BOUND('',#1864,.T.);
#1864 = EDGE_LOOP('',(#1865,#1886,#1887,#1888));
#1865 = ORIENTED_EDGE('',*,*,#1866,.T.);
#1866 = EDGE_CURVE('',#1303,#1545,#1867,.T.);
#1867 = SURFACE_CURVE('',#1868,(#1872,#1879),.PCURVE_S1.);
#1868 = LINE('',#1869,#1870);
#1869 = CARTESIAN_POINT('',(7.11E+03,346.,110.));
#1870 = VECTOR('',#1871,1.);
#1871 = DIRECTION('',(-0.,1.,-0.));
#1872 = PCURVE('',#1346,#1873);
#1873 = DEFINITIONAL_REPRESENTATION('',(#1874),#1878);
#1874 = LINE('',#1875,#1876);
#1875 = CARTESIAN_POINT('',(0.,0.));
#1876 = VECTOR('',#1877,1.);
#1877 = DIRECTION('',(0.,-1.));
#1878 = ( GEOMETRIC_REPRESENTATION_CONTEXT(2) 
PARAMETRIC_REPRESENTATION_CONTEXT() REPRESENTATION_CONTEXT('2D SPACE',''
  ) );
#1879 = PCURVE('',#1318,#1880);
#1880 = DEFINITIONAL_REPRESENTATION('',(#1881),#1885);
#1881 = LINE('',#1882,#1883);
#1882 = CARTESIAN_POINT('',(220.,0.));
#1883 = VECTOR('',#1884,1.);
#1884 = DIRECTION('',(0.,-1.));
#1885 = ( GEOMETRIC_REPRESENTATION_CONTEXT(2) 
PARAMETRIC_REPRESENTATION_CONTEXT() REPRESENTATION_CONTEXT('2D SPACE',''
  ) );
#1886 = ORIENTED_EDGE('',*,*,#1567,.T.);
#1887 = ORIENTED_EDGE('',*,*,#1839,.F.);
#1888 = ORIENTED_EDGE('',*,*,#1330,.F.);
#1889 = ADVANCED_FACE('',(#1890),#1318,.T.);
#1890 = FACE_BOUND('',#1891,.T.);
#1891 = EDGE_LOOP('',(#1892,#1893,#1914,#1915));
#1892 = ORIENTED_EDGE('',*,*,#1302,.F.);
#1893 = ORIENTED_EDGE('',*,*,#1894,.F.);
#1894 = EDGE_CURVE('',#1521,#1274,#1895,.T.);
#1895 = SURFACE_CURVE('',#1896,(#1900,#1907),.PCURVE_S1.);
#1896 = LINE('',#1897,#1898);
#1897 = CARTESIAN_POINT('',(7.0105E+03,365.,110.));
#1898 = VECTOR('',#1899,1.);
#1899 = DIRECTION('',(0.,-1.,2.22044604925E-16));
#1900 = PCURVE('',#1318,#1901);
#1901 = DEFINITIONAL_REPRESENTATION('',(#1902),#1906);
#1902 = LINE('',#1903,#1904);
#1903 = CARTESIAN_POINT('',(120.5,-19.));
#1904 = VECTOR('',#1905,1.);
#1905 = DIRECTION('',(0.,1.));
#1906 = ( GEOMETRIC_REPRESENTATION_CONTEXT(2) 
PARAMETRIC_REPRESENTATION_CONTEXT() REPRESENTATION_CONTEXT('2D SPACE',''
  ) );
#1907 = PCURVE('',#1290,#1908);
#1908 = DEFINITIONAL_REPRESENTATION('',(#1909),#1913);
#1909 = LINE('',#1910,#1911);
#1910 = CARTESIAN_POINT('',(0.,-0.));
#1911 = VECTOR('',#1912,1.);
#1912 = DIRECTION('',(0.,1.));
#1913 = ( GEOMETRIC_REPRESENTATION_CONTEXT(2) 
PARAMETRIC_REPRESENTATION_CONTEXT() REPRESENTATION_CONTEXT('2D SPACE',''
  ) );
#1914 = ORIENTED_EDGE('',*,*,#1544,.T.);
#1915 = ORIENTED_EDGE('',*,*,#1866,.F.);
#1916 = ADVANCED_FACE('',(#1917),#1290,.F.);
#1917 = FACE_BOUND('',#1918,.F.);
#1918 = EDGE_LOOP('',(#1919,#1920,#1921,#1922));
#1919 = ORIENTED_EDGE('',*,*,#1273,.F.);
#1920 = ORIENTED_EDGE('',*,*,#1894,.F.);
#1921 = ORIENTED_EDGE('',*,*,#1520,.T.);
#1922 = ORIENTED_EDGE('',*,*,#1736,.T.);
#1923 = MANIFOLD_SOLID_BREP('',#1924);
#1924 = CLOSED_SHELL('',(#1925,#2045,#2121,#2197,#2273,#2349,#2425,#2496
    ,#2543,#2554));
#1925 = ADVANCED_FACE('',(#1926),#1940,.T.);
#1926 = FACE_BOUND('',#1927,.T.);
#1927 = EDGE_LOOP('',(#1928,#1963,#1991,#2019));
#1928 = ORIENTED_EDGE('',*,*,#1929,.T.);
#1929 = EDGE_CURVE('',#1930,#1932,#1934,.T.);
#1930 = VERTEX_POINT('',#1931);
#1931 = CARTESIAN_POINT('',(7.42E+03,-264.,0.));
#1932 = VERTEX_POINT('',#1933);
#1933 = CARTESIAN_POINT('',(7.42E+03,346.,0.));
#1934 = SURFACE_CURVE('',#1935,(#1939,#1951),.PCURVE_S1.);
#1935 = LINE('',#1936,#1937);
#1936 = CARTESIAN_POINT('',(7.42E+03,-264.,0.));
#1937 = VECTOR('',#1938,1.);
#1938 = DIRECTION('',(-0.,1.,-0.));
#1939 = PCURVE('',#1940,#1945);
#1940 = PLANE('',#1941);
#1941 = AXIS2_PLACEMENT_3D('',#1942,#1943,#1944);
#1942 = CARTESIAN_POINT('',(7.42E+03,-264.,0.));
#1943 = DIRECTION('',(0.323687679063,0.,0.946163984953));
#1944 = DIRECTION('',(-0.946163984953,0.,0.323687679063));
#1945 = DEFINITIONAL_REPRESENTATION('',(#1946),#1950);
#1946 = LINE('',#1947,#1948);
#1947 = CARTESIAN_POINT('',(0.,0.));
#1948 = VECTOR('',#1949,1.);
#1949 = DIRECTION('',(0.,-1.));
#1950 = ( GEOMETRIC_REPRESENTATION_CONTEXT(2) 
PARAMETRIC_REPRESENTATION_CONTEXT() REPRESENTATION_CONTEXT('2D SPACE',''
  ) );
#1951 = PCURVE('',#1952,#1957);
#1952 = PLANE('',#1953);
#1953 = AXIS2_PLACEMENT_3D('',#1954,#1955,#1956);
#1954 = CARTESIAN_POINT('',(7.411230769231E+03,-264.,0.));
#1955 = DIRECTION('',(0.,0.,-1.));
#1956 = DIRECTION('',(1.,0.,0.));
#1957 = DEFINITIONAL_REPRESENTATION('',(#1958),#1962);
#1958 = LINE('',#1959,#1960);
#1959 = CARTESIAN_POINT('',(8.769230769231,0.));
#1960 = VECTOR('',#1961,1.);
#1961 = DIRECTION('',(0.,-1.));
#1962 = ( GEOMETRIC_REPRESENTATION_CONTEXT(2) 
PARAMETRIC_REPRESENTATION_CONTEXT() REPRESENTATION_CONTEXT('2D SPACE',''
  ) );
#1963 = ORIENTED_EDGE('',*,*,#1964,.T.);
#1964 = EDGE_CURVE('',#1932,#1965,#1967,.T.);
#1965 = VERTEX_POINT('',#1966);
#1966 = CARTESIAN_POINT('',(7.04E+03,346.,130.));
#1967 = SURFACE_CURVE('',#1968,(#1972,#1979),.PCURVE_S1.);
#1968 = LINE('',#1969,#1970);
#1969 = CARTESIAN_POINT('',(7.42E+03,346.,0.));
#1970 = VECTOR('',#1971,1.);
#1971 = DIRECTION('',(-0.946163984953,0.,0.323687679063));
#1972 = PCURVE('',#1940,#1973);
#1973 = DEFINITIONAL_REPRESENTATION('',(#1974),#1978);
#1974 = LINE('',#1975,#1976);
#1975 = CARTESIAN_POINT('',(0.,-610.));
#1976 = VECTOR('',#1977,1.);
#1977 = DIRECTION('',(1.,0.));
#1978 = ( GEOMETRIC_REPRESENTATION_CONTEXT(2) 
PARAMETRIC_REPRESENTATION_CONTEXT() REPRESENTATION_CONTEXT('2D SPACE',''
  ) );
#1979 = PCURVE('',#1980,#1985);
#1980 = PLANE('',#1981);
#1981 = AXIS2_PLACEMENT_3D('',#1982,#1983,#1984);
#1982 = CARTESIAN_POINT('',(7.22917763613E+03,346.,63.798588977256));
#1983 = DIRECTION('',(0.,-1.,0.));
#1984 = DIRECTION('',(1.,0.,0.));
#1985 = DEFINITIONAL_REPRESENTATION('',(#1986),#1990);
#1986 = LINE('',#1987,#1988);
#1987 = CARTESIAN_POINT('',(190.82236387002,-63.79858897725));
#1988 = VECTOR('',#1989,1.);
#1989 = DIRECTION('',(-0.946163984953,0.323687679063));
#1990 = ( GEOMETRIC_REPRESENTATION_CONTEXT(2) 
PARAMETRIC_REPRESENTATION_CONTEXT() REPRESENTATION_CONTEXT('2D SPACE',''
  ) );
#1991 = ORIENTED_EDGE('',*,*,#1992,.F.);
#1992 = EDGE_CURVE('',#1993,#1965,#1995,.T.);
#1993 = VERTEX_POINT('',#1994);
#1994 = CARTESIAN_POINT('',(7.04E+03,-264.,130.));
#1995 = SURFACE_CURVE('',#1996,(#2000,#2007),.PCURVE_S1.);
#1996 = LINE('',#1997,#1998);
#1997 = CARTESIAN_POINT('',(7.04E+03,-264.,130.));
#1998 = VECTOR('',#1999,1.);
#1999 = DIRECTION('',(-0.,1.,-0.));
#2000 = PCURVE('',#1940,#2001);
#2001 = DEFINITIONAL_REPRESENTATION('',(#2002),#2006);
#2002 = LINE('',#2003,#2004);
#2003 = CARTESIAN_POINT('',(401.62171256046,0.));
#2004 = VECTOR('',#2005,1.);
#2005 = DIRECTION('',(0.,-1.));
#2006 = ( GEOMETRIC_REPRESENTATION_CONTEXT(2) 
PARAMETRIC_REPRESENTATION_CONTEXT() REPRESENTATION_CONTEXT('2D SPACE',''
  ) );
#2007 = PCURVE('',#2008,#2013);
#2008 = PLANE('',#2009);
#2009 = AXIS2_PLACEMENT_3D('',#2010,#2011,#2012);
#2010 = CARTESIAN_POINT('',(7.04E+03,-264.,130.));
#2011 = DIRECTION('',(-1.,-0.,-0.));
#2012 = DIRECTION('',(0.,0.,-1.));
#2013 = DEFINITIONAL_REPRESENTATION('',(#2014),#2018);
#2014 = LINE('',#2015,#2016);
#2015 = CARTESIAN_POINT('',(0.,0.));
#2016 = VECTOR('',#2017,1.);
#2017 = DIRECTION('',(0.,-1.));
#2018 = ( GEOMETRIC_REPRESENTATION_CONTEXT(2) 
PARAMETRIC_REPRESENTATION_CONTEXT() REPRESENTATION_CONTEXT('2D SPACE',''
  ) );
#2019 = ORIENTED_EDGE('',*,*,#2020,.F.);
#2020 = EDGE_CURVE('',#1930,#1993,#2021,.T.);
#2021 = SURFACE_CURVE('',#2022,(#2026,#2033),.PCURVE_S1.);
#2022 = LINE('',#2023,#2024);
#2023 = CARTESIAN_POINT('',(7.42E+03,-264.,0.));
#2024 = VECTOR('',#2025,1.);
#2025 = DIRECTION('',(-0.946163984953,0.,0.323687679063));
#2026 = PCURVE('',#1940,#2027);
#2027 = DEFINITIONAL_REPRESENTATION('',(#2028),#2032);
#2028 = LINE('',#2029,#2030);
#2029 = CARTESIAN_POINT('',(0.,0.));
#2030 = VECTOR('',#2031,1.);
#2031 = DIRECTION('',(1.,0.));
#2032 = ( GEOMETRIC_REPRESENTATION_CONTEXT(2) 
PARAMETRIC_REPRESENTATION_CONTEXT() REPRESENTATION_CONTEXT('2D SPACE',''
  ) );
#2033 = PCURVE('',#2034,#2039);
#2034 = PLANE('',#2035);
#2035 = AXIS2_PLACEMENT_3D('',#2036,#2037,#2038);
#2036 = CARTESIAN_POINT('',(7.22917763613E+03,-264.,63.798588977256));
#2037 = DIRECTION('',(0.,-1.,0.));
#2038 = DIRECTION('',(1.,0.,0.));
#2039 = DEFINITIONAL_REPRESENTATION('',(#2040),#2044);
#2040 = LINE('',#2041,#2042);
#2041 = CARTESIAN_POINT('',(190.82236387002,-63.79858897725));
#2042 = VECTOR('',#2043,1.);
#2043 = DIRECTION('',(-0.946163984953,0.323687679063));
#2044 = ( GEOMETRIC_REPRESENTATION_CONTEXT(2) 
PARAMETRIC_REPRESENTATION_CONTEXT() REPRESENTATION_CONTEXT('2D SPACE',''
  ) );
#2045 = ADVANCED_FACE('',(#2046),#1980,.F.);
#2046 = FACE_BOUND('',#2047,.F.);
#2047 = EDGE_LOOP('',(#2048,#2049,#2072,#2100));
#2048 = ORIENTED_EDGE('',*,*,#1964,.T.);
#2049 = ORIENTED_EDGE('',*,*,#2050,.T.);
#2050 = EDGE_CURVE('',#1965,#2051,#2053,.T.);
#2051 = VERTEX_POINT('',#2052);
#2052 = CARTESIAN_POINT('',(7.04E+03,346.,97.));
#2053 = SURFACE_CURVE('',#2054,(#2058,#2065),.PCURVE_S1.);
#2054 = LINE('',#2055,#2056);
#2055 = CARTESIAN_POINT('',(7.04E+03,346.,130.));
#2056 = VECTOR('',#2057,1.);
#2057 = DIRECTION('',(0.,0.,-1.));
#2058 = PCURVE('',#1980,#2059);
#2059 = DEFINITIONAL_REPRESENTATION('',(#2060),#2064);
#2060 = LINE('',#2061,#2062);
#2061 = CARTESIAN_POINT('',(-189.1776361299,66.201411022744));
#2062 = VECTOR('',#2063,1.);
#2063 = DIRECTION('',(0.,-1.));
#2064 = ( GEOMETRIC_REPRESENTATION_CONTEXT(2) 
PARAMETRIC_REPRESENTATION_CONTEXT() REPRESENTATION_CONTEXT('2D SPACE',''
  ) );
#2065 = PCURVE('',#2008,#2066);
#2066 = DEFINITIONAL_REPRESENTATION('',(#2067),#2071);
#2067 = LINE('',#2068,#2069);
#2068 = CARTESIAN_POINT('',(0.,-610.));
#2069 = VECTOR('',#2070,1.);
#2070 = DIRECTION('',(1.,0.));
#2071 = ( GEOMETRIC_REPRESENTATION_CONTEXT(2) 
PARAMETRIC_REPRESENTATION_CONTEXT() REPRESENTATION_CONTEXT('2D SPACE',''
  ) );
#2072 = ORIENTED_EDGE('',*,*,#2073,.T.);
#2073 = EDGE_CURVE('',#2051,#2074,#2076,.T.);
#2074 = VERTEX_POINT('',#2075);
#2075 = CARTESIAN_POINT('',(7.351230769231E+03,346.,0.));
#2076 = SURFACE_CURVE('',#2077,(#2081,#2088),.PCURVE_S1.);
#2077 = LINE('',#2078,#2079);
#2078 = CARTESIAN_POINT('',(7.04E+03,346.,97.));
#2079 = VECTOR('',#2080,1.);
#2080 = DIRECTION('',(0.954706428336,0.,-0.297549383621));
#2081 = PCURVE('',#1980,#2082);
#2082 = DEFINITIONAL_REPRESENTATION('',(#2083),#2087);
#2083 = LINE('',#2084,#2085);
#2084 = CARTESIAN_POINT('',(-189.1776361299,33.201411022744));
#2085 = VECTOR('',#2086,1.);
#2086 = DIRECTION('',(0.954706428336,-0.297549383621));
#2087 = ( GEOMETRIC_REPRESENTATION_CONTEXT(2) 
PARAMETRIC_REPRESENTATION_CONTEXT() REPRESENTATION_CONTEXT('2D SPACE',''
  ) );
#2088 = PCURVE('',#2089,#2094);
#2089 = PLANE('',#2090);
#2090 = AXIS2_PLACEMENT_3D('',#2091,#2092,#2093);
#2091 = CARTESIAN_POINT('',(7.04E+03,343.,97.));
#2092 = DIRECTION('',(-0.297549383621,-0.,-0.954706428336));
#2093 = DIRECTION('',(0.954706428336,0.,-0.297549383621));
#2094 = DEFINITIONAL_REPRESENTATION('',(#2095),#2099);
#2095 = LINE('',#2096,#2097);
#2096 = CARTESIAN_POINT('',(0.,-3.));
#2097 = VECTOR('',#2098,1.);
#2098 = DIRECTION('',(1.,0.));
#2099 = ( GEOMETRIC_REPRESENTATION_CONTEXT(2) 
PARAMETRIC_REPRESENTATION_CONTEXT() REPRESENTATION_CONTEXT('2D SPACE',''
  ) );
#2100 = ORIENTED_EDGE('',*,*,#2101,.T.);
#2101 = EDGE_CURVE('',#2074,#1932,#2102,.T.);
#2102 = SURFACE_CURVE('',#2103,(#2107,#2114),.PCURVE_S1.);
#2103 = LINE('',#2104,#2105);
#2104 = CARTESIAN_POINT('',(7.351230769231E+03,346.,0.));
#2105 = VECTOR('',#2106,1.);
#2106 = DIRECTION('',(1.,0.,0.));
#2107 = PCURVE('',#1980,#2108);
#2108 = DEFINITIONAL_REPRESENTATION('',(#2109),#2113);
#2109 = LINE('',#2110,#2111);
#2110 = CARTESIAN_POINT('',(122.05313310079,-63.79858897725));
#2111 = VECTOR('',#2112,1.);
#2112 = DIRECTION('',(1.,0.));
#2113 = ( GEOMETRIC_REPRESENTATION_CONTEXT(2) 
PARAMETRIC_REPRESENTATION_CONTEXT() REPRESENTATION_CONTEXT('2D SPACE',''
  ) );
#2114 = PCURVE('',#1952,#2115);
#2115 = DEFINITIONAL_REPRESENTATION('',(#2116),#2120);
#2116 = LINE('',#2117,#2118);
#2117 = CARTESIAN_POINT('',(-60.,-610.));
#2118 = VECTOR('',#2119,1.);
#2119 = DIRECTION('',(1.,0.));
#2120 = ( GEOMETRIC_REPRESENTATION_CONTEXT(2) 
PARAMETRIC_REPRESENTATION_CONTEXT() REPRESENTATION_CONTEXT('2D SPACE',''
  ) );
#2121 = ADVANCED_FACE('',(#2122),#2089,.T.);
#2122 = FACE_BOUND('',#2123,.T.);
#2123 = EDGE_LOOP('',(#2124,#2147,#2148,#2171));
#2124 = ORIENTED_EDGE('',*,*,#2125,.T.);
#2125 = EDGE_CURVE('',#2126,#2051,#2128,.T.);
#2126 = VERTEX_POINT('',#2127);
#2127 = CARTESIAN_POINT('',(7.04E+03,343.,97.));
#2128 = SURFACE_CURVE('',#2129,(#2133,#2140),.PCURVE_S1.);
#2129 = LINE('',#2130,#2131);
#2130 = CARTESIAN_POINT('',(7.04E+03,343.,97.));
#2131 = VECTOR('',#2132,1.);
#2132 = DIRECTION('',(-0.,1.,-0.));
#2133 = PCURVE('',#2089,#2134);
#2134 = DEFINITIONAL_REPRESENTATION('',(#2135),#2139);
#2135 = LINE('',#2136,#2137);
#2136 = CARTESIAN_POINT('',(0.,0.));
#2137 = VECTOR('',#2138,1.);
#2138 = DIRECTION('',(0.,-1.));
#2139 = ( GEOMETRIC_REPRESENTATION_CONTEXT(2) 
PARAMETRIC_REPRESENTATION_CONTEXT() REPRESENTATION_CONTEXT('2D SPACE',''
  ) );
#2140 = PCURVE('',#2008,#2141);
#2141 = DEFINITIONAL_REPRESENTATION('',(#2142),#2146);
#2142 = LINE('',#2143,#2144);
#2143 = CARTESIAN_POINT('',(33.,-607.));
#2144 = VECTOR('',#2145,1.);
#2145 = DIRECTION('',(0.,-1.));
#2146 = ( GEOMETRIC_REPRESENTATION_CONTEXT(2) 
PARAMETRIC_REPRESENTATION_CONTEXT() REPRESENTATION_CONTEXT('2D SPACE',''
  ) );
#2147 = ORIENTED_EDGE('',*,*,#2073,.T.);
#2148 = ORIENTED_EDGE('',*,*,#2149,.F.);
#2149 = EDGE_CURVE('',#2150,#2074,#2152,.T.);
#2150 = VERTEX_POINT('',#2151);
#2151 = CARTESIAN_POINT('',(7.351230769231E+03,343.,0.));
#2152 = SURFACE_CURVE('',#2153,(#2157,#2164),.PCURVE_S1.);
#2153 = LINE('',#2154,#2155);
#2154 = CARTESIAN_POINT('',(7.351230769231E+03,343.,0.));
#2155 = VECTOR('',#2156,1.);
#2156 = DIRECTION('',(-0.,1.,-0.));
#2157 = PCURVE('',#2089,#2158);
#2158 = DEFINITIONAL_REPRESENTATION('',(#2159),#2163);
#2159 = LINE('',#2160,#2161);
#2160 = CARTESIAN_POINT('',(325.99630629192,0.));
#2161 = VECTOR('',#2162,1.);
#2162 = DIRECTION('',(0.,-1.));
#2163 = ( GEOMETRIC_REPRESENTATION_CONTEXT(2) 
PARAMETRIC_REPRESENTATION_CONTEXT() REPRESENTATION_CONTEXT('2D SPACE',''
  ) );
#2164 = PCURVE('',#1952,#2165);
#2165 = DEFINITIONAL_REPRESENTATION('',(#2166),#2170);
#2166 = LINE('',#2167,#2168);
#2167 = CARTESIAN_POINT('',(-60.,-607.));
#2168 = VECTOR('',#2169,1.);
#2169 = DIRECTION('',(0.,-1.));
#2170 = ( GEOMETRIC_REPRESENTATION_CONTEXT(2) 
PARAMETRIC_REPRESENTATION_CONTEXT() REPRESENTATION_CONTEXT('2D SPACE',''
  ) );
#2171 = ORIENTED_EDGE('',*,*,#2172,.F.);
#2172 = EDGE_CURVE('',#2126,#2150,#2173,.T.);
#2173 = SURFACE_CURVE('',#2174,(#2178,#2185),.PCURVE_S1.);
#2174 = LINE('',#2175,#2176);
#2175 = CARTESIAN_POINT('',(7.04E+03,343.,97.));
#2176 = VECTOR('',#2177,1.);
#2177 = DIRECTION('',(0.954706428336,0.,-0.297549383621));
#2178 = PCURVE('',#2089,#2179);
#2179 = DEFINITIONAL_REPRESENTATION('',(#2180),#2184);
#2180 = LINE('',#2181,#2182);
#2181 = CARTESIAN_POINT('',(0.,0.));
#2182 = VECTOR('',#2183,1.);
#2183 = DIRECTION('',(1.,0.));
#2184 = ( GEOMETRIC_REPRESENTATION_CONTEXT(2) 
PARAMETRIC_REPRESENTATION_CONTEXT() REPRESENTATION_CONTEXT('2D SPACE',''
  ) );
#2185 = PCURVE('',#2186,#2191);
#2186 = PLANE('',#2187);
#2187 = AXIS2_PLACEMENT_3D('',#2188,#2189,#2190);
#2188 = CARTESIAN_POINT('',(7.218178718631E+03,343.,54.53736480672));
#2189 = DIRECTION('',(0.,-1.,0.));
#2190 = DIRECTION('',(1.,0.,0.));
#2191 = DEFINITIONAL_REPRESENTATION('',(#2192),#2196);
#2192 = LINE('',#2193,#2194);
#2193 = CARTESIAN_POINT('',(-178.1787186314,42.46263519328));
#2194 = VECTOR('',#2195,1.);
#2195 = DIRECTION('',(0.954706428336,-0.297549383621));
#2196 = ( GEOMETRIC_REPRESENTATION_CONTEXT(2) 
PARAMETRIC_REPRESENTATION_CONTEXT() REPRESENTATION_CONTEXT('2D SPACE',''
  ) );
#2197 = ADVANCED_FACE('',(#2198),#2186,.T.);
#2198 = FACE_BOUND('',#2199,.T.);
#2199 = EDGE_LOOP('',(#2200,#2230,#2251,#2252));
#2200 = ORIENTED_EDGE('',*,*,#2201,.T.);
#2201 = EDGE_CURVE('',#2202,#2204,#2206,.T.);
#2202 = VERTEX_POINT('',#2203);
#2203 = CARTESIAN_POINT('',(7.411230769231E+03,343.,0.));
#2204 = VERTEX_POINT('',#2205);
#2205 = CARTESIAN_POINT('',(7.04E+03,343.,127.));
#2206 = SURFACE_CURVE('',#2207,(#2211,#2218),.PCURVE_S1.);
#2207 = LINE('',#2208,#2209);
#2208 = CARTESIAN_POINT('',(7.411230769231E+03,343.,0.));
#2209 = VECTOR('',#2210,1.);
#2210 = DIRECTION('',(-0.946163984953,0.,0.323687679063));
#2211 = PCURVE('',#2186,#2212);
#2212 = DEFINITIONAL_REPRESENTATION('',(#2213),#2217);
#2213 = LINE('',#2214,#2215);
#2214 = CARTESIAN_POINT('',(193.0520505993,-54.53736480672));
#2215 = VECTOR('',#2216,1.);
#2216 = DIRECTION('',(-0.946163984953,0.323687679063));
#2217 = ( GEOMETRIC_REPRESENTATION_CONTEXT(2) 
PARAMETRIC_REPRESENTATION_CONTEXT() REPRESENTATION_CONTEXT('2D SPACE',''
  ) );
#2218 = PCURVE('',#2219,#2224);
#2219 = PLANE('',#2220);
#2220 = AXIS2_PLACEMENT_3D('',#2221,#2222,#2223);
#2221 = CARTESIAN_POINT('',(7.04E+03,-264.,127.));
#2222 = DIRECTION('',(-0.323687679063,-0.,-0.946163984953));
#2223 = DIRECTION('',(0.946163984953,0.,-0.323687679063));
#2224 = DEFINITIONAL_REPRESENTATION('',(#2225),#2229);
#2225 = LINE('',#2226,#2227);
#2226 = CARTESIAN_POINT('',(392.35351919368,-607.));
#2227 = VECTOR('',#2228,1.);
#2228 = DIRECTION('',(-1.,0.));
#2229 = ( GEOMETRIC_REPRESENTATION_CONTEXT(2) 
PARAMETRIC_REPRESENTATION_CONTEXT() REPRESENTATION_CONTEXT('2D SPACE',''
  ) );
#2230 = ORIENTED_EDGE('',*,*,#2231,.T.);
#2231 = EDGE_CURVE('',#2204,#2126,#2232,.T.);
#2232 = SURFACE_CURVE('',#2233,(#2237,#2244),.PCURVE_S1.);
#2233 = LINE('',#2234,#2235);
#2234 = CARTESIAN_POINT('',(7.04E+03,343.,127.));
#2235 = VECTOR('',#2236,1.);
#2236 = DIRECTION('',(0.,0.,-1.));
#2237 = PCURVE('',#2186,#2238);
#2238 = DEFINITIONAL_REPRESENTATION('',(#2239),#2243);
#2239 = LINE('',#2240,#2241);
#2240 = CARTESIAN_POINT('',(-178.1787186314,72.46263519328));
#2241 = VECTOR('',#2242,1.);
#2242 = DIRECTION('',(0.,-1.));
#2243 = ( GEOMETRIC_REPRESENTATION_CONTEXT(2) 
PARAMETRIC_REPRESENTATION_CONTEXT() REPRESENTATION_CONTEXT('2D SPACE',''
  ) );
#2244 = PCURVE('',#2008,#2245);
#2245 = DEFINITIONAL_REPRESENTATION('',(#2246),#2250);
#2246 = LINE('',#2247,#2248);
#2247 = CARTESIAN_POINT('',(3.,-607.));
#2248 = VECTOR('',#2249,1.);
#2249 = DIRECTION('',(1.,0.));
#2250 = ( GEOMETRIC_REPRESENTATION_CONTEXT(2) 
PARAMETRIC_REPRESENTATION_CONTEXT() REPRESENTATION_CONTEXT('2D SPACE',''
  ) );
#2251 = ORIENTED_EDGE('',*,*,#2172,.T.);
#2252 = ORIENTED_EDGE('',*,*,#2253,.T.);
#2253 = EDGE_CURVE('',#2150,#2202,#2254,.T.);
#2254 = SURFACE_CURVE('',#2255,(#2259,#2266),.PCURVE_S1.);
#2255 = LINE('',#2256,#2257);
#2256 = CARTESIAN_POINT('',(7.351230769231E+03,343.,0.));
#2257 = VECTOR('',#2258,1.);
#2258 = DIRECTION('',(1.,0.,0.));
#2259 = PCURVE('',#2186,#2260);
#2260 = DEFINITIONAL_REPRESENTATION('',(#2261),#2265);
#2261 = LINE('',#2262,#2263);
#2262 = CARTESIAN_POINT('',(133.0520505993,-54.53736480672));
#2263 = VECTOR('',#2264,1.);
#2264 = DIRECTION('',(1.,0.));
#2265 = ( GEOMETRIC_REPRESENTATION_CONTEXT(2) 
PARAMETRIC_REPRESENTATION_CONTEXT() REPRESENTATION_CONTEXT('2D SPACE',''
  ) );
#2266 = PCURVE('',#1952,#2267);
#2267 = DEFINITIONAL_REPRESENTATION('',(#2268),#2272);
#2268 = LINE('',#2269,#2270);
#2269 = CARTESIAN_POINT('',(-60.,-607.));
#2270 = VECTOR('',#2271,1.);
#2271 = DIRECTION('',(1.,0.));
#2272 = ( GEOMETRIC_REPRESENTATION_CONTEXT(2) 
PARAMETRIC_REPRESENTATION_CONTEXT() REPRESENTATION_CONTEXT('2D SPACE',''
  ) );
#2273 = ADVANCED_FACE('',(#2274),#2219,.T.);
#2274 = FACE_BOUND('',#2275,.T.);
#2275 = EDGE_LOOP('',(#2276,#2299,#2327,#2348));
#2276 = ORIENTED_EDGE('',*,*,#2277,.F.);
#2277 = EDGE_CURVE('',#2278,#2202,#2280,.T.);
#2278 = VERTEX_POINT('',#2279);
#2279 = CARTESIAN_POINT('',(7.411230769231E+03,-261.,0.));
#2280 = SURFACE_CURVE('',#2281,(#2285,#2292),.PCURVE_S1.);
#2281 = LINE('',#2282,#2283);
#2282 = CARTESIAN_POINT('',(7.411230769231E+03,-264.,0.));
#2283 = VECTOR('',#2284,1.);
#2284 = DIRECTION('',(-0.,1.,-0.));
#2285 = PCURVE('',#2219,#2286);
#2286 = DEFINITIONAL_REPRESENTATION('',(#2287),#2291);
#2287 = LINE('',#2288,#2289);
#2288 = CARTESIAN_POINT('',(392.35351919368,0.));
#2289 = VECTOR('',#2290,1.);
#2290 = DIRECTION('',(0.,-1.));
#2291 = ( GEOMETRIC_REPRESENTATION_CONTEXT(2) 
PARAMETRIC_REPRESENTATION_CONTEXT() REPRESENTATION_CONTEXT('2D SPACE',''
  ) );
#2292 = PCURVE('',#1952,#2293);
#2293 = DEFINITIONAL_REPRESENTATION('',(#2294),#2298);
#2294 = LINE('',#2295,#2296);
#2295 = CARTESIAN_POINT('',(0.,0.));
#2296 = VECTOR('',#2297,1.);
#2297 = DIRECTION('',(0.,-1.));
#2298 = ( GEOMETRIC_REPRESENTATION_CONTEXT(2) 
PARAMETRIC_REPRESENTATION_CONTEXT() REPRESENTATION_CONTEXT('2D SPACE',''
  ) );
#2299 = ORIENTED_EDGE('',*,*,#2300,.T.);
#2300 = EDGE_CURVE('',#2278,#2301,#2303,.T.);
#2301 = VERTEX_POINT('',#2302);
#2302 = CARTESIAN_POINT('',(7.04E+03,-261.,127.));
#2303 = SURFACE_CURVE('',#2304,(#2308,#2315),.PCURVE_S1.);
#2304 = LINE('',#2305,#2306);
#2305 = CARTESIAN_POINT('',(7.411230769231E+03,-261.,0.));
#2306 = VECTOR('',#2307,1.);
#2307 = DIRECTION('',(-0.946163984953,0.,0.323687679063));
#2308 = PCURVE('',#2219,#2309);
#2309 = DEFINITIONAL_REPRESENTATION('',(#2310),#2314);
#2310 = LINE('',#2311,#2312);
#2311 = CARTESIAN_POINT('',(392.35351919368,-3.));
#2312 = VECTOR('',#2313,1.);
#2313 = DIRECTION('',(-1.,0.));
#2314 = ( GEOMETRIC_REPRESENTATION_CONTEXT(2) 
PARAMETRIC_REPRESENTATION_CONTEXT() REPRESENTATION_CONTEXT('2D SPACE',''
  ) );
#2315 = PCURVE('',#2316,#2321);
#2316 = PLANE('',#2317);
#2317 = AXIS2_PLACEMENT_3D('',#2318,#2319,#2320);
#2318 = CARTESIAN_POINT('',(7.218178718631E+03,-261.,54.53736480672));
#2319 = DIRECTION('',(0.,-1.,0.));
#2320 = DIRECTION('',(1.,0.,0.));
#2321 = DEFINITIONAL_REPRESENTATION('',(#2322),#2326);
#2322 = LINE('',#2323,#2324);
#2323 = CARTESIAN_POINT('',(193.0520505993,-54.53736480672));
#2324 = VECTOR('',#2325,1.);
#2325 = DIRECTION('',(-0.946163984953,0.323687679063));
#2326 = ( GEOMETRIC_REPRESENTATION_CONTEXT(2) 
PARAMETRIC_REPRESENTATION_CONTEXT() REPRESENTATION_CONTEXT('2D SPACE',''
  ) );
#2327 = ORIENTED_EDGE('',*,*,#2328,.T.);
#2328 = EDGE_CURVE('',#2301,#2204,#2329,.T.);
#2329 = SURFACE_CURVE('',#2330,(#2334,#2341),.PCURVE_S1.);
#2330 = LINE('',#2331,#2332);
#2331 = CARTESIAN_POINT('',(7.04E+03,-264.,127.));
#2332 = VECTOR('',#2333,1.);
#2333 = DIRECTION('',(-0.,1.,-0.));
#2334 = PCURVE('',#2219,#2335);
#2335 = DEFINITIONAL_REPRESENTATION('',(#2336),#2340);
#2336 = LINE('',#2337,#2338);
#2337 = CARTESIAN_POINT('',(0.,0.));
#2338 = VECTOR('',#2339,1.);
#2339 = DIRECTION('',(0.,-1.));
#2340 = ( GEOMETRIC_REPRESENTATION_CONTEXT(2) 
PARAMETRIC_REPRESENTATION_CONTEXT() REPRESENTATION_CONTEXT('2D SPACE',''
  ) );
#2341 = PCURVE('',#2008,#2342);
#2342 = DEFINITIONAL_REPRESENTATION('',(#2343),#2347);
#2343 = LINE('',#2344,#2345);
#2344 = CARTESIAN_POINT('',(3.,0.));
#2345 = VECTOR('',#2346,1.);
#2346 = DIRECTION('',(0.,-1.));
#2347 = ( GEOMETRIC_REPRESENTATION_CONTEXT(2) 
PARAMETRIC_REPRESENTATION_CONTEXT() REPRESENTATION_CONTEXT('2D SPACE',''
  ) );
#2348 = ORIENTED_EDGE('',*,*,#2201,.F.);
#2349 = ADVANCED_FACE('',(#2350),#2316,.F.);
#2350 = FACE_BOUND('',#2351,.F.);
#2351 = EDGE_LOOP('',(#2352,#2353,#2376,#2404));
#2352 = ORIENTED_EDGE('',*,*,#2300,.T.);
#2353 = ORIENTED_EDGE('',*,*,#2354,.T.);
#2354 = EDGE_CURVE('',#2301,#2355,#2357,.T.);
#2355 = VERTEX_POINT('',#2356);
#2356 = CARTESIAN_POINT('',(7.04E+03,-261.,97.));
#2357 = SURFACE_CURVE('',#2358,(#2362,#2369),.PCURVE_S1.);
#2358 = LINE('',#2359,#2360);
#2359 = CARTESIAN_POINT('',(7.04E+03,-261.,127.));
#2360 = VECTOR('',#2361,1.);
#2361 = DIRECTION('',(0.,0.,-1.));
#2362 = PCURVE('',#2316,#2363);
#2363 = DEFINITIONAL_REPRESENTATION('',(#2364),#2368);
#2364 = LINE('',#2365,#2366);
#2365 = CARTESIAN_POINT('',(-178.1787186314,72.46263519328));
#2366 = VECTOR('',#2367,1.);
#2367 = DIRECTION('',(0.,-1.));
#2368 = ( GEOMETRIC_REPRESENTATION_CONTEXT(2) 
PARAMETRIC_REPRESENTATION_CONTEXT() REPRESENTATION_CONTEXT('2D SPACE',''
  ) );
#2369 = PCURVE('',#2008,#2370);
#2370 = DEFINITIONAL_REPRESENTATION('',(#2371),#2375);
#2371 = LINE('',#2372,#2373);
#2372 = CARTESIAN_POINT('',(3.,-3.));
#2373 = VECTOR('',#2374,1.);
#2374 = DIRECTION('',(1.,0.));
#2375 = ( GEOMETRIC_REPRESENTATION_CONTEXT(2) 
PARAMETRIC_REPRESENTATION_CONTEXT() REPRESENTATION_CONTEXT('2D SPACE',''
  ) );
#2376 = ORIENTED_EDGE('',*,*,#2377,.T.);
#2377 = EDGE_CURVE('',#2355,#2378,#2380,.T.);
#2378 = VERTEX_POINT('',#2379);
#2379 = CARTESIAN_POINT('',(7.351230769231E+03,-261.,0.));
#2380 = SURFACE_CURVE('',#2381,(#2385,#2392),.PCURVE_S1.);
#2381 = LINE('',#2382,#2383);
#2382 = CARTESIAN_POINT('',(7.04E+03,-261.,97.));
#2383 = VECTOR('',#2384,1.);
#2384 = DIRECTION('',(0.954706428336,0.,-0.297549383621));
#2385 = PCURVE('',#2316,#2386);
#2386 = DEFINITIONAL_REPRESENTATION('',(#2387),#2391);
#2387 = LINE('',#2388,#2389);
#2388 = CARTESIAN_POINT('',(-178.1787186314,42.46263519328));
#2389 = VECTOR('',#2390,1.);
#2390 = DIRECTION('',(0.954706428336,-0.297549383621));
#2391 = ( GEOMETRIC_REPRESENTATION_CONTEXT(2) 
PARAMETRIC_REPRESENTATION_CONTEXT() REPRESENTATION_CONTEXT('2D SPACE',''
  ) );
#2392 = PCURVE('',#2393,#2398);
#2393 = PLANE('',#2394);
#2394 = AXIS2_PLACEMENT_3D('',#2395,#2396,#2397);
#2395 = CARTESIAN_POINT('',(7.04E+03,-264.,97.));
#2396 = DIRECTION('',(-0.297549383621,-0.,-0.954706428336));
#2397 = DIRECTION('',(0.954706428336,0.,-0.297549383621));
#2398 = DEFINITIONAL_REPRESENTATION('',(#2399),#2403);
#2399 = LINE('',#2400,#2401);
#2400 = CARTESIAN_POINT('',(0.,-3.));
#2401 = VECTOR('',#2402,1.);
#2402 = DIRECTION('',(1.,0.));
#2403 = ( GEOMETRIC_REPRESENTATION_CONTEXT(2) 
PARAMETRIC_REPRESENTATION_CONTEXT() REPRESENTATION_CONTEXT('2D SPACE',''
  ) );
#2404 = ORIENTED_EDGE('',*,*,#2405,.T.);
#2405 = EDGE_CURVE('',#2378,#2278,#2406,.T.);
#2406 = SURFACE_CURVE('',#2407,(#2411,#2418),.PCURVE_S1.);
#2407 = LINE('',#2408,#2409);
#2408 = CARTESIAN_POINT('',(7.351230769231E+03,-261.,0.));
#2409 = VECTOR('',#2410,1.);
#2410 = DIRECTION('',(1.,0.,0.));
#2411 = PCURVE('',#2316,#2412);
#2412 = DEFINITIONAL_REPRESENTATION('',(#2413),#2417);
#2413 = LINE('',#2414,#2415);
#2414 = CARTESIAN_POINT('',(133.0520505993,-54.53736480672));
#2415 = VECTOR('',#2416,1.);
#2416 = DIRECTION('',(1.,0.));
#2417 = ( GEOMETRIC_REPRESENTATION_CONTEXT(2) 
PARAMETRIC_REPRESENTATION_CONTEXT() REPRESENTATION_CONTEXT('2D SPACE',''
  ) );
#2418 = PCURVE('',#1952,#2419);
#2419 = DEFINITIONAL_REPRESENTATION('',(#2420),#2424);
#2420 = LINE('',#2421,#2422);
#2421 = CARTESIAN_POINT('',(-60.,-3.));
#2422 = VECTOR('',#2423,1.);
#2423 = DIRECTION('',(1.,0.));
#2424 = ( GEOMETRIC_REPRESENTATION_CONTEXT(2) 
PARAMETRIC_REPRESENTATION_CONTEXT() REPRESENTATION_CONTEXT('2D SPACE',''
  ) );
#2425 = ADVANCED_FACE('',(#2426),#2393,.T.);
#2426 = FACE_BOUND('',#2427,.T.);
#2427 = EDGE_LOOP('',(#2428,#2451,#2452,#2475));
#2428 = ORIENTED_EDGE('',*,*,#2429,.T.);
#2429 = EDGE_CURVE('',#2430,#2355,#2432,.T.);
#2430 = VERTEX_POINT('',#2431);
#2431 = CARTESIAN_POINT('',(7.04E+03,-264.,97.));
#2432 = SURFACE_CURVE('',#2433,(#2437,#2444),.PCURVE_S1.);
#2433 = LINE('',#2434,#2435);
#2434 = CARTESIAN_POINT('',(7.04E+03,-264.,97.));
#2435 = VECTOR('',#2436,1.);
#2436 = DIRECTION('',(-0.,1.,-0.));
#2437 = PCURVE('',#2393,#2438);
#2438 = DEFINITIONAL_REPRESENTATION('',(#2439),#2443);
#2439 = LINE('',#2440,#2441);
#2440 = CARTESIAN_POINT('',(0.,0.));
#2441 = VECTOR('',#2442,1.);
#2442 = DIRECTION('',(0.,-1.));
#2443 = ( GEOMETRIC_REPRESENTATION_CONTEXT(2) 
PARAMETRIC_REPRESENTATION_CONTEXT() REPRESENTATION_CONTEXT('2D SPACE',''
  ) );
#2444 = PCURVE('',#2008,#2445);
#2445 = DEFINITIONAL_REPRESENTATION('',(#2446),#2450);
#2446 = LINE('',#2447,#2448);
#2447 = CARTESIAN_POINT('',(33.,0.));
#2448 = VECTOR('',#2449,1.);
#2449 = DIRECTION('',(0.,-1.));
#2450 = ( GEOMETRIC_REPRESENTATION_CONTEXT(2) 
PARAMETRIC_REPRESENTATION_CONTEXT() REPRESENTATION_CONTEXT('2D SPACE',''
  ) );
#2451 = ORIENTED_EDGE('',*,*,#2377,.T.);
#2452 = ORIENTED_EDGE('',*,*,#2453,.F.);
#2453 = EDGE_CURVE('',#2454,#2378,#2456,.T.);
#2454 = VERTEX_POINT('',#2455);
#2455 = CARTESIAN_POINT('',(7.351230769231E+03,-264.,0.));
#2456 = SURFACE_CURVE('',#2457,(#2461,#2468),.PCURVE_S1.);
#2457 = LINE('',#2458,#2459);
#2458 = CARTESIAN_POINT('',(7.351230769231E+03,-264.,0.));
#2459 = VECTOR('',#2460,1.);
#2460 = DIRECTION('',(-0.,1.,-0.));
#2461 = PCURVE('',#2393,#2462);
#2462 = DEFINITIONAL_REPRESENTATION('',(#2463),#2467);
#2463 = LINE('',#2464,#2465);
#2464 = CARTESIAN_POINT('',(325.99630629192,0.));
#2465 = VECTOR('',#2466,1.);
#2466 = DIRECTION('',(0.,-1.));
#2467 = ( GEOMETRIC_REPRESENTATION_CONTEXT(2) 
PARAMETRIC_REPRESENTATION_CONTEXT() REPRESENTATION_CONTEXT('2D SPACE',''
  ) );
#2468 = PCURVE('',#1952,#2469);
#2469 = DEFINITIONAL_REPRESENTATION('',(#2470),#2474);
#2470 = LINE('',#2471,#2472);
#2471 = CARTESIAN_POINT('',(-60.,0.));
#2472 = VECTOR('',#2473,1.);
#2473 = DIRECTION('',(0.,-1.));
#2474 = ( GEOMETRIC_REPRESENTATION_CONTEXT(2) 
PARAMETRIC_REPRESENTATION_CONTEXT() REPRESENTATION_CONTEXT('2D SPACE',''
  ) );
#2475 = ORIENTED_EDGE('',*,*,#2476,.F.);
#2476 = EDGE_CURVE('',#2430,#2454,#2477,.T.);
#2477 = SURFACE_CURVE('',#2478,(#2482,#2489),.PCURVE_S1.);
#2478 = LINE('',#2479,#2480);
#2479 = CARTESIAN_POINT('',(7.04E+03,-264.,97.));
#2480 = VECTOR('',#2481,1.);
#2481 = DIRECTION('',(0.954706428336,0.,-0.297549383621));
#2482 = PCURVE('',#2393,#2483);
#2483 = DEFINITIONAL_REPRESENTATION('',(#2484),#2488);
#2484 = LINE('',#2485,#2486);
#2485 = CARTESIAN_POINT('',(0.,0.));
#2486 = VECTOR('',#2487,1.);
#2487 = DIRECTION('',(1.,0.));
#2488 = ( GEOMETRIC_REPRESENTATION_CONTEXT(2) 
PARAMETRIC_REPRESENTATION_CONTEXT() REPRESENTATION_CONTEXT('2D SPACE',''
  ) );
#2489 = PCURVE('',#2034,#2490);
#2490 = DEFINITIONAL_REPRESENTATION('',(#2491),#2495);
#2491 = LINE('',#2492,#2493);
#2492 = CARTESIAN_POINT('',(-189.1776361299,33.201411022744));
#2493 = VECTOR('',#2494,1.);
#2494 = DIRECTION('',(0.954706428336,-0.297549383621));
#2495 = ( GEOMETRIC_REPRESENTATION_CONTEXT(2) 
PARAMETRIC_REPRESENTATION_CONTEXT() REPRESENTATION_CONTEXT('2D SPACE',''
  ) );
#2496 = ADVANCED_FACE('',(#2497),#2034,.T.);
#2497 = FACE_BOUND('',#2498,.T.);
#2498 = EDGE_LOOP('',(#2499,#2500,#2521,#2522));
#2499 = ORIENTED_EDGE('',*,*,#2020,.T.);
#2500 = ORIENTED_EDGE('',*,*,#2501,.F.);
#2501 = EDGE_CURVE('',#2430,#1993,#2502,.T.);
#2502 = SURFACE_CURVE('',#2503,(#2507,#2514),.PCURVE_S1.);
#2503 = LINE('',#2504,#2505);
#2504 = CARTESIAN_POINT('',(7.04E+03,-264.,97.));
#2505 = VECTOR('',#2506,1.);
#2506 = DIRECTION('',(0.,0.,1.));
#2507 = PCURVE('',#2034,#2508);
#2508 = DEFINITIONAL_REPRESENTATION('',(#2509),#2513);
#2509 = LINE('',#2510,#2511);
#2510 = CARTESIAN_POINT('',(-189.1776361299,33.201411022744));
#2511 = VECTOR('',#2512,1.);
#2512 = DIRECTION('',(0.,1.));
#2513 = ( GEOMETRIC_REPRESENTATION_CONTEXT(2) 
PARAMETRIC_REPRESENTATION_CONTEXT() REPRESENTATION_CONTEXT('2D SPACE',''
  ) );
#2514 = PCURVE('',#2008,#2515);
#2515 = DEFINITIONAL_REPRESENTATION('',(#2516),#2520);
#2516 = LINE('',#2517,#2518);
#2517 = CARTESIAN_POINT('',(33.,0.));
#2518 = VECTOR('',#2519,1.);
#2519 = DIRECTION('',(-1.,0.));
#2520 = ( GEOMETRIC_REPRESENTATION_CONTEXT(2) 
PARAMETRIC_REPRESENTATION_CONTEXT() REPRESENTATION_CONTEXT('2D SPACE',''
  ) );
#2521 = ORIENTED_EDGE('',*,*,#2476,.T.);
#2522 = ORIENTED_EDGE('',*,*,#2523,.F.);
#2523 = EDGE_CURVE('',#1930,#2454,#2524,.T.);
#2524 = SURFACE_CURVE('',#2525,(#2529,#2536),.PCURVE_S1.);
#2525 = LINE('',#2526,#2527);
#2526 = CARTESIAN_POINT('',(7.42E+03,-264.,0.));
#2527 = VECTOR('',#2528,1.);
#2528 = DIRECTION('',(-1.,0.,0.));
#2529 = PCURVE('',#2034,#2530);
#2530 = DEFINITIONAL_REPRESENTATION('',(#2531),#2535);
#2531 = LINE('',#2532,#2533);
#2532 = CARTESIAN_POINT('',(190.82236387002,-63.79858897725));
#2533 = VECTOR('',#2534,1.);
#2534 = DIRECTION('',(-1.,0.));
#2535 = ( GEOMETRIC_REPRESENTATION_CONTEXT(2) 
PARAMETRIC_REPRESENTATION_CONTEXT() REPRESENTATION_CONTEXT('2D SPACE',''
  ) );
#2536 = PCURVE('',#1952,#2537);
#2537 = DEFINITIONAL_REPRESENTATION('',(#2538),#2542);
#2538 = LINE('',#2539,#2540);
#2539 = CARTESIAN_POINT('',(8.769230769231,0.));
#2540 = VECTOR('',#2541,1.);
#2541 = DIRECTION('',(-1.,0.));
#2542 = ( GEOMETRIC_REPRESENTATION_CONTEXT(2) 
PARAMETRIC_REPRESENTATION_CONTEXT() REPRESENTATION_CONTEXT('2D SPACE',''
  ) );
#2543 = ADVANCED_FACE('',(#2544),#2008,.T.);
#2544 = FACE_BOUND('',#2545,.T.);
#2545 = EDGE_LOOP('',(#2546,#2547,#2548,#2549,#2550,#2551,#2552,#2553));
#2546 = ORIENTED_EDGE('',*,*,#1992,.T.);
#2547 = ORIENTED_EDGE('',*,*,#2050,.T.);
#2548 = ORIENTED_EDGE('',*,*,#2125,.F.);
#2549 = ORIENTED_EDGE('',*,*,#2231,.F.);
#2550 = ORIENTED_EDGE('',*,*,#2328,.F.);
#2551 = ORIENTED_EDGE('',*,*,#2354,.T.);
#2552 = ORIENTED_EDGE('',*,*,#2429,.F.);
#2553 = ORIENTED_EDGE('',*,*,#2501,.T.);
#2554 = ADVANCED_FACE('',(#2555),#1952,.T.);
#2555 = FACE_BOUND('',#2556,.T.);
#2556 = EDGE_LOOP('',(#2557,#2558,#2559,#2560,#2561,#2562,#2563,#2564));
#2557 = ORIENTED_EDGE('',*,*,#2277,.T.);
#2558 = ORIENTED_EDGE('',*,*,#2253,.F.);
#2559 = ORIENTED_EDGE('',*,*,#2149,.T.);
#2560 = ORIENTED_EDGE('',*,*,#2101,.T.);
#2561 = ORIENTED_EDGE('',*,*,#1929,.F.);
#2562 = ORIENTED_EDGE('',*,*,#2523,.T.);
#2563 = ORIENTED_EDGE('',*,*,#2453,.T.);
#2564 = ORIENTED_EDGE('',*,*,#2405,.T.);
#2565 = MANIFOLD_SOLID_BREP('',#2566);
#2566 = CLOSED_SHELL('',(#2567,#2687,#2763,#2839,#2915,#2991,#3067,#3138
    ,#3169,#3196));
#2567 = ADVANCED_FACE('',(#2568),#2582,.T.);
#2568 = FACE_BOUND('',#2569,.T.);
#2569 = EDGE_LOOP('',(#2570,#2605,#2633,#2661));
#2570 = ORIENTED_EDGE('',*,*,#2571,.F.);
#2571 = EDGE_CURVE('',#2572,#2574,#2576,.T.);
#2572 = VERTEX_POINT('',#2573);
#2573 = CARTESIAN_POINT('',(6.96E+03,-261.,127.));
#2574 = VERTEX_POINT('',#2575);
#2575 = CARTESIAN_POINT('',(6.96E+03,343.,127.));
#2576 = SURFACE_CURVE('',#2577,(#2581,#2593),.PCURVE_S1.);
#2577 = LINE('',#2578,#2579);
#2578 = CARTESIAN_POINT('',(6.96E+03,-264.,127.));
#2579 = VECTOR('',#2580,1.);
#2580 = DIRECTION('',(-0.,1.,-0.));
#2581 = PCURVE('',#2582,#2587);
#2582 = PLANE('',#2583);
#2583 = AXIS2_PLACEMENT_3D('',#2584,#2585,#2586);
#2584 = CARTESIAN_POINT('',(6.588769230769E+03,-264.,0.));
#2585 = DIRECTION('',(0.323687679063,0.,-0.946163984953));
#2586 = DIRECTION('',(0.946163984953,0.,0.323687679063));
#2587 = DEFINITIONAL_REPRESENTATION('',(#2588),#2592);
#2588 = LINE('',#2589,#2590);
#2589 = CARTESIAN_POINT('',(392.35351919368,0.));
#2590 = VECTOR('',#2591,1.);
#2591 = DIRECTION('',(0.,-1.));
#2592 = ( GEOMETRIC_REPRESENTATION_CONTEXT(2) 
PARAMETRIC_REPRESENTATION_CONTEXT() REPRESENTATION_CONTEXT('2D SPACE',''
  ) );
#2593 = PCURVE('',#2594,#2599);
#2594 = PLANE('',#2595);
#2595 = AXIS2_PLACEMENT_3D('',#2596,#2597,#2598);
#2596 = CARTESIAN_POINT('',(6.96E+03,-264.,127.));
#2597 = DIRECTION('',(1.,0.,-0.));
#2598 = DIRECTION('',(0.,0.,1.));
#2599 = DEFINITIONAL_REPRESENTATION('',(#2600),#2604);
#2600 = LINE('',#2601,#2602);
#2601 = CARTESIAN_POINT('',(0.,0.));
#2602 = VECTOR('',#2603,1.);
#2603 = DIRECTION('',(0.,-1.));
#2604 = ( GEOMETRIC_REPRESENTATION_CONTEXT(2) 
PARAMETRIC_REPRESENTATION_CONTEXT() REPRESENTATION_CONTEXT('2D SPACE',''
  ) );
#2605 = ORIENTED_EDGE('',*,*,#2606,.T.);
#2606 = EDGE_CURVE('',#2572,#2607,#2609,.T.);
#2607 = VERTEX_POINT('',#2608);
#2608 = CARTESIAN_POINT('',(6.588769230769E+03,-261.,0.));
#2609 = SURFACE_CURVE('',#2610,(#2614,#2621),.PCURVE_S1.);
#2610 = LINE('',#2611,#2612);
#2611 = CARTESIAN_POINT('',(6.96E+03,-261.,127.));
#2612 = VECTOR('',#2613,1.);
#2613 = DIRECTION('',(-0.946163984953,-0.,-0.323687679063));
#2614 = PCURVE('',#2582,#2615);
#2615 = DEFINITIONAL_REPRESENTATION('',(#2616),#2620);
#2616 = LINE('',#2617,#2618);
#2617 = CARTESIAN_POINT('',(392.35351919368,-3.));
#2618 = VECTOR('',#2619,1.);
#2619 = DIRECTION('',(-1.,0.));
#2620 = ( GEOMETRIC_REPRESENTATION_CONTEXT(2) 
PARAMETRIC_REPRESENTATION_CONTEXT() REPRESENTATION_CONTEXT('2D SPACE',''
  ) );
#2621 = PCURVE('',#2622,#2627);
#2622 = PLANE('',#2623);
#2623 = AXIS2_PLACEMENT_3D('',#2624,#2625,#2626);
#2624 = CARTESIAN_POINT('',(6.781821281369E+03,-261.,54.53736480672));
#2625 = DIRECTION('',(0.,-1.,0.));
#2626 = DIRECTION('',(1.,0.,0.));
#2627 = DEFINITIONAL_REPRESENTATION('',(#2628),#2632);
#2628 = LINE('',#2629,#2630);
#2629 = CARTESIAN_POINT('',(178.17871863146,72.46263519328));
#2630 = VECTOR('',#2631,1.);
#2631 = DIRECTION('',(-0.946163984953,-0.323687679063));
#2632 = ( GEOMETRIC_REPRESENTATION_CONTEXT(2) 
PARAMETRIC_REPRESENTATION_CONTEXT() REPRESENTATION_CONTEXT('2D SPACE',''
  ) );
#2633 = ORIENTED_EDGE('',*,*,#2634,.T.);
#2634 = EDGE_CURVE('',#2607,#2635,#2637,.T.);
#2635 = VERTEX_POINT('',#2636);
#2636 = CARTESIAN_POINT('',(6.588769230769E+03,343.,0.));
#2637 = SURFACE_CURVE('',#2638,(#2642,#2649),.PCURVE_S1.);
#2638 = LINE('',#2639,#2640);
#2639 = CARTESIAN_POINT('',(6.588769230769E+03,-264.,0.));
#2640 = VECTOR('',#2641,1.);
#2641 = DIRECTION('',(-0.,1.,-0.));
#2642 = PCURVE('',#2582,#2643);
#2643 = DEFINITIONAL_REPRESENTATION('',(#2644),#2648);
#2644 = LINE('',#2645,#2646);
#2645 = CARTESIAN_POINT('',(0.,0.));
#2646 = VECTOR('',#2647,1.);
#2647 = DIRECTION('',(0.,-1.));
#2648 = ( GEOMETRIC_REPRESENTATION_CONTEXT(2) 
PARAMETRIC_REPRESENTATION_CONTEXT() REPRESENTATION_CONTEXT('2D SPACE',''
  ) );
#2649 = PCURVE('',#2650,#2655);
#2650 = PLANE('',#2651);
#2651 = AXIS2_PLACEMENT_3D('',#2652,#2653,#2654);
#2652 = CARTESIAN_POINT('',(6.58E+03,-264.,0.));
#2653 = DIRECTION('',(0.,0.,-1.));
#2654 = DIRECTION('',(1.,0.,0.));
#2655 = DEFINITIONAL_REPRESENTATION('',(#2656),#2660);
#2656 = LINE('',#2657,#2658);
#2657 = CARTESIAN_POINT('',(8.769230769231,0.));
#2658 = VECTOR('',#2659,1.);
#2659 = DIRECTION('',(0.,-1.));
#2660 = ( GEOMETRIC_REPRESENTATION_CONTEXT(2) 
PARAMETRIC_REPRESENTATION_CONTEXT() REPRESENTATION_CONTEXT('2D SPACE',''
  ) );
#2661 = ORIENTED_EDGE('',*,*,#2662,.F.);
#2662 = EDGE_CURVE('',#2574,#2635,#2663,.T.);
#2663 = SURFACE_CURVE('',#2664,(#2668,#2675),.PCURVE_S1.);
#2664 = LINE('',#2665,#2666);
#2665 = CARTESIAN_POINT('',(6.96E+03,343.,127.));
#2666 = VECTOR('',#2667,1.);
#2667 = DIRECTION('',(-0.946163984953,-0.,-0.323687679063));
#2668 = PCURVE('',#2582,#2669);
#2669 = DEFINITIONAL_REPRESENTATION('',(#2670),#2674);
#2670 = LINE('',#2671,#2672);
#2671 = CARTESIAN_POINT('',(392.35351919368,-607.));
#2672 = VECTOR('',#2673,1.);
#2673 = DIRECTION('',(-1.,0.));
#2674 = ( GEOMETRIC_REPRESENTATION_CONTEXT(2) 
PARAMETRIC_REPRESENTATION_CONTEXT() REPRESENTATION_CONTEXT('2D SPACE',''
  ) );
#2675 = PCURVE('',#2676,#2681);
#2676 = PLANE('',#2677);
#2677 = AXIS2_PLACEMENT_3D('',#2678,#2679,#2680);
#2678 = CARTESIAN_POINT('',(6.781821281369E+03,343.,54.53736480672));
#2679 = DIRECTION('',(0.,-1.,0.));
#2680 = DIRECTION('',(1.,0.,0.));
#2681 = DEFINITIONAL_REPRESENTATION('',(#2682),#2686);
#2682 = LINE('',#2683,#2684);
#2683 = CARTESIAN_POINT('',(178.17871863146,72.46263519328));
#2684 = VECTOR('',#2685,1.);
#2685 = DIRECTION('',(-0.946163984953,-0.323687679063));
#2686 = ( GEOMETRIC_REPRESENTATION_CONTEXT(2) 
PARAMETRIC_REPRESENTATION_CONTEXT() REPRESENTATION_CONTEXT('2D SPACE',''
  ) );
#2687 = ADVANCED_FACE('',(#2688),#2622,.F.);
#2688 = FACE_BOUND('',#2689,.F.);
#2689 = EDGE_LOOP('',(#2690,#2720,#2741,#2742));
#2690 = ORIENTED_EDGE('',*,*,#2691,.T.);
#2691 = EDGE_CURVE('',#2692,#2694,#2696,.T.);
#2692 = VERTEX_POINT('',#2693);
#2693 = CARTESIAN_POINT('',(6.648769230769E+03,-261.,0.));
#2694 = VERTEX_POINT('',#2695);
#2695 = CARTESIAN_POINT('',(6.96E+03,-261.,97.));
#2696 = SURFACE_CURVE('',#2697,(#2701,#2708),.PCURVE_S1.);
#2697 = LINE('',#2698,#2699);
#2698 = CARTESIAN_POINT('',(6.648769230769E+03,-261.,0.));
#2699 = VECTOR('',#2700,1.);
#2700 = DIRECTION('',(0.954706428336,0.,0.297549383621));
#2701 = PCURVE('',#2622,#2702);
#2702 = DEFINITIONAL_REPRESENTATION('',(#2703),#2707);
#2703 = LINE('',#2704,#2705);
#2704 = CARTESIAN_POINT('',(-133.0520505993,-54.53736480672));
#2705 = VECTOR('',#2706,1.);
#2706 = DIRECTION('',(0.954706428336,0.297549383621));
#2707 = ( GEOMETRIC_REPRESENTATION_CONTEXT(2) 
PARAMETRIC_REPRESENTATION_CONTEXT() REPRESENTATION_CONTEXT('2D SPACE',''
  ) );
#2708 = PCURVE('',#2709,#2714);
#2709 = PLANE('',#2710);
#2710 = AXIS2_PLACEMENT_3D('',#2711,#2712,#2713);
#2711 = CARTESIAN_POINT('',(6.648769230769E+03,-264.,0.));
#2712 = DIRECTION('',(0.297549383621,0.,-0.954706428336));
#2713 = DIRECTION('',(0.954706428336,0.,0.297549383621));
#2714 = DEFINITIONAL_REPRESENTATION('',(#2715),#2719);
#2715 = LINE('',#2716,#2717);
#2716 = CARTESIAN_POINT('',(0.,-3.));
#2717 = VECTOR('',#2718,1.);
#2718 = DIRECTION('',(1.,0.));
#2719 = ( GEOMETRIC_REPRESENTATION_CONTEXT(2) 
PARAMETRIC_REPRESENTATION_CONTEXT() REPRESENTATION_CONTEXT('2D SPACE',''
  ) );
#2720 = ORIENTED_EDGE('',*,*,#2721,.T.);
#2721 = EDGE_CURVE('',#2694,#2572,#2722,.T.);
#2722 = SURFACE_CURVE('',#2723,(#2727,#2734),.PCURVE_S1.);
#2723 = LINE('',#2724,#2725);
#2724 = CARTESIAN_POINT('',(6.96E+03,-261.,97.));
#2725 = VECTOR('',#2726,1.);
#2726 = DIRECTION('',(0.,0.,1.));
#2727 = PCURVE('',#2622,#2728);
#2728 = DEFINITIONAL_REPRESENTATION('',(#2729),#2733);
#2729 = LINE('',#2730,#2731);
#2730 = CARTESIAN_POINT('',(178.17871863146,42.46263519328));
#2731 = VECTOR('',#2732,1.);
#2732 = DIRECTION('',(0.,1.));
#2733 = ( GEOMETRIC_REPRESENTATION_CONTEXT(2) 
PARAMETRIC_REPRESENTATION_CONTEXT() REPRESENTATION_CONTEXT('2D SPACE',''
  ) );
#2734 = PCURVE('',#2594,#2735);
#2735 = DEFINITIONAL_REPRESENTATION('',(#2736),#2740);
#2736 = LINE('',#2737,#2738);
#2737 = CARTESIAN_POINT('',(-30.,-3.));
#2738 = VECTOR('',#2739,1.);
#2739 = DIRECTION('',(1.,0.));
#2740 = ( GEOMETRIC_REPRESENTATION_CONTEXT(2) 
PARAMETRIC_REPRESENTATION_CONTEXT() REPRESENTATION_CONTEXT('2D SPACE',''
  ) );
#2741 = ORIENTED_EDGE('',*,*,#2606,.T.);
#2742 = ORIENTED_EDGE('',*,*,#2743,.T.);
#2743 = EDGE_CURVE('',#2607,#2692,#2744,.T.);
#2744 = SURFACE_CURVE('',#2745,(#2749,#2756),.PCURVE_S1.);
#2745 = LINE('',#2746,#2747);
#2746 = CARTESIAN_POINT('',(6.588769230769E+03,-261.,0.));
#2747 = VECTOR('',#2748,1.);
#2748 = DIRECTION('',(1.,0.,0.));
#2749 = PCURVE('',#2622,#2750);
#2750 = DEFINITIONAL_REPRESENTATION('',(#2751),#2755);
#2751 = LINE('',#2752,#2753);
#2752 = CARTESIAN_POINT('',(-193.0520505993,-54.53736480672));
#2753 = VECTOR('',#2754,1.);
#2754 = DIRECTION('',(1.,0.));
#2755 = ( GEOMETRIC_REPRESENTATION_CONTEXT(2) 
PARAMETRIC_REPRESENTATION_CONTEXT() REPRESENTATION_CONTEXT('2D SPACE',''
  ) );
#2756 = PCURVE('',#2650,#2757);
#2757 = DEFINITIONAL_REPRESENTATION('',(#2758),#2762);
#2758 = LINE('',#2759,#2760);
#2759 = CARTESIAN_POINT('',(8.769230769231,-3.));
#2760 = VECTOR('',#2761,1.);
#2761 = DIRECTION('',(1.,0.));
#2762 = ( GEOMETRIC_REPRESENTATION_CONTEXT(2) 
PARAMETRIC_REPRESENTATION_CONTEXT() REPRESENTATION_CONTEXT('2D SPACE',''
  ) );
#2763 = ADVANCED_FACE('',(#2764),#2709,.T.);
#2764 = FACE_BOUND('',#2765,.T.);
#2765 = EDGE_LOOP('',(#2766,#2789,#2790,#2813));
#2766 = ORIENTED_EDGE('',*,*,#2767,.T.);
#2767 = EDGE_CURVE('',#2768,#2692,#2770,.T.);
#2768 = VERTEX_POINT('',#2769);
#2769 = CARTESIAN_POINT('',(6.648769230769E+03,-264.,0.));
#2770 = SURFACE_CURVE('',#2771,(#2775,#2782),.PCURVE_S1.);
#2771 = LINE('',#2772,#2773);
#2772 = CARTESIAN_POINT('',(6.648769230769E+03,-264.,0.));
#2773 = VECTOR('',#2774,1.);
#2774 = DIRECTION('',(-0.,1.,-0.));
#2775 = PCURVE('',#2709,#2776);
#2776 = DEFINITIONAL_REPRESENTATION('',(#2777),#2781);
#2777 = LINE('',#2778,#2779);
#2778 = CARTESIAN_POINT('',(0.,0.));
#2779 = VECTOR('',#2780,1.);
#2780 = DIRECTION('',(0.,-1.));
#2781 = ( GEOMETRIC_REPRESENTATION_CONTEXT(2) 
PARAMETRIC_REPRESENTATION_CONTEXT() REPRESENTATION_CONTEXT('2D SPACE',''
  ) );
#2782 = PCURVE('',#2650,#2783);
#2783 = DEFINITIONAL_REPRESENTATION('',(#2784),#2788);
#2784 = LINE('',#2785,#2786);
#2785 = CARTESIAN_POINT('',(68.769230769231,0.));
#2786 = VECTOR('',#2787,1.);
#2787 = DIRECTION('',(0.,-1.));
#2788 = ( GEOMETRIC_REPRESENTATION_CONTEXT(2) 
PARAMETRIC_REPRESENTATION_CONTEXT() REPRESENTATION_CONTEXT('2D SPACE',''
  ) );
#2789 = ORIENTED_EDGE('',*,*,#2691,.T.);
#2790 = ORIENTED_EDGE('',*,*,#2791,.F.);
#2791 = EDGE_CURVE('',#2792,#2694,#2794,.T.);
#2792 = VERTEX_POINT('',#2793);
#2793 = CARTESIAN_POINT('',(6.96E+03,-264.,97.));
#2794 = SURFACE_CURVE('',#2795,(#2799,#2806),.PCURVE_S1.);
#2795 = LINE('',#2796,#2797);
#2796 = CARTESIAN_POINT('',(6.96E+03,-264.,97.));
#2797 = VECTOR('',#2798,1.);
#2798 = DIRECTION('',(-0.,1.,-0.));
#2799 = PCURVE('',#2709,#2800);
#2800 = DEFINITIONAL_REPRESENTATION('',(#2801),#2805);
#2801 = LINE('',#2802,#2803);
#2802 = CARTESIAN_POINT('',(325.99630629192,0.));
#2803 = VECTOR('',#2804,1.);
#2804 = DIRECTION('',(0.,-1.));
#2805 = ( GEOMETRIC_REPRESENTATION_CONTEXT(2) 
PARAMETRIC_REPRESENTATION_CONTEXT() REPRESENTATION_CONTEXT('2D SPACE',''
  ) );
#2806 = PCURVE('',#2594,#2807);
#2807 = DEFINITIONAL_REPRESENTATION('',(#2808),#2812);
#2808 = LINE('',#2809,#2810);
#2809 = CARTESIAN_POINT('',(-30.,0.));
#2810 = VECTOR('',#2811,1.);
#2811 = DIRECTION('',(0.,-1.));
#2812 = ( GEOMETRIC_REPRESENTATION_CONTEXT(2) 
PARAMETRIC_REPRESENTATION_CONTEXT() REPRESENTATION_CONTEXT('2D SPACE',''
  ) );
#2813 = ORIENTED_EDGE('',*,*,#2814,.F.);
#2814 = EDGE_CURVE('',#2768,#2792,#2815,.T.);
#2815 = SURFACE_CURVE('',#2816,(#2820,#2827),.PCURVE_S1.);
#2816 = LINE('',#2817,#2818);
#2817 = CARTESIAN_POINT('',(6.648769230769E+03,-264.,0.));
#2818 = VECTOR('',#2819,1.);
#2819 = DIRECTION('',(0.954706428336,0.,0.297549383621));
#2820 = PCURVE('',#2709,#2821);
#2821 = DEFINITIONAL_REPRESENTATION('',(#2822),#2826);
#2822 = LINE('',#2823,#2824);
#2823 = CARTESIAN_POINT('',(0.,0.));
#2824 = VECTOR('',#2825,1.);
#2825 = DIRECTION('',(1.,0.));
#2826 = ( GEOMETRIC_REPRESENTATION_CONTEXT(2) 
PARAMETRIC_REPRESENTATION_CONTEXT() REPRESENTATION_CONTEXT('2D SPACE',''
  ) );
#2827 = PCURVE('',#2828,#2833);
#2828 = PLANE('',#2829);
#2829 = AXIS2_PLACEMENT_3D('',#2830,#2831,#2832);
#2830 = CARTESIAN_POINT('',(6.77082236387E+03,-264.,63.798588977256));
#2831 = DIRECTION('',(0.,-1.,0.));
#2832 = DIRECTION('',(1.,0.,0.));
#2833 = DEFINITIONAL_REPRESENTATION('',(#2834),#2838);
#2834 = LINE('',#2835,#2836);
#2835 = CARTESIAN_POINT('',(-122.0531331007,-63.79858897725));
#2836 = VECTOR('',#2837,1.);
#2837 = DIRECTION('',(0.954706428336,0.297549383621));
#2838 = ( GEOMETRIC_REPRESENTATION_CONTEXT(2) 
PARAMETRIC_REPRESENTATION_CONTEXT() REPRESENTATION_CONTEXT('2D SPACE',''
  ) );
#2839 = ADVANCED_FACE('',(#2840),#2828,.T.);
#2840 = FACE_BOUND('',#2841,.T.);
#2841 = EDGE_LOOP('',(#2842,#2865,#2893,#2914));
#2842 = ORIENTED_EDGE('',*,*,#2843,.F.);
#2843 = EDGE_CURVE('',#2844,#2792,#2846,.T.);
#2844 = VERTEX_POINT('',#2845);
#2845 = CARTESIAN_POINT('',(6.96E+03,-264.,130.));
#2846 = SURFACE_CURVE('',#2847,(#2851,#2858),.PCURVE_S1.);
#2847 = LINE('',#2848,#2849);
#2848 = CARTESIAN_POINT('',(6.96E+03,-264.,130.));
#2849 = VECTOR('',#2850,1.);
#2850 = DIRECTION('',(0.,0.,-1.));
#2851 = PCURVE('',#2828,#2852);
#2852 = DEFINITIONAL_REPRESENTATION('',(#2853),#2857);
#2853 = LINE('',#2854,#2855);
#2854 = CARTESIAN_POINT('',(189.17763612997,66.201411022744));
#2855 = VECTOR('',#2856,1.);
#2856 = DIRECTION('',(0.,-1.));
#2857 = ( GEOMETRIC_REPRESENTATION_CONTEXT(2) 
PARAMETRIC_REPRESENTATION_CONTEXT() REPRESENTATION_CONTEXT('2D SPACE',''
  ) );
#2858 = PCURVE('',#2594,#2859);
#2859 = DEFINITIONAL_REPRESENTATION('',(#2860),#2864);
#2860 = LINE('',#2861,#2862);
#2861 = CARTESIAN_POINT('',(3.,0.));
#2862 = VECTOR('',#2863,1.);
#2863 = DIRECTION('',(-1.,0.));
#2864 = ( GEOMETRIC_REPRESENTATION_CONTEXT(2) 
PARAMETRIC_REPRESENTATION_CONTEXT() REPRESENTATION_CONTEXT('2D SPACE',''
  ) );
#2865 = ORIENTED_EDGE('',*,*,#2866,.T.);
#2866 = EDGE_CURVE('',#2844,#2867,#2869,.T.);
#2867 = VERTEX_POINT('',#2868);
#2868 = CARTESIAN_POINT('',(6.58E+03,-264.,0.));
#2869 = SURFACE_CURVE('',#2870,(#2874,#2881),.PCURVE_S1.);
#2870 = LINE('',#2871,#2872);
#2871 = CARTESIAN_POINT('',(6.96E+03,-264.,130.));
#2872 = VECTOR('',#2873,1.);
#2873 = DIRECTION('',(-0.946163984953,-0.,-0.323687679063));
#2874 = PCURVE('',#2828,#2875);
#2875 = DEFINITIONAL_REPRESENTATION('',(#2876),#2880);
#2876 = LINE('',#2877,#2878);
#2877 = CARTESIAN_POINT('',(189.17763612997,66.201411022744));
#2878 = VECTOR('',#2879,1.);
#2879 = DIRECTION('',(-0.946163984953,-0.323687679063));
#2880 = ( GEOMETRIC_REPRESENTATION_CONTEXT(2) 
PARAMETRIC_REPRESENTATION_CONTEXT() REPRESENTATION_CONTEXT('2D SPACE',''
  ) );
#2881 = PCURVE('',#2882,#2887);
#2882 = PLANE('',#2883);
#2883 = AXIS2_PLACEMENT_3D('',#2884,#2885,#2886);
#2884 = CARTESIAN_POINT('',(6.96E+03,-264.,130.));
#2885 = DIRECTION('',(-0.323687679063,0.,0.946163984953));
#2886 = DIRECTION('',(-0.946163984953,0.,-0.323687679063));
#2887 = DEFINITIONAL_REPRESENTATION('',(#2888),#2892);
#2888 = LINE('',#2889,#2890);
#2889 = CARTESIAN_POINT('',(0.,0.));
#2890 = VECTOR('',#2891,1.);
#2891 = DIRECTION('',(1.,0.));
#2892 = ( GEOMETRIC_REPRESENTATION_CONTEXT(2) 
PARAMETRIC_REPRESENTATION_CONTEXT() REPRESENTATION_CONTEXT('2D SPACE',''
  ) );
#2893 = ORIENTED_EDGE('',*,*,#2894,.F.);
#2894 = EDGE_CURVE('',#2768,#2867,#2895,.T.);
#2895 = SURFACE_CURVE('',#2896,(#2900,#2907),.PCURVE_S1.);
#2896 = LINE('',#2897,#2898);
#2897 = CARTESIAN_POINT('',(6.648769230769E+03,-264.,0.));
#2898 = VECTOR('',#2899,1.);
#2899 = DIRECTION('',(-1.,0.,0.));
#2900 = PCURVE('',#2828,#2901);
#2901 = DEFINITIONAL_REPRESENTATION('',(#2902),#2906);
#2902 = LINE('',#2903,#2904);
#2903 = CARTESIAN_POINT('',(-122.0531331007,-63.79858897725));
#2904 = VECTOR('',#2905,1.);
#2905 = DIRECTION('',(-1.,0.));
#2906 = ( GEOMETRIC_REPRESENTATION_CONTEXT(2) 
PARAMETRIC_REPRESENTATION_CONTEXT() REPRESENTATION_CONTEXT('2D SPACE',''
  ) );
#2907 = PCURVE('',#2650,#2908);
#2908 = DEFINITIONAL_REPRESENTATION('',(#2909),#2913);
#2909 = LINE('',#2910,#2911);
#2910 = CARTESIAN_POINT('',(68.769230769231,0.));
#2911 = VECTOR('',#2912,1.);
#2912 = DIRECTION('',(-1.,0.));
#2913 = ( GEOMETRIC_REPRESENTATION_CONTEXT(2) 
PARAMETRIC_REPRESENTATION_CONTEXT() REPRESENTATION_CONTEXT('2D SPACE',''
  ) );
#2914 = ORIENTED_EDGE('',*,*,#2814,.T.);
#2915 = ADVANCED_FACE('',(#2916),#2882,.T.);
#2916 = FACE_BOUND('',#2917,.T.);
#2917 = EDGE_LOOP('',(#2918,#2941,#2969,#2990));
#2918 = ORIENTED_EDGE('',*,*,#2919,.T.);
#2919 = EDGE_CURVE('',#2844,#2920,#2922,.T.);
#2920 = VERTEX_POINT('',#2921);
#2921 = CARTESIAN_POINT('',(6.96E+03,346.,130.));
#2922 = SURFACE_CURVE('',#2923,(#2927,#2934),.PCURVE_S1.);
#2923 = LINE('',#2924,#2925);
#2924 = CARTESIAN_POINT('',(6.96E+03,-264.,130.));
#2925 = VECTOR('',#2926,1.);
#2926 = DIRECTION('',(-0.,1.,-0.));
#2927 = PCURVE('',#2882,#2928);
#2928 = DEFINITIONAL_REPRESENTATION('',(#2929),#2933);
#2929 = LINE('',#2930,#2931);
#2930 = CARTESIAN_POINT('',(0.,0.));
#2931 = VECTOR('',#2932,1.);
#2932 = DIRECTION('',(0.,-1.));
#2933 = ( GEOMETRIC_REPRESENTATION_CONTEXT(2) 
PARAMETRIC_REPRESENTATION_CONTEXT() REPRESENTATION_CONTEXT('2D SPACE',''
  ) );
#2934 = PCURVE('',#2594,#2935);
#2935 = DEFINITIONAL_REPRESENTATION('',(#2936),#2940);
#2936 = LINE('',#2937,#2938);
#2937 = CARTESIAN_POINT('',(3.,0.));
#2938 = VECTOR('',#2939,1.);
#2939 = DIRECTION('',(0.,-1.));
#2940 = ( GEOMETRIC_REPRESENTATION_CONTEXT(2) 
PARAMETRIC_REPRESENTATION_CONTEXT() REPRESENTATION_CONTEXT('2D SPACE',''
  ) );
#2941 = ORIENTED_EDGE('',*,*,#2942,.T.);
#2942 = EDGE_CURVE('',#2920,#2943,#2945,.T.);
#2943 = VERTEX_POINT('',#2944);
#2944 = CARTESIAN_POINT('',(6.58E+03,346.,0.));
#2945 = SURFACE_CURVE('',#2946,(#2950,#2957),.PCURVE_S1.);
#2946 = LINE('',#2947,#2948);
#2947 = CARTESIAN_POINT('',(6.96E+03,346.,130.));
#2948 = VECTOR('',#2949,1.);
#2949 = DIRECTION('',(-0.946163984953,-0.,-0.323687679063));
#2950 = PCURVE('',#2882,#2951);
#2951 = DEFINITIONAL_REPRESENTATION('',(#2952),#2956);
#2952 = LINE('',#2953,#2954);
#2953 = CARTESIAN_POINT('',(0.,-610.));
#2954 = VECTOR('',#2955,1.);
#2955 = DIRECTION('',(1.,0.));
#2956 = ( GEOMETRIC_REPRESENTATION_CONTEXT(2) 
PARAMETRIC_REPRESENTATION_CONTEXT() REPRESENTATION_CONTEXT('2D SPACE',''
  ) );
#2957 = PCURVE('',#2958,#2963);
#2958 = PLANE('',#2959);
#2959 = AXIS2_PLACEMENT_3D('',#2960,#2961,#2962);
#2960 = CARTESIAN_POINT('',(6.77082236387E+03,346.,63.798588977256));
#2961 = DIRECTION('',(0.,-1.,0.));
#2962 = DIRECTION('',(1.,0.,0.));
#2963 = DEFINITIONAL_REPRESENTATION('',(#2964),#2968);
#2964 = LINE('',#2965,#2966);
#2965 = CARTESIAN_POINT('',(189.17763612997,66.201411022744));
#2966 = VECTOR('',#2967,1.);
#2967 = DIRECTION('',(-0.946163984953,-0.323687679063));
#2968 = ( GEOMETRIC_REPRESENTATION_CONTEXT(2) 
PARAMETRIC_REPRESENTATION_CONTEXT() REPRESENTATION_CONTEXT('2D SPACE',''
  ) );
#2969 = ORIENTED_EDGE('',*,*,#2970,.F.);
#2970 = EDGE_CURVE('',#2867,#2943,#2971,.T.);
#2971 = SURFACE_CURVE('',#2972,(#2976,#2983),.PCURVE_S1.);
#2972 = LINE('',#2973,#2974);
#2973 = CARTESIAN_POINT('',(6.58E+03,-264.,0.));
#2974 = VECTOR('',#2975,1.);
#2975 = DIRECTION('',(-0.,1.,-0.));
#2976 = PCURVE('',#2882,#2977);
#2977 = DEFINITIONAL_REPRESENTATION('',(#2978),#2982);
#2978 = LINE('',#2979,#2980);
#2979 = CARTESIAN_POINT('',(401.62171256046,0.));
#2980 = VECTOR('',#2981,1.);
#2981 = DIRECTION('',(0.,-1.));
#2982 = ( GEOMETRIC_REPRESENTATION_CONTEXT(2) 
PARAMETRIC_REPRESENTATION_CONTEXT() REPRESENTATION_CONTEXT('2D SPACE',''
  ) );
#2983 = PCURVE('',#2650,#2984);
#2984 = DEFINITIONAL_REPRESENTATION('',(#2985),#2989);
#2985 = LINE('',#2986,#2987);
#2986 = CARTESIAN_POINT('',(0.,0.));
#2987 = VECTOR('',#2988,1.);
#2988 = DIRECTION('',(0.,-1.));
#2989 = ( GEOMETRIC_REPRESENTATION_CONTEXT(2) 
PARAMETRIC_REPRESENTATION_CONTEXT() REPRESENTATION_CONTEXT('2D SPACE',''
  ) );
#2990 = ORIENTED_EDGE('',*,*,#2866,.F.);
#2991 = ADVANCED_FACE('',(#2992),#2958,.F.);
#2992 = FACE_BOUND('',#2993,.F.);
#2993 = EDGE_LOOP('',(#2994,#2995,#3018,#3046));
#2994 = ORIENTED_EDGE('',*,*,#2942,.T.);
#2995 = ORIENTED_EDGE('',*,*,#2996,.T.);
#2996 = EDGE_CURVE('',#2943,#2997,#2999,.T.);
#2997 = VERTEX_POINT('',#2998);
#2998 = CARTESIAN_POINT('',(6.648769230769E+03,346.,0.));
#2999 = SURFACE_CURVE('',#3000,(#3004,#3011),.PCURVE_S1.);
#3000 = LINE('',#3001,#3002);
#3001 = CARTESIAN_POINT('',(6.58E+03,346.,0.));
#3002 = VECTOR('',#3003,1.);
#3003 = DIRECTION('',(1.,0.,0.));
#3004 = PCURVE('',#2958,#3005);
#3005 = DEFINITIONAL_REPRESENTATION('',(#3006),#3010);
#3006 = LINE('',#3007,#3008);
#3007 = CARTESIAN_POINT('',(-190.82236387,-63.79858897725));
#3008 = VECTOR('',#3009,1.);
#3009 = DIRECTION('',(1.,0.));
#3010 = ( GEOMETRIC_REPRESENTATION_CONTEXT(2) 
PARAMETRIC_REPRESENTATION_CONTEXT() REPRESENTATION_CONTEXT('2D SPACE',''
  ) );
#3011 = PCURVE('',#2650,#3012);
#3012 = DEFINITIONAL_REPRESENTATION('',(#3013),#3017);
#3013 = LINE('',#3014,#3015);
#3014 = CARTESIAN_POINT('',(0.,-610.));
#3015 = VECTOR('',#3016,1.);
#3016 = DIRECTION('',(1.,0.));
#3017 = ( GEOMETRIC_REPRESENTATION_CONTEXT(2) 
PARAMETRIC_REPRESENTATION_CONTEXT() REPRESENTATION_CONTEXT('2D SPACE',''
  ) );
#3018 = ORIENTED_EDGE('',*,*,#3019,.T.);
#3019 = EDGE_CURVE('',#2997,#3020,#3022,.T.);
#3020 = VERTEX_POINT('',#3021);
#3021 = CARTESIAN_POINT('',(6.96E+03,346.,97.));
#3022 = SURFACE_CURVE('',#3023,(#3027,#3034),.PCURVE_S1.);
#3023 = LINE('',#3024,#3025);
#3024 = CARTESIAN_POINT('',(6.648769230769E+03,346.,0.));
#3025 = VECTOR('',#3026,1.);
#3026 = DIRECTION('',(0.954706428336,0.,0.297549383621));
#3027 = PCURVE('',#2958,#3028);
#3028 = DEFINITIONAL_REPRESENTATION('',(#3029),#3033);
#3029 = LINE('',#3030,#3031);
#3030 = CARTESIAN_POINT('',(-122.0531331007,-63.79858897725));
#3031 = VECTOR('',#3032,1.);
#3032 = DIRECTION('',(0.954706428336,0.297549383621));
#3033 = ( GEOMETRIC_REPRESENTATION_CONTEXT(2) 
PARAMETRIC_REPRESENTATION_CONTEXT() REPRESENTATION_CONTEXT('2D SPACE',''
  ) );
#3034 = PCURVE('',#3035,#3040);
#3035 = PLANE('',#3036);
#3036 = AXIS2_PLACEMENT_3D('',#3037,#3038,#3039);
#3037 = CARTESIAN_POINT('',(6.648769230769E+03,343.,0.));
#3038 = DIRECTION('',(0.297549383621,0.,-0.954706428336));
#3039 = DIRECTION('',(0.954706428336,0.,0.297549383621));
#3040 = DEFINITIONAL_REPRESENTATION('',(#3041),#3045);
#3041 = LINE('',#3042,#3043);
#3042 = CARTESIAN_POINT('',(0.,-3.));
#3043 = VECTOR('',#3044,1.);
#3044 = DIRECTION('',(1.,0.));
#3045 = ( GEOMETRIC_REPRESENTATION_CONTEXT(2) 
PARAMETRIC_REPRESENTATION_CONTEXT() REPRESENTATION_CONTEXT('2D SPACE',''
  ) );
#3046 = ORIENTED_EDGE('',*,*,#3047,.T.);
#3047 = EDGE_CURVE('',#3020,#2920,#3048,.T.);
#3048 = SURFACE_CURVE('',#3049,(#3053,#3060),.PCURVE_S1.);
#3049 = LINE('',#3050,#3051);
#3050 = CARTESIAN_POINT('',(6.96E+03,346.,97.));
#3051 = VECTOR('',#3052,1.);
#3052 = DIRECTION('',(0.,0.,1.));
#3053 = PCURVE('',#2958,#3054);
#3054 = DEFINITIONAL_REPRESENTATION('',(#3055),#3059);
#3055 = LINE('',#3056,#3057);
#3056 = CARTESIAN_POINT('',(189.17763612997,33.201411022744));
#3057 = VECTOR('',#3058,1.);
#3058 = DIRECTION('',(0.,1.));
#3059 = ( GEOMETRIC_REPRESENTATION_CONTEXT(2) 
PARAMETRIC_REPRESENTATION_CONTEXT() REPRESENTATION_CONTEXT('2D SPACE',''
  ) );
#3060 = PCURVE('',#2594,#3061);
#3061 = DEFINITIONAL_REPRESENTATION('',(#3062),#3066);
#3062 = LINE('',#3063,#3064);
#3063 = CARTESIAN_POINT('',(-30.,-610.));
#3064 = VECTOR('',#3065,1.);
#3065 = DIRECTION('',(1.,0.));
#3066 = ( GEOMETRIC_REPRESENTATION_CONTEXT(2) 
PARAMETRIC_REPRESENTATION_CONTEXT() REPRESENTATION_CONTEXT('2D SPACE',''
  ) );
#3067 = ADVANCED_FACE('',(#3068),#3035,.T.);
#3068 = FACE_BOUND('',#3069,.T.);
#3069 = EDGE_LOOP('',(#3070,#3093,#3094,#3117));
#3070 = ORIENTED_EDGE('',*,*,#3071,.T.);
#3071 = EDGE_CURVE('',#3072,#2997,#3074,.T.);
#3072 = VERTEX_POINT('',#3073);
#3073 = CARTESIAN_POINT('',(6.648769230769E+03,343.,0.));
#3074 = SURFACE_CURVE('',#3075,(#3079,#3086),.PCURVE_S1.);
#3075 = LINE('',#3076,#3077);
#3076 = CARTESIAN_POINT('',(6.648769230769E+03,343.,0.));
#3077 = VECTOR('',#3078,1.);
#3078 = DIRECTION('',(-0.,1.,-0.));
#3079 = PCURVE('',#3035,#3080);
#3080 = DEFINITIONAL_REPRESENTATION('',(#3081),#3085);
#3081 = LINE('',#3082,#3083);
#3082 = CARTESIAN_POINT('',(0.,0.));
#3083 = VECTOR('',#3084,1.);
#3084 = DIRECTION('',(0.,-1.));
#3085 = ( GEOMETRIC_REPRESENTATION_CONTEXT(2) 
PARAMETRIC_REPRESENTATION_CONTEXT() REPRESENTATION_CONTEXT('2D SPACE',''
  ) );
#3086 = PCURVE('',#2650,#3087);
#3087 = DEFINITIONAL_REPRESENTATION('',(#3088),#3092);
#3088 = LINE('',#3089,#3090);
#3089 = CARTESIAN_POINT('',(68.769230769231,-607.));
#3090 = VECTOR('',#3091,1.);
#3091 = DIRECTION('',(0.,-1.));
#3092 = ( GEOMETRIC_REPRESENTATION_CONTEXT(2) 
PARAMETRIC_REPRESENTATION_CONTEXT() REPRESENTATION_CONTEXT('2D SPACE',''
  ) );
#3093 = ORIENTED_EDGE('',*,*,#3019,.T.);
#3094 = ORIENTED_EDGE('',*,*,#3095,.F.);
#3095 = EDGE_CURVE('',#3096,#3020,#3098,.T.);
#3096 = VERTEX_POINT('',#3097);
#3097 = CARTESIAN_POINT('',(6.96E+03,343.,97.));
#3098 = SURFACE_CURVE('',#3099,(#3103,#3110),.PCURVE_S1.);
#3099 = LINE('',#3100,#3101);
#3100 = CARTESIAN_POINT('',(6.96E+03,343.,97.));
#3101 = VECTOR('',#3102,1.);
#3102 = DIRECTION('',(-0.,1.,-0.));
#3103 = PCURVE('',#3035,#3104);
#3104 = DEFINITIONAL_REPRESENTATION('',(#3105),#3109);
#3105 = LINE('',#3106,#3107);
#3106 = CARTESIAN_POINT('',(325.99630629192,0.));
#3107 = VECTOR('',#3108,1.);
#3108 = DIRECTION('',(0.,-1.));
#3109 = ( GEOMETRIC_REPRESENTATION_CONTEXT(2) 
PARAMETRIC_REPRESENTATION_CONTEXT() REPRESENTATION_CONTEXT('2D SPACE',''
  ) );
#3110 = PCURVE('',#2594,#3111);
#3111 = DEFINITIONAL_REPRESENTATION('',(#3112),#3116);
#3112 = LINE('',#3113,#3114);
#3113 = CARTESIAN_POINT('',(-30.,-607.));
#3114 = VECTOR('',#3115,1.);
#3115 = DIRECTION('',(0.,-1.));
#3116 = ( GEOMETRIC_REPRESENTATION_CONTEXT(2) 
PARAMETRIC_REPRESENTATION_CONTEXT() REPRESENTATION_CONTEXT('2D SPACE',''
  ) );
#3117 = ORIENTED_EDGE('',*,*,#3118,.F.);
#3118 = EDGE_CURVE('',#3072,#3096,#3119,.T.);
#3119 = SURFACE_CURVE('',#3120,(#3124,#3131),.PCURVE_S1.);
#3120 = LINE('',#3121,#3122);
#3121 = CARTESIAN_POINT('',(6.648769230769E+03,343.,0.));
#3122 = VECTOR('',#3123,1.);
#3123 = DIRECTION('',(0.954706428336,0.,0.297549383621));
#3124 = PCURVE('',#3035,#3125);
#3125 = DEFINITIONAL_REPRESENTATION('',(#3126),#3130);
#3126 = LINE('',#3127,#3128);
#3127 = CARTESIAN_POINT('',(0.,0.));
#3128 = VECTOR('',#3129,1.);
#3129 = DIRECTION('',(1.,0.));
#3130 = ( GEOMETRIC_REPRESENTATION_CONTEXT(2) 
PARAMETRIC_REPRESENTATION_CONTEXT() REPRESENTATION_CONTEXT('2D SPACE',''
  ) );
#3131 = PCURVE('',#2676,#3132);
#3132 = DEFINITIONAL_REPRESENTATION('',(#3133),#3137);
#3133 = LINE('',#3134,#3135);
#3134 = CARTESIAN_POINT('',(-133.0520505993,-54.53736480672));
#3135 = VECTOR('',#3136,1.);
#3136 = DIRECTION('',(0.954706428336,0.297549383621));
#3137 = ( GEOMETRIC_REPRESENTATION_CONTEXT(2) 
PARAMETRIC_REPRESENTATION_CONTEXT() REPRESENTATION_CONTEXT('2D SPACE',''
  ) );
#3138 = ADVANCED_FACE('',(#3139),#2650,.T.);
#3139 = FACE_BOUND('',#3140,.T.);
#3140 = EDGE_LOOP('',(#3141,#3142,#3143,#3144,#3165,#3166,#3167,#3168));
#3141 = ORIENTED_EDGE('',*,*,#2970,.T.);
#3142 = ORIENTED_EDGE('',*,*,#2996,.T.);
#3143 = ORIENTED_EDGE('',*,*,#3071,.F.);
#3144 = ORIENTED_EDGE('',*,*,#3145,.F.);
#3145 = EDGE_CURVE('',#2635,#3072,#3146,.T.);
#3146 = SURFACE_CURVE('',#3147,(#3151,#3158),.PCURVE_S1.);
#3147 = LINE('',#3148,#3149);
#3148 = CARTESIAN_POINT('',(6.588769230769E+03,343.,0.));
#3149 = VECTOR('',#3150,1.);
#3150 = DIRECTION('',(1.,0.,0.));
#3151 = PCURVE('',#2650,#3152);
#3152 = DEFINITIONAL_REPRESENTATION('',(#3153),#3157);
#3153 = LINE('',#3154,#3155);
#3154 = CARTESIAN_POINT('',(8.769230769231,-607.));
#3155 = VECTOR('',#3156,1.);
#3156 = DIRECTION('',(1.,0.));
#3157 = ( GEOMETRIC_REPRESENTATION_CONTEXT(2) 
PARAMETRIC_REPRESENTATION_CONTEXT() REPRESENTATION_CONTEXT('2D SPACE',''
  ) );
#3158 = PCURVE('',#2676,#3159);
#3159 = DEFINITIONAL_REPRESENTATION('',(#3160),#3164);
#3160 = LINE('',#3161,#3162);
#3161 = CARTESIAN_POINT('',(-193.0520505993,-54.53736480672));
#3162 = VECTOR('',#3163,1.);
#3163 = DIRECTION('',(1.,0.));
#3164 = ( GEOMETRIC_REPRESENTATION_CONTEXT(2) 
PARAMETRIC_REPRESENTATION_CONTEXT() REPRESENTATION_CONTEXT('2D SPACE',''
  ) );
#3165 = ORIENTED_EDGE('',*,*,#2634,.F.);
#3166 = ORIENTED_EDGE('',*,*,#2743,.T.);
#3167 = ORIENTED_EDGE('',*,*,#2767,.F.);
#3168 = ORIENTED_EDGE('',*,*,#2894,.T.);
#3169 = ADVANCED_FACE('',(#3170),#2676,.T.);
#3170 = FACE_BOUND('',#3171,.T.);
#3171 = EDGE_LOOP('',(#3172,#3173,#3194,#3195));
#3172 = ORIENTED_EDGE('',*,*,#3118,.T.);
#3173 = ORIENTED_EDGE('',*,*,#3174,.T.);
#3174 = EDGE_CURVE('',#3096,#2574,#3175,.T.);
#3175 = SURFACE_CURVE('',#3176,(#3180,#3187),.PCURVE_S1.);
#3176 = LINE('',#3177,#3178);
#3177 = CARTESIAN_POINT('',(6.96E+03,343.,97.));
#3178 = VECTOR('',#3179,1.);
#3179 = DIRECTION('',(0.,0.,1.));
#3180 = PCURVE('',#2676,#3181);
#3181 = DEFINITIONAL_REPRESENTATION('',(#3182),#3186);
#3182 = LINE('',#3183,#3184);
#3183 = CARTESIAN_POINT('',(178.17871863146,42.46263519328));
#3184 = VECTOR('',#3185,1.);
#3185 = DIRECTION('',(0.,1.));
#3186 = ( GEOMETRIC_REPRESENTATION_CONTEXT(2) 
PARAMETRIC_REPRESENTATION_CONTEXT() REPRESENTATION_CONTEXT('2D SPACE',''
  ) );
#3187 = PCURVE('',#2594,#3188);
#3188 = DEFINITIONAL_REPRESENTATION('',(#3189),#3193);
#3189 = LINE('',#3190,#3191);
#3190 = CARTESIAN_POINT('',(-30.,-607.));
#3191 = VECTOR('',#3192,1.);
#3192 = DIRECTION('',(1.,0.));
#3193 = ( GEOMETRIC_REPRESENTATION_CONTEXT(2) 
PARAMETRIC_REPRESENTATION_CONTEXT() REPRESENTATION_CONTEXT('2D SPACE',''
  ) );
#3194 = ORIENTED_EDGE('',*,*,#2662,.T.);
#3195 = ORIENTED_EDGE('',*,*,#3145,.T.);
#3196 = ADVANCED_FACE('',(#3197),#2594,.T.);
#3197 = FACE_BOUND('',#3198,.T.);
#3198 = EDGE_LOOP('',(#3199,#3200,#3201,#3202,#3203,#3204,#3205,#3206));
#3199 = ORIENTED_EDGE('',*,*,#2571,.T.);
#3200 = ORIENTED_EDGE('',*,*,#3174,.F.);
#3201 = ORIENTED_EDGE('',*,*,#3095,.T.);
#3202 = ORIENTED_EDGE('',*,*,#3047,.T.);
#3203 = ORIENTED_EDGE('',*,*,#2919,.F.);
#3204 = ORIENTED_EDGE('',*,*,#2843,.T.);
#3205 = ORIENTED_EDGE('',*,*,#2791,.T.);
#3206 = ORIENTED_EDGE('',*,*,#2721,.T.);
#3207 = MANIFOLD_SOLID_BREP('',#3208);
#3208 = CLOSED_SHELL('',(#3209,#3297,#3332,#3367,#3422,#3457,#3512,#3562
    ));
#3209 = ADVANCED_FACE('',(#3210),#3223,.T.);
#3210 = FACE_BOUND('',#3211,.T.);
#3211 = EDGE_LOOP('',(#3212,#3246,#3269,#3296));
#3212 = ORIENTED_EDGE('',*,*,#3213,.F.);
#3213 = EDGE_CURVE('',#3214,#3214,#3216,.T.);
#3214 = VERTEX_POINT('',#3215);
#3215 = CARTESIAN_POINT('',(7.03015E+03,-259.,110.));
#3216 = SURFACE_CURVE('',#3217,(#3222,#3234),.PCURVE_S1.);
#3217 = CIRCLE('',#3218,30.15);
#3218 = AXIS2_PLACEMENT_3D('',#3219,#3220,#3221);
#3219 = CARTESIAN_POINT('',(7.E+03,-259.,110.));
#3220 = DIRECTION('',(0.,-1.,2.22044604925E-16));
#3221 = DIRECTION('',(1.,0.,0.));
#3222 = PCURVE('',#3223,#3228);
#3223 = CYLINDRICAL_SURFACE('',#3224,30.15);
#3224 = AXIS2_PLACEMENT_3D('',#3225,#3226,#3227);
#3225 = CARTESIAN_POINT('',(7.E+03,341.,110.));
#3226 = DIRECTION('',(0.,-1.,2.22044604925E-16));
#3227 = DIRECTION('',(1.,0.,0.));
#3228 = DEFINITIONAL_REPRESENTATION('',(#3229),#3233);
#3229 = LINE('',#3230,#3231);
#3230 = CARTESIAN_POINT('',(0.,600.));
#3231 = VECTOR('',#3232,1.);
#3232 = DIRECTION('',(1.,0.));
#3233 = ( GEOMETRIC_REPRESENTATION_CONTEXT(2) 
PARAMETRIC_REPRESENTATION_CONTEXT() REPRESENTATION_CONTEXT('2D SPACE',''
  ) );
#3234 = PCURVE('',#3235,#3240);
#3235 = PLANE('',#3236);
#3236 = AXIS2_PLACEMENT_3D('',#3237,#3238,#3239);
#3237 = CARTESIAN_POINT('',(7.E+03,-259.,110.));
#3238 = DIRECTION('',(0.,-1.,2.22044604925E-16));
#3239 = DIRECTION('',(1.,0.,0.));
#3240 = DEFINITIONAL_REPRESENTATION('',(#3241),#3245);
#3241 = CIRCLE('',#3242,30.15);
#3242 = AXIS2_PLACEMENT_2D('',#3243,#3244);
#3243 = CARTESIAN_POINT('',(0.,0.));
#3244 = DIRECTION('',(1.,0.));
#3245 = ( GEOMETRIC_REPRESENTATION_CONTEXT(2) 
PARAMETRIC_REPRESENTATION_CONTEXT() REPRESENTATION_CONTEXT('2D SPACE',''
  ) );
#3246 = ORIENTED_EDGE('',*,*,#3247,.F.);
#3247 = EDGE_CURVE('',#3248,#3214,#3250,.T.);
#3248 = VERTEX_POINT('',#3249);
#3249 = CARTESIAN_POINT('',(7.03015E+03,341.,110.));
#3250 = SEAM_CURVE('',#3251,(#3255,#3262),.PCURVE_S1.);
#3251 = LINE('',#3252,#3253);
#3252 = CARTESIAN_POINT('',(7.03015E+03,341.,110.));
#3253 = VECTOR('',#3254,1.);
#3254 = DIRECTION('',(0.,-1.,2.22044604925E-16));
#3255 = PCURVE('',#3223,#3256);
#3256 = DEFINITIONAL_REPRESENTATION('',(#3257),#3261);
#3257 = LINE('',#3258,#3259);
#3258 = CARTESIAN_POINT('',(6.28318530718,-0.));
#3259 = VECTOR('',#3260,1.);
#3260 = DIRECTION('',(0.,1.));
#3261 = ( GEOMETRIC_REPRESENTATION_CONTEXT(2) 
PARAMETRIC_REPRESENTATION_CONTEXT() REPRESENTATION_CONTEXT('2D SPACE',''
  ) );
#3262 = PCURVE('',#3223,#3263);
#3263 = DEFINITIONAL_REPRESENTATION('',(#3264),#3268);
#3264 = LINE('',#3265,#3266);
#3265 = CARTESIAN_POINT('',(0.,-0.));
#3266 = VECTOR('',#3267,1.);
#3267 = DIRECTION('',(0.,1.));
#3268 = ( GEOMETRIC_REPRESENTATION_CONTEXT(2) 
PARAMETRIC_REPRESENTATION_CONTEXT() REPRESENTATION_CONTEXT('2D SPACE',''
  ) );
#3269 = ORIENTED_EDGE('',*,*,#3270,.T.);
#3270 = EDGE_CURVE('',#3248,#3248,#3271,.T.);
#3271 = SURFACE_CURVE('',#3272,(#3277,#3284),.PCURVE_S1.);
#3272 = CIRCLE('',#3273,30.15);
#3273 = AXIS2_PLACEMENT_3D('',#3274,#3275,#3276);
#3274 = CARTESIAN_POINT('',(7.E+03,341.,110.));
#3275 = DIRECTION('',(0.,-1.,2.22044604925E-16));
#3276 = DIRECTION('',(1.,0.,0.));
#3277 = PCURVE('',#3223,#3278);
#3278 = DEFINITIONAL_REPRESENTATION('',(#3279),#3283);
#3279 = LINE('',#3280,#3281);
#3280 = CARTESIAN_POINT('',(0.,0.));
#3281 = VECTOR('',#3282,1.);
#3282 = DIRECTION('',(1.,0.));
#3283 = ( GEOMETRIC_REPRESENTATION_CONTEXT(2) 
PARAMETRIC_REPRESENTATION_CONTEXT() REPRESENTATION_CONTEXT('2D SPACE',''
  ) );
#3284 = PCURVE('',#3285,#3290);
#3285 = PLANE('',#3286);
#3286 = AXIS2_PLACEMENT_3D('',#3287,#3288,#3289);
#3287 = CARTESIAN_POINT('',(7.E+03,341.,110.));
#3288 = DIRECTION('',(0.,-1.,2.22044604925E-16));
#3289 = DIRECTION('',(1.,0.,0.));
#3290 = DEFINITIONAL_REPRESENTATION('',(#3291),#3295);
#3291 = CIRCLE('',#3292,30.15);
#3292 = AXIS2_PLACEMENT_2D('',#3293,#3294);
#3293 = CARTESIAN_POINT('',(0.,0.));
#3294 = DIRECTION('',(1.,0.));
#3295 = ( GEOMETRIC_REPRESENTATION_CONTEXT(2) 
PARAMETRIC_REPRESENTATION_CONTEXT() REPRESENTATION_CONTEXT('2D SPACE',''
  ) );
#3296 = ORIENTED_EDGE('',*,*,#3247,.T.);
#3297 = ADVANCED_FACE('',(#3298,#3301),#3235,.T.);
#3298 = FACE_BOUND('',#3299,.T.);
#3299 = EDGE_LOOP('',(#3300));
#3300 = ORIENTED_EDGE('',*,*,#3213,.T.);
#3301 = FACE_BOUND('',#3302,.T.);
#3302 = EDGE_LOOP('',(#3303));
#3303 = ORIENTED_EDGE('',*,*,#3304,.F.);
#3304 = EDGE_CURVE('',#3305,#3305,#3307,.T.);
#3305 = VERTEX_POINT('',#3306);
#3306 = CARTESIAN_POINT('',(7.01E+03,-259.,110.));
#3307 = SURFACE_CURVE('',#3308,(#3313,#3320),.PCURVE_S1.);
#3308 = CIRCLE('',#3309,10.);
#3309 = AXIS2_PLACEMENT_3D('',#3310,#3311,#3312);
#3310 = CARTESIAN_POINT('',(7.E+03,-259.,110.));
#3311 = DIRECTION('',(0.,-1.,2.22044604925E-16));
#3312 = DIRECTION('',(1.,0.,0.));
#3313 = PCURVE('',#3235,#3314);
#3314 = DEFINITIONAL_REPRESENTATION('',(#3315),#3319);
#3315 = CIRCLE('',#3316,10.);
#3316 = AXIS2_PLACEMENT_2D('',#3317,#3318);
#3317 = CARTESIAN_POINT('',(0.,-5.684341886081E-14));
#3318 = DIRECTION('',(1.,0.));
#3319 = ( GEOMETRIC_REPRESENTATION_CONTEXT(2) 
PARAMETRIC_REPRESENTATION_CONTEXT() REPRESENTATION_CONTEXT('2D SPACE',''
  ) );
#3320 = PCURVE('',#3321,#3326);
#3321 = CYLINDRICAL_SURFACE('',#3322,10.);
#3322 = AXIS2_PLACEMENT_3D('',#3323,#3324,#3325);
#3323 = CARTESIAN_POINT('',(7.E+03,-238.,110.));
#3324 = DIRECTION('',(0.,-1.,2.22044604925E-16));
#3325 = DIRECTION('',(1.,0.,0.));
#3326 = DEFINITIONAL_REPRESENTATION('',(#3327),#3331);
#3327 = LINE('',#3328,#3329);
#3328 = CARTESIAN_POINT('',(0.,21.));
#3329 = VECTOR('',#3330,1.);
#3330 = DIRECTION('',(1.,0.));
#3331 = ( GEOMETRIC_REPRESENTATION_CONTEXT(2) 
PARAMETRIC_REPRESENTATION_CONTEXT() REPRESENTATION_CONTEXT('2D SPACE',''
  ) );
#3332 = ADVANCED_FACE('',(#3333,#3336),#3285,.F.);
#3333 = FACE_BOUND('',#3334,.F.);
#3334 = EDGE_LOOP('',(#3335));
#3335 = ORIENTED_EDGE('',*,*,#3270,.T.);
#3336 = FACE_BOUND('',#3337,.F.);
#3337 = EDGE_LOOP('',(#3338));
#3338 = ORIENTED_EDGE('',*,*,#3339,.F.);
#3339 = EDGE_CURVE('',#3340,#3340,#3342,.T.);
#3340 = VERTEX_POINT('',#3341);
#3341 = CARTESIAN_POINT('',(7.01E+03,341.,110.));
#3342 = SURFACE_CURVE('',#3343,(#3348,#3355),.PCURVE_S1.);
#3343 = CIRCLE('',#3344,10.);
#3344 = AXIS2_PLACEMENT_3D('',#3345,#3346,#3347);
#3345 = CARTESIAN_POINT('',(7.E+03,341.,110.));
#3346 = DIRECTION('',(0.,-1.,2.22044604925E-16));
#3347 = DIRECTION('',(1.,0.,0.));
#3348 = PCURVE('',#3285,#3349);
#3349 = DEFINITIONAL_REPRESENTATION('',(#3350),#3354);
#3350 = CIRCLE('',#3351,10.);
#3351 = AXIS2_PLACEMENT_2D('',#3352,#3353);
#3352 = CARTESIAN_POINT('',(0.,7.105427357601E-14));
#3353 = DIRECTION('',(1.,0.));
#3354 = ( GEOMETRIC_REPRESENTATION_CONTEXT(2) 
PARAMETRIC_REPRESENTATION_CONTEXT() REPRESENTATION_CONTEXT('2D SPACE',''
  ) );
#3355 = PCURVE('',#3356,#3361);
#3356 = CYLINDRICAL_SURFACE('',#3357,10.);
#3357 = AXIS2_PLACEMENT_3D('',#3358,#3359,#3360);
#3358 = CARTESIAN_POINT('',(7.E+03,342.,110.));
#3359 = DIRECTION('',(0.,-1.,2.22044604925E-16));
#3360 = DIRECTION('',(1.,0.,0.));
#3361 = DEFINITIONAL_REPRESENTATION('',(#3362),#3366);
#3362 = LINE('',#3363,#3364);
#3363 = CARTESIAN_POINT('',(0.,1.));
#3364 = VECTOR('',#3365,1.);
#3365 = DIRECTION('',(1.,0.));
#3366 = ( GEOMETRIC_REPRESENTATION_CONTEXT(2) 
PARAMETRIC_REPRESENTATION_CONTEXT() REPRESENTATION_CONTEXT('2D SPACE',''
  ) );
#3367 = ADVANCED_FACE('',(#3368),#3321,.F.);
#3368 = FACE_BOUND('',#3369,.F.);
#3369 = EDGE_LOOP('',(#3370,#3371,#3394,#3421));
#3370 = ORIENTED_EDGE('',*,*,#3304,.F.);
#3371 = ORIENTED_EDGE('',*,*,#3372,.F.);
#3372 = EDGE_CURVE('',#3373,#3305,#3375,.T.);
#3373 = VERTEX_POINT('',#3374);
#3374 = CARTESIAN_POINT('',(7.01E+03,-239.,110.));
#3375 = SEAM_CURVE('',#3376,(#3380,#3387),.PCURVE_S1.);
#3376 = LINE('',#3377,#3378);
#3377 = CARTESIAN_POINT('',(7.01E+03,-238.,110.));
#3378 = VECTOR('',#3379,1.);
#3379 = DIRECTION('',(0.,-1.,2.22044604925E-16));
#3380 = PCURVE('',#3321,#3381);
#3381 = DEFINITIONAL_REPRESENTATION('',(#3382),#3386);
#3382 = LINE('',#3383,#3384);
#3383 = CARTESIAN_POINT('',(6.28318530718,-0.));
#3384 = VECTOR('',#3385,1.);
#3385 = DIRECTION('',(0.,1.));
#3386 = ( GEOMETRIC_REPRESENTATION_CONTEXT(2) 
PARAMETRIC_REPRESENTATION_CONTEXT() REPRESENTATION_CONTEXT('2D SPACE',''
  ) );
#3387 = PCURVE('',#3321,#3388);
#3388 = DEFINITIONAL_REPRESENTATION('',(#3389),#3393);
#3389 = LINE('',#3390,#3391);
#3390 = CARTESIAN_POINT('',(0.,-0.));
#3391 = VECTOR('',#3392,1.);
#3392 = DIRECTION('',(0.,1.));
#3393 = ( GEOMETRIC_REPRESENTATION_CONTEXT(2) 
PARAMETRIC_REPRESENTATION_CONTEXT() REPRESENTATION_CONTEXT('2D SPACE',''
  ) );
#3394 = ORIENTED_EDGE('',*,*,#3395,.T.);
#3395 = EDGE_CURVE('',#3373,#3373,#3396,.T.);
#3396 = SURFACE_CURVE('',#3397,(#3402,#3409),.PCURVE_S1.);
#3397 = CIRCLE('',#3398,10.);
#3398 = AXIS2_PLACEMENT_3D('',#3399,#3400,#3401);
#3399 = CARTESIAN_POINT('',(7.E+03,-239.,110.));
#3400 = DIRECTION('',(0.,-1.,2.22044604925E-16));
#3401 = DIRECTION('',(1.,0.,0.));
#3402 = PCURVE('',#3321,#3403);
#3403 = DEFINITIONAL_REPRESENTATION('',(#3404),#3408);
#3404 = LINE('',#3405,#3406);
#3405 = CARTESIAN_POINT('',(0.,1.));
#3406 = VECTOR('',#3407,1.);
#3407 = DIRECTION('',(1.,0.));
#3408 = ( GEOMETRIC_REPRESENTATION_CONTEXT(2) 
PARAMETRIC_REPRESENTATION_CONTEXT() REPRESENTATION_CONTEXT('2D SPACE',''
  ) );
#3409 = PCURVE('',#3410,#3415);
#3410 = PLANE('',#3411);
#3411 = AXIS2_PLACEMENT_3D('',#3412,#3413,#3414);
#3412 = CARTESIAN_POINT('',(7.E+03,-239.,110.));
#3413 = DIRECTION('',(0.,-1.,2.22044604925E-16));
#3414 = DIRECTION('',(1.,0.,0.));
#3415 = DEFINITIONAL_REPRESENTATION('',(#3416),#3420);
#3416 = CIRCLE('',#3417,10.);
#3417 = AXIS2_PLACEMENT_2D('',#3418,#3419);
#3418 = CARTESIAN_POINT('',(0.,0.));
#3419 = DIRECTION('',(1.,0.));
#3420 = ( GEOMETRIC_REPRESENTATION_CONTEXT(2) 
PARAMETRIC_REPRESENTATION_CONTEXT() REPRESENTATION_CONTEXT('2D SPACE',''
  ) );
#3421 = ORIENTED_EDGE('',*,*,#3372,.T.);
#3422 = ADVANCED_FACE('',(#3423,#3454),#3410,.F.);
#3423 = FACE_BOUND('',#3424,.F.);
#3424 = EDGE_LOOP('',(#3425));
#3425 = ORIENTED_EDGE('',*,*,#3426,.T.);
#3426 = EDGE_CURVE('',#3427,#3427,#3429,.T.);
#3427 = VERTEX_POINT('',#3428);
#3428 = CARTESIAN_POINT('',(7.02655E+03,-239.,110.));
#3429 = SURFACE_CURVE('',#3430,(#3435,#3442),.PCURVE_S1.);
#3430 = CIRCLE('',#3431,26.55);
#3431 = AXIS2_PLACEMENT_3D('',#3432,#3433,#3434);
#3432 = CARTESIAN_POINT('',(7.E+03,-239.,110.));
#3433 = DIRECTION('',(0.,-1.,2.22044604925E-16));
#3434 = DIRECTION('',(1.,0.,0.));
#3435 = PCURVE('',#3410,#3436);
#3436 = DEFINITIONAL_REPRESENTATION('',(#3437),#3441);
#3437 = CIRCLE('',#3438,26.55);
#3438 = AXIS2_PLACEMENT_2D('',#3439,#3440);
#3439 = CARTESIAN_POINT('',(0.,0.));
#3440 = DIRECTION('',(1.,0.));
#3441 = ( GEOMETRIC_REPRESENTATION_CONTEXT(2) 
PARAMETRIC_REPRESENTATION_CONTEXT() REPRESENTATION_CONTEXT('2D SPACE',''
  ) );
#3442 = PCURVE('',#3443,#3448);
#3443 = CYLINDRICAL_SURFACE('',#3444,26.55);
#3444 = AXIS2_PLACEMENT_3D('',#3445,#3446,#3447);
#3445 = CARTESIAN_POINT('',(7.E+03,342.,110.));
#3446 = DIRECTION('',(0.,-1.,2.22044604925E-16));
#3447 = DIRECTION('',(1.,0.,0.));
#3448 = DEFINITIONAL_REPRESENTATION('',(#3449),#3453);
#3449 = LINE('',#3450,#3451);
#3450 = CARTESIAN_POINT('',(0.,581.));
#3451 = VECTOR('',#3452,1.);
#3452 = DIRECTION('',(1.,0.));
#3453 = ( GEOMETRIC_REPRESENTATION_CONTEXT(2) 
PARAMETRIC_REPRESENTATION_CONTEXT() REPRESENTATION_CONTEXT('2D SPACE',''
  ) );
#3454 = FACE_BOUND('',#3455,.F.);
#3455 = EDGE_LOOP('',(#3456));
#3456 = ORIENTED_EDGE('',*,*,#3395,.F.);
#3457 = ADVANCED_FACE('',(#3458),#3356,.F.);
#3458 = FACE_BOUND('',#3459,.F.);
#3459 = EDGE_LOOP('',(#3460,#3489,#3510,#3511));
#3460 = ORIENTED_EDGE('',*,*,#3461,.F.);
#3461 = EDGE_CURVE('',#3462,#3462,#3464,.T.);
#3462 = VERTEX_POINT('',#3463);
#3463 = CARTESIAN_POINT('',(7.01E+03,321.,110.));
#3464 = SURFACE_CURVE('',#3465,(#3470,#3477),.PCURVE_S1.);
#3465 = CIRCLE('',#3466,10.);
#3466 = AXIS2_PLACEMENT_3D('',#3467,#3468,#3469);
#3467 = CARTESIAN_POINT('',(7.E+03,321.,110.));
#3468 = DIRECTION('',(0.,-1.,2.22044604925E-16));
#3469 = DIRECTION('',(1.,0.,0.));
#3470 = PCURVE('',#3356,#3471);
#3471 = DEFINITIONAL_REPRESENTATION('',(#3472),#3476);
#3472 = LINE('',#3473,#3474);
#3473 = CARTESIAN_POINT('',(0.,21.));
#3474 = VECTOR('',#3475,1.);
#3475 = DIRECTION('',(1.,0.));
#3476 = ( GEOMETRIC_REPRESENTATION_CONTEXT(2) 
PARAMETRIC_REPRESENTATION_CONTEXT() REPRESENTATION_CONTEXT('2D SPACE',''
  ) );
#3477 = PCURVE('',#3478,#3483);
#3478 = PLANE('',#3479);
#3479 = AXIS2_PLACEMENT_3D('',#3480,#3481,#3482);
#3480 = CARTESIAN_POINT('',(7.E+03,321.,110.));
#3481 = DIRECTION('',(0.,-1.,2.22044604925E-16));
#3482 = DIRECTION('',(1.,0.,0.));
#3483 = DEFINITIONAL_REPRESENTATION('',(#3484),#3488);
#3484 = CIRCLE('',#3485,10.);
#3485 = AXIS2_PLACEMENT_2D('',#3486,#3487);
#3486 = CARTESIAN_POINT('',(0.,0.));
#3487 = DIRECTION('',(1.,0.));
#3488 = ( GEOMETRIC_REPRESENTATION_CONTEXT(2) 
PARAMETRIC_REPRESENTATION_CONTEXT() REPRESENTATION_CONTEXT('2D SPACE',''
  ) );
#3489 = ORIENTED_EDGE('',*,*,#3490,.F.);
#3490 = EDGE_CURVE('',#3340,#3462,#3491,.T.);
#3491 = SEAM_CURVE('',#3492,(#3496,#3503),.PCURVE_S1.);
#3492 = LINE('',#3493,#3494);
#3493 = CARTESIAN_POINT('',(7.01E+03,342.,110.));
#3494 = VECTOR('',#3495,1.);
#3495 = DIRECTION('',(0.,-1.,2.22044604925E-16));
#3496 = PCURVE('',#3356,#3497);
#3497 = DEFINITIONAL_REPRESENTATION('',(#3498),#3502);
#3498 = LINE('',#3499,#3500);
#3499 = CARTESIAN_POINT('',(6.28318530718,-0.));
#3500 = VECTOR('',#3501,1.);
#3501 = DIRECTION('',(0.,1.));
#3502 = ( GEOMETRIC_REPRESENTATION_CONTEXT(2) 
PARAMETRIC_REPRESENTATION_CONTEXT() REPRESENTATION_CONTEXT('2D SPACE',''
  ) );
#3503 = PCURVE('',#3356,#3504);
#3504 = DEFINITIONAL_REPRESENTATION('',(#3505),#3509);
#3505 = LINE('',#3506,#3507);
#3506 = CARTESIAN_POINT('',(0.,-0.));
#3507 = VECTOR('',#3508,1.);
#3508 = DIRECTION('',(0.,1.));
#3509 = ( GEOMETRIC_REPRESENTATION_CONTEXT(2) 
PARAMETRIC_REPRESENTATION_CONTEXT() REPRESENTATION_CONTEXT('2D SPACE',''
  ) );
#3510 = ORIENTED_EDGE('',*,*,#3339,.T.);
#3511 = ORIENTED_EDGE('',*,*,#3490,.T.);
#3512 = ADVANCED_FACE('',(#3513),#3443,.F.);
#3513 = FACE_BOUND('',#3514,.F.);
#3514 = EDGE_LOOP('',(#3515,#3538,#3539,#3540));
#3515 = ORIENTED_EDGE('',*,*,#3516,.T.);
#3516 = EDGE_CURVE('',#3517,#3427,#3519,.T.);
#3517 = VERTEX_POINT('',#3518);
#3518 = CARTESIAN_POINT('',(7.02655E+03,321.,110.));
#3519 = SEAM_CURVE('',#3520,(#3524,#3531),.PCURVE_S1.);
#3520 = LINE('',#3521,#3522);
#3521 = CARTESIAN_POINT('',(7.02655E+03,342.,110.));
#3522 = VECTOR('',#3523,1.);
#3523 = DIRECTION('',(0.,-1.,2.22044604925E-16));
#3524 = PCURVE('',#3443,#3525);
#3525 = DEFINITIONAL_REPRESENTATION('',(#3526),#3530);
#3526 = LINE('',#3527,#3528);
#3527 = CARTESIAN_POINT('',(6.28318530718,-0.));
#3528 = VECTOR('',#3529,1.);
#3529 = DIRECTION('',(0.,1.));
#3530 = ( GEOMETRIC_REPRESENTATION_CONTEXT(2) 
PARAMETRIC_REPRESENTATION_CONTEXT() REPRESENTATION_CONTEXT('2D SPACE',''
  ) );
#3531 = PCURVE('',#3443,#3532);
#3532 = DEFINITIONAL_REPRESENTATION('',(#3533),#3537);
#3533 = LINE('',#3534,#3535);
#3534 = CARTESIAN_POINT('',(0.,-0.));
#3535 = VECTOR('',#3536,1.);
#3536 = DIRECTION('',(0.,1.));
#3537 = ( GEOMETRIC_REPRESENTATION_CONTEXT(2) 
PARAMETRIC_REPRESENTATION_CONTEXT() REPRESENTATION_CONTEXT('2D SPACE',''
  ) );
#3538 = ORIENTED_EDGE('',*,*,#3426,.F.);
#3539 = ORIENTED_EDGE('',*,*,#3516,.F.);
#3540 = ORIENTED_EDGE('',*,*,#3541,.T.);
#3541 = EDGE_CURVE('',#3517,#3517,#3542,.T.);
#3542 = SURFACE_CURVE('',#3543,(#3548,#3555),.PCURVE_S1.);
#3543 = CIRCLE('',#3544,26.55);
#3544 = AXIS2_PLACEMENT_3D('',#3545,#3546,#3547);
#3545 = CARTESIAN_POINT('',(7.E+03,321.,110.));
#3546 = DIRECTION('',(0.,-1.,2.22044604925E-16));
#3547 = DIRECTION('',(1.,0.,0.));
#3548 = PCURVE('',#3443,#3549);
#3549 = DEFINITIONAL_REPRESENTATION('',(#3550),#3554);
#3550 = LINE('',#3551,#3552);
#3551 = CARTESIAN_POINT('',(0.,21.));
#3552 = VECTOR('',#3553,1.);
#3553 = DIRECTION('',(1.,0.));
#3554 = ( GEOMETRIC_REPRESENTATION_CONTEXT(2) 
PARAMETRIC_REPRESENTATION_CONTEXT() REPRESENTATION_CONTEXT('2D SPACE',''
  ) );
#3555 = PCURVE('',#3478,#3556);
#3556 = DEFINITIONAL_REPRESENTATION('',(#3557),#3561);
#3557 = CIRCLE('',#3558,26.55);
#3558 = AXIS2_PLACEMENT_2D('',#3559,#3560);
#3559 = CARTESIAN_POINT('',(0.,0.));
#3560 = DIRECTION('',(1.,0.));
#3561 = ( GEOMETRIC_REPRESENTATION_CONTEXT(2) 
PARAMETRIC_REPRESENTATION_CONTEXT() REPRESENTATION_CONTEXT('2D SPACE',''
  ) );
#3562 = ADVANCED_FACE('',(#3563,#3566),#3478,.T.);
#3563 = FACE_BOUND('',#3564,.T.);
#3564 = EDGE_LOOP('',(#3565));
#3565 = ORIENTED_EDGE('',*,*,#3541,.T.);
#3566 = FACE_BOUND('',#3567,.T.);
#3567 = EDGE_LOOP('',(#3568));
#3568 = ORIENTED_EDGE('',*,*,#3461,.F.);
#3569 = MANIFOLD_SOLID_BREP('',#3570);
#3570 = CLOSED_SHELL('',(#3571,#3659,#3663));
#3571 = ADVANCED_FACE('',(#3572),#3585,.T.);
#3572 = FACE_BOUND('',#3573,.T.);
#3573 = EDGE_LOOP('',(#3574,#3608,#3631,#3658));
#3574 = ORIENTED_EDGE('',*,*,#3575,.F.);
#3575 = EDGE_CURVE('',#3576,#3576,#3578,.T.);
#3576 = VERTEX_POINT('',#3577);
#3577 = CARTESIAN_POINT('',(7.01E+03,-294.,110.));
#3578 = SURFACE_CURVE('',#3579,(#3584,#3596),.PCURVE_S1.);
#3579 = CIRCLE('',#3580,10.);
#3580 = AXIS2_PLACEMENT_3D('',#3581,#3582,#3583);
#3581 = CARTESIAN_POINT('',(7.E+03,-294.,110.));
#3582 = DIRECTION('',(0.,-1.,2.22044604925E-16));
#3583 = DIRECTION('',(1.,0.,0.));
#3584 = PCURVE('',#3585,#3590);
#3585 = CYLINDRICAL_SURFACE('',#3586,10.);
#3586 = AXIS2_PLACEMENT_3D('',#3587,#3588,#3589);
#3587 = CARTESIAN_POINT('',(7.E+03,376.,110.));
#3588 = DIRECTION('',(0.,-1.,2.22044604925E-16));
#3589 = DIRECTION('',(1.,0.,0.));
#3590 = DEFINITIONAL_REPRESENTATION('',(#3591),#3595);
#3591 = LINE('',#3592,#3593);
#3592 = CARTESIAN_POINT('',(0.,670.));
#3593 = VECTOR('',#3594,1.);
#3594 = DIRECTION('',(1.,0.));
#3595 = ( GEOMETRIC_REPRESENTATION_CONTEXT(2) 
PARAMETRIC_REPRESENTATION_CONTEXT() REPRESENTATION_CONTEXT('2D SPACE',''
  ) );
#3596 = PCURVE('',#3597,#3602);
#3597 = PLANE('',#3598);
#3598 = AXIS2_PLACEMENT_3D('',#3599,#3600,#3601);
#3599 = CARTESIAN_POINT('',(7.E+03,-294.,110.));
#3600 = DIRECTION('',(0.,-1.,2.22044604925E-16));
#3601 = DIRECTION('',(1.,0.,0.));
#3602 = DEFINITIONAL_REPRESENTATION('',(#3603),#3607);
#3603 = CIRCLE('',#3604,10.);
#3604 = AXIS2_PLACEMENT_2D('',#3605,#3606);
#3605 = CARTESIAN_POINT('',(0.,0.));
#3606 = DIRECTION('',(1.,0.));
#3607 = ( GEOMETRIC_REPRESENTATION_CONTEXT(2) 
PARAMETRIC_REPRESENTATION_CONTEXT() REPRESENTATION_CONTEXT('2D SPACE',''
  ) );
#3608 = ORIENTED_EDGE('',*,*,#3609,.F.);
#3609 = EDGE_CURVE('',#3610,#3576,#3612,.T.);
#3610 = VERTEX_POINT('',#3611);
#3611 = CARTESIAN_POINT('',(7.01E+03,376.,110.));
#3612 = SEAM_CURVE('',#3613,(#3617,#3624),.PCURVE_S1.);
#3613 = LINE('',#3614,#3615);
#3614 = CARTESIAN_POINT('',(7.01E+03,376.,110.));
#3615 = VECTOR('',#3616,1.);
#3616 = DIRECTION('',(0.,-1.,2.22044604925E-16));
#3617 = PCURVE('',#3585,#3618);
#3618 = DEFINITIONAL_REPRESENTATION('',(#3619),#3623);
#3619 = LINE('',#3620,#3621);
#3620 = CARTESIAN_POINT('',(6.28318530718,-0.));
#3621 = VECTOR('',#3622,1.);
#3622 = DIRECTION('',(0.,1.));
#3623 = ( GEOMETRIC_REPRESENTATION_CONTEXT(2) 
PARAMETRIC_REPRESENTATION_CONTEXT() REPRESENTATION_CONTEXT('2D SPACE',''
  ) );
#3624 = PCURVE('',#3585,#3625);
#3625 = DEFINITIONAL_REPRESENTATION('',(#3626),#3630);
#3626 = LINE('',#3627,#3628);
#3627 = CARTESIAN_POINT('',(0.,-0.));
#3628 = VECTOR('',#3629,1.);
#3629 = DIRECTION('',(0.,1.));
#3630 = ( GEOMETRIC_REPRESENTATION_CONTEXT(2) 
PARAMETRIC_REPRESENTATION_CONTEXT() REPRESENTATION_CONTEXT('2D SPACE',''
  ) );
#3631 = ORIENTED_EDGE('',*,*,#3632,.T.);
#3632 = EDGE_CURVE('',#3610,#3610,#3633,.T.);
#3633 = SURFACE_CURVE('',#3634,(#3639,#3646),.PCURVE_S1.);
#3634 = CIRCLE('',#3635,10.);
#3635 = AXIS2_PLACEMENT_3D('',#3636,#3637,#3638);
#3636 = CARTESIAN_POINT('',(7.E+03,376.,110.));
#3637 = DIRECTION('',(0.,-1.,2.22044604925E-16));
#3638 = DIRECTION('',(1.,0.,0.));
#3639 = PCURVE('',#3585,#3640);
#3640 = DEFINITIONAL_REPRESENTATION('',(#3641),#3645);
#3641 = LINE('',#3642,#3643);
#3642 = CARTESIAN_POINT('',(0.,0.));
#3643 = VECTOR('',#3644,1.);
#3644 = DIRECTION('',(1.,0.));
#3645 = ( GEOMETRIC_REPRESENTATION_CONTEXT(2) 
PARAMETRIC_REPRESENTATION_CONTEXT() REPRESENTATION_CONTEXT('2D SPACE',''
  ) );
#3646 = PCURVE('',#3647,#3652);
#3647 = PLANE('',#3648);
#3648 = AXIS2_PLACEMENT_3D('',#3649,#3650,#3651);
#3649 = CARTESIAN_POINT('',(7.E+03,376.,110.));
#3650 = DIRECTION('',(0.,-1.,2.22044604925E-16));
#3651 = DIRECTION('',(1.,0.,0.));
#3652 = DEFINITIONAL_REPRESENTATION('',(#3653),#3657);
#3653 = CIRCLE('',#3654,10.);
#3654 = AXIS2_PLACEMENT_2D('',#3655,#3656);
#3655 = CARTESIAN_POINT('',(0.,0.));
#3656 = DIRECTION('',(1.,0.));
#3657 = ( GEOMETRIC_REPRESENTATION_CONTEXT(2) 
PARAMETRIC_REPRESENTATION_CONTEXT() REPRESENTATION_CONTEXT('2D SPACE',''
  ) );
#3658 = ORIENTED_EDGE('',*,*,#3609,.T.);
#3659 = ADVANCED_FACE('',(#3660),#3597,.T.);
#3660 = FACE_BOUND('',#3661,.T.);
#3661 = EDGE_LOOP('',(#3662));
#3662 = ORIENTED_EDGE('',*,*,#3575,.T.);
#3663 = ADVANCED_FACE('',(#3664),#3647,.F.);
#3664 = FACE_BOUND('',#3665,.T.);
#3665 = EDGE_LOOP('',(#3666));
#3666 = ORIENTED_EDGE('',*,*,#3632,.F.);
#3667 = ( GEOMETRIC_REPRESENTATION_CONTEXT(3) 
GLOBAL_UNCERTAINTY_ASSIGNED_CONTEXT((#3671)) 
GLOBAL_UNIT_ASSIGNED_CONTEXT((#3668,#3669,#3670)) REPRESENTATION_CONTEXT
('Context #1','3D Context with UNIT and UNCERTAINTY') );
#3668 = ( LENGTH_UNIT() NAMED_UNIT(*) SI_UNIT(.MILLI.,.METRE.) );
#3669 = ( NAMED_UNIT(*) PLANE_ANGLE_UNIT() SI_UNIT($,.RADIAN.) );
#3670 = ( NAMED_UNIT(*) SI_UNIT($,.STERADIAN.) SOLID_ANGLE_UNIT() );
#3671 = UNCERTAINTY_MEASURE_WITH_UNIT(LENGTH_MEASURE(1.E-07),#3668,
  'distance_accuracy_value','confusion accuracy');
#3672 = PRODUCT_RELATED_PRODUCT_CATEGORY('part',$,(#7));
ENDSEC;
END-ISO-10303-21;
