ISO-10303-21;
HEADER;
FILE_DESCRIPTION(('Open CASCADE Model'),'2;1');
FILE_NAME('Open CASCADE Shape Model','2026-10-03T13:05:32',('Author'),(
    'Open CASCADE'),'Open CASCADE STEP processor 8.0','build123d',
  'Unknown');
FILE_SCHEMA(('AUTOMOTIVE_DESIGN { 1 0 10303 214 1 1 1 1 }'));
ENDSEC;
DATA;
#1 = APPLICATION_PROTOCOL_DEFINITION('international standard',
  'automotive_design',2000,#2);
#2 = APPLICATION_CONTEXT(
  'core data for automotive mechanical design processes');
#3 = SHAPE_DEFINITION_REPRESENTATION(#4,#10);
#4 = PRODUCT_DEFINITION_SHAPE('','',#5);
#5 = PRODUCT_DEFINITION('design','',#6,#9);
#6 = PRODUCT_DEFINITION_FORMATION('','',#7);
#7 = PRODUCT('COMPOUND','COMPOUND','',(#8));
#8 = PRODUCT_CONTEXT('',#2,'mechanical');
#9 = PRODUCT_DEFINITION_CONTEXT('part definition',#2,'design');
#10 = SHAPE_REPRESENTATION('',(#11,#15,#5057,#5239,#5723,#6177,#6702,
    #7227,#7409),#7591);
#11 = AXIS2_PLACEMENT_3D('',#12,#13,#14);
#12 = CARTESIAN_POINT('',(0.,0.,0.));
#13 = DIRECTION('',(0.,0.,1.));
#14 = DIRECTION('',(1.,0.,-0.));
#15 = MANIFOLD_SOLID_BREP('',#16);
#16 = CLOSED_SHELL('',(#17,#137,#213,#289,#400,#511,#543,#731,#808,#857,
    #906,#960,#1009,#1058,#1548,#1629,#1728,#1804,#2150,#2486,#2494,
    #2573,#2644,#2693,#2721,#2828,#2962,#3069,#3147,#3175,#3227,#3299,
    #3326,#3333,#3360,#3437,#3486,#3536,#3612,#3716,#3765,#3837,#3959,
    #3966,#4043,#4092,#4142,#4196,#4300,#4349,#4421,#4428,#4455,#4505,
    #4553,#4624,#4652,#4679,#4729,#4736,#4746,#4804,#4831,#4864,#4875,
    #4885,#4943,#4970,#5003,#5030));
#17 = ADVANCED_FACE('',(#18),#32,.T.);
#18 = FACE_BOUND('',#19,.T.);
#19 = EDGE_LOOP('',(#20,#55,#83,#111));
#20 = ORIENTED_EDGE('',*,*,#21,.T.);
#21 = EDGE_CURVE('',#22,#24,#26,.T.);
#22 = VERTEX_POINT('',#23);
#23 = CARTESIAN_POINT('',(1.2015E+04,216.,0.));
#24 = VERTEX_POINT('',#25);
#25 = CARTESIAN_POINT('',(1.2015E+04,224.,0.));
#26 = SURFACE_CURVE('',#27,(#31,#43),.PCURVE_S1.);
#27 = LINE('',#28,#29);
#28 = CARTESIAN_POINT('',(1.2015E+04,216.,0.));
#29 = VECTOR('',#30,1.);
#30 = DIRECTION('',(-0.,1.,-0.));
#31 = PCURVE('',#32,#37);
#32 = PLANE('',#33);
#33 = AXIS2_PLACEMENT_3D('',#34,#35,#36);
#34 = CARTESIAN_POINT('',(1.2015E+04,216.,0.));
#35 = DIRECTION('',(0.,0.,-1.));
#36 = DIRECTION('',(1.,0.,0.));
#37 = DEFINITIONAL_REPRESENTATION('',(#38),#42);
#38 = LINE('',#39,#40);
#39 = CARTESIAN_POINT('',(0.,0.));
#40 = VECTOR('',#41,1.);
#41 = DIRECTION('',(0.,-1.));
#42 = ( GEOMETRIC_REPRESENTATION_CONTEXT(2) 
PARAMETRIC_REPRESENTATION_CONTEXT() REPRESENTATION_CONTEXT('2D SPACE',''
  ) );
#43 = PCURVE('',#44,#49);
#44 = PLANE('',#45);
#45 = AXIS2_PLACEMENT_3D('',#46,#47,#48);
#46 = CARTESIAN_POINT('',(1.199E+04,216.,25.));
#47 = DIRECTION('',(-0.707106781187,-0.,-0.707106781187));
#48 = DIRECTION('',(0.707106781187,0.,-0.707106781187));
#49 = DEFINITIONAL_REPRESENTATION('',(#50),#54);
#50 = LINE('',#51,#52);
#51 = CARTESIAN_POINT('',(35.355339059327,0.));
#52 = VECTOR('',#53,1.);
#53 = DIRECTION('',(0.,-1.));
#54 = ( GEOMETRIC_REPRESENTATION_CONTEXT(2) 
PARAMETRIC_REPRESENTATION_CONTEXT() REPRESENTATION_CONTEXT('2D SPACE',''
  ) );
#55 = ORIENTED_EDGE('',*,*,#56,.T.);
#56 = EDGE_CURVE('',#24,#57,#59,.T.);
#57 = VERTEX_POINT('',#58);
#58 = CARTESIAN_POINT('',(1.2745E+04,224.,0.));
#59 = SURFACE_CURVE('',#60,(#64,#71),.PCURVE_S1.);
#60 = LINE('',#61,#62);
#61 = CARTESIAN_POINT('',(1.2015E+04,224.,0.));
#62 = VECTOR('',#63,1.);
#63 = DIRECTION('',(1.,0.,0.));
#64 = PCURVE('',#32,#65);
#65 = DEFINITIONAL_REPRESENTATION('',(#66),#70);
#66 = LINE('',#67,#68);
#67 = CARTESIAN_POINT('',(0.,-8.));
#68 = VECTOR('',#69,1.);
#69 = DIRECTION('',(1.,0.));
#70 = ( GEOMETRIC_REPRESENTATION_CONTEXT(2) 
PARAMETRIC_REPRESENTATION_CONTEXT() REPRESENTATION_CONTEXT('2D SPACE',''
  ) );
#71 = PCURVE('',#72,#77);
#72 = PLANE('',#73);
#73 = AXIS2_PLACEMENT_3D('',#74,#75,#76);
#74 = CARTESIAN_POINT('',(1.237116116524E+04,224.,12.702218863262));
#75 = DIRECTION('',(0.,-1.,0.));
#76 = DIRECTION('',(1.,0.,0.));
#77 = DEFINITIONAL_REPRESENTATION('',(#78),#82);
#78 = LINE('',#79,#80);
#79 = CARTESIAN_POINT('',(-356.1611652351,-12.70221886326));
#80 = VECTOR('',#81,1.);
#81 = DIRECTION('',(1.,0.));
#82 = ( GEOMETRIC_REPRESENTATION_CONTEXT(2) 
PARAMETRIC_REPRESENTATION_CONTEXT() REPRESENTATION_CONTEXT('2D SPACE',''
  ) );
#83 = ORIENTED_EDGE('',*,*,#84,.F.);
#84 = EDGE_CURVE('',#85,#57,#87,.T.);
#85 = VERTEX_POINT('',#86);
#86 = CARTESIAN_POINT('',(1.2745E+04,216.,0.));
#87 = SURFACE_CURVE('',#88,(#92,#99),.PCURVE_S1.);
#88 = LINE('',#89,#90);
#89 = CARTESIAN_POINT('',(1.2745E+04,216.,0.));
#90 = VECTOR('',#91,1.);
#91 = DIRECTION('',(-0.,1.,-0.));
#92 = PCURVE('',#32,#93);
#93 = DEFINITIONAL_REPRESENTATION('',(#94),#98);
#94 = LINE('',#95,#96);
#95 = CARTESIAN_POINT('',(730.,0.));
#96 = VECTOR('',#97,1.);
#97 = DIRECTION('',(0.,-1.));
#98 = ( GEOMETRIC_REPRESENTATION_CONTEXT(2) 
PARAMETRIC_REPRESENTATION_CONTEXT() REPRESENTATION_CONTEXT('2D SPACE',''
  ) );
#99 = PCURVE('',#100,#105);
#100 = PLANE('',#101);
#101 = AXIS2_PLACEMENT_3D('',#102,#103,#104);
#102 = CARTESIAN_POINT('',(1.2745E+04,216.,0.));
#103 = DIRECTION('',(1.,0.,-0.));
#104 = DIRECTION('',(0.,0.,1.));
#105 = DEFINITIONAL_REPRESENTATION('',(#106),#110);
#106 = LINE('',#107,#108);
#107 = CARTESIAN_POINT('',(0.,0.));
#108 = VECTOR('',#109,1.);
#109 = DIRECTION('',(0.,-1.));
#110 = ( GEOMETRIC_REPRESENTATION_CONTEXT(2) 
PARAMETRIC_REPRESENTATION_CONTEXT() REPRESENTATION_CONTEXT('2D SPACE',''
  ) );
#111 = ORIENTED_EDGE('',*,*,#112,.F.);
#112 = EDGE_CURVE('',#22,#85,#113,.T.);
#113 = SURFACE_CURVE('',#114,(#118,#125),.PCURVE_S1.);
#114 = LINE('',#115,#116);
#115 = CARTESIAN_POINT('',(1.2015E+04,216.,0.));
#116 = VECTOR('',#117,1.);
#117 = DIRECTION('',(1.,0.,0.));
#118 = PCURVE('',#32,#119);
#119 = DEFINITIONAL_REPRESENTATION('',(#120),#124);
#120 = LINE('',#121,#122);
#121 = CARTESIAN_POINT('',(0.,0.));
#122 = VECTOR('',#123,1.);
#123 = DIRECTION('',(1.,0.));
#124 = ( GEOMETRIC_REPRESENTATION_CONTEXT(2) 
PARAMETRIC_REPRESENTATION_CONTEXT() REPRESENTATION_CONTEXT('2D SPACE',''
  ) );
#125 = PCURVE('',#126,#131);
#126 = PLANE('',#127);
#127 = AXIS2_PLACEMENT_3D('',#128,#129,#130);
#128 = CARTESIAN_POINT('',(1.237116116524E+04,216.,12.702218863262));
#129 = DIRECTION('',(0.,-1.,0.));
#130 = DIRECTION('',(1.,0.,0.));
#131 = DEFINITIONAL_REPRESENTATION('',(#132),#136);
#132 = LINE('',#133,#134);
#133 = CARTESIAN_POINT('',(-356.1611652351,-12.70221886326));
#134 = VECTOR('',#135,1.);
#135 = DIRECTION('',(1.,0.));
#136 = ( GEOMETRIC_REPRESENTATION_CONTEXT(2) 
PARAMETRIC_REPRESENTATION_CONTEXT() REPRESENTATION_CONTEXT('2D SPACE',''
  ) );
#137 = ADVANCED_FACE('',(#138),#44,.T.);
#138 = FACE_BOUND('',#139,.T.);
#139 = EDGE_LOOP('',(#140,#170,#191,#192));
#140 = ORIENTED_EDGE('',*,*,#141,.T.);
#141 = EDGE_CURVE('',#142,#144,#146,.T.);
#142 = VERTEX_POINT('',#143);
#143 = CARTESIAN_POINT('',(1.199E+04,216.,25.));
#144 = VERTEX_POINT('',#145);
#145 = CARTESIAN_POINT('',(1.199E+04,224.,25.));
#146 = SURFACE_CURVE('',#147,(#151,#158),.PCURVE_S1.);
#147 = LINE('',#148,#149);
#148 = CARTESIAN_POINT('',(1.199E+04,216.,25.));
#149 = VECTOR('',#150,1.);
#150 = DIRECTION('',(-0.,1.,-0.));
#151 = PCURVE('',#44,#152);
#152 = DEFINITIONAL_REPRESENTATION('',(#153),#157);
#153 = LINE('',#154,#155);
#154 = CARTESIAN_POINT('',(0.,0.));
#155 = VECTOR('',#156,1.);
#156 = DIRECTION('',(0.,-1.));
#157 = ( GEOMETRIC_REPRESENTATION_CONTEXT(2) 
PARAMETRIC_REPRESENTATION_CONTEXT() REPRESENTATION_CONTEXT('2D SPACE',''
  ) );
#158 = PCURVE('',#159,#164);
#159 = PLANE('',#160);
#160 = AXIS2_PLACEMENT_3D('',#161,#162,#163);
#161 = CARTESIAN_POINT('',(1.2745E+04,216.,25.));
#162 = DIRECTION('',(0.,0.,1.));
#163 = DIRECTION('',(-1.,0.,0.));
#164 = DEFINITIONAL_REPRESENTATION('',(#165),#169);
#165 = LINE('',#166,#167);
#166 = CARTESIAN_POINT('',(755.,0.));
#167 = VECTOR('',#168,1.);
#168 = DIRECTION('',(0.,-1.));
#169 = ( GEOMETRIC_REPRESENTATION_CONTEXT(2) 
PARAMETRIC_REPRESENTATION_CONTEXT() REPRESENTATION_CONTEXT('2D SPACE',''
  ) );
#170 = ORIENTED_EDGE('',*,*,#171,.T.);
#171 = EDGE_CURVE('',#144,#24,#172,.T.);
#172 = SURFACE_CURVE('',#173,(#177,#184),.PCURVE_S1.);
#173 = LINE('',#174,#175);
#174 = CARTESIAN_POINT('',(1.199E+04,224.,25.));
#175 = VECTOR('',#176,1.);
#176 = DIRECTION('',(0.707106781187,0.,-0.707106781187));
#177 = PCURVE('',#44,#178);
#178 = DEFINITIONAL_REPRESENTATION('',(#179),#183);
#179 = LINE('',#180,#181);
#180 = CARTESIAN_POINT('',(0.,-8.));
#181 = VECTOR('',#182,1.);
#182 = DIRECTION('',(1.,0.));
#183 = ( GEOMETRIC_REPRESENTATION_CONTEXT(2) 
PARAMETRIC_REPRESENTATION_CONTEXT() REPRESENTATION_CONTEXT('2D SPACE',''
  ) );
#184 = PCURVE('',#72,#185);
#185 = DEFINITIONAL_REPRESENTATION('',(#186),#190);
#186 = LINE('',#187,#188);
#187 = CARTESIAN_POINT('',(-381.1611652351,12.297781136738));
#188 = VECTOR('',#189,1.);
#189 = DIRECTION('',(0.707106781187,-0.707106781187));
#190 = ( GEOMETRIC_REPRESENTATION_CONTEXT(2) 
PARAMETRIC_REPRESENTATION_CONTEXT() REPRESENTATION_CONTEXT('2D SPACE',''
  ) );
#191 = ORIENTED_EDGE('',*,*,#21,.F.);
#192 = ORIENTED_EDGE('',*,*,#193,.F.);
#193 = EDGE_CURVE('',#142,#22,#194,.T.);
#194 = SURFACE_CURVE('',#195,(#199,#206),.PCURVE_S1.);
#195 = LINE('',#196,#197);
#196 = CARTESIAN_POINT('',(1.199E+04,216.,25.));
#197 = VECTOR('',#198,1.);
#198 = DIRECTION('',(0.707106781187,0.,-0.707106781187));
#199 = PCURVE('',#44,#200);
#200 = DEFINITIONAL_REPRESENTATION('',(#201),#205);
#201 = LINE('',#202,#203);
#202 = CARTESIAN_POINT('',(0.,0.));
#203 = VECTOR('',#204,1.);
#204 = DIRECTION('',(1.,0.));
#205 = ( GEOMETRIC_REPRESENTATION_CONTEXT(2) 
PARAMETRIC_REPRESENTATION_CONTEXT() REPRESENTATION_CONTEXT('2D SPACE',''
  ) );
#206 = PCURVE('',#126,#207);
#207 = DEFINITIONAL_REPRESENTATION('',(#208),#212);
#208 = LINE('',#209,#210);
#209 = CARTESIAN_POINT('',(-381.1611652351,12.297781136738));
#210 = VECTOR('',#211,1.);
#211 = DIRECTION('',(0.707106781187,-0.707106781187));
#212 = ( GEOMETRIC_REPRESENTATION_CONTEXT(2) 
PARAMETRIC_REPRESENTATION_CONTEXT() REPRESENTATION_CONTEXT('2D SPACE',''
  ) );
#213 = ADVANCED_FACE('',(#214),#100,.T.);
#214 = FACE_BOUND('',#215,.T.);
#215 = EDGE_LOOP('',(#216,#239,#240,#263));
#216 = ORIENTED_EDGE('',*,*,#217,.F.);
#217 = EDGE_CURVE('',#85,#218,#220,.T.);
#218 = VERTEX_POINT('',#219);
#219 = CARTESIAN_POINT('',(1.2745E+04,216.,18.));
#220 = SURFACE_CURVE('',#221,(#225,#232),.PCURVE_S1.);
#221 = LINE('',#222,#223);
#222 = CARTESIAN_POINT('',(1.2745E+04,216.,0.));
#223 = VECTOR('',#224,1.);
#224 = DIRECTION('',(0.,0.,1.));
#225 = PCURVE('',#100,#226);
#226 = DEFINITIONAL_REPRESENTATION('',(#227),#231);
#227 = LINE('',#228,#229);
#228 = CARTESIAN_POINT('',(0.,0.));
#229 = VECTOR('',#230,1.);
#230 = DIRECTION('',(1.,0.));
#231 = ( GEOMETRIC_REPRESENTATION_CONTEXT(2) 
PARAMETRIC_REPRESENTATION_CONTEXT() REPRESENTATION_CONTEXT('2D SPACE',''
  ) );
#232 = PCURVE('',#126,#233);
#233 = DEFINITIONAL_REPRESENTATION('',(#234),#238);
#234 = LINE('',#235,#236);
#235 = CARTESIAN_POINT('',(373.83883476483,-12.70221886326));
#236 = VECTOR('',#237,1.);
#237 = DIRECTION('',(0.,1.));
#238 = ( GEOMETRIC_REPRESENTATION_CONTEXT(2) 
PARAMETRIC_REPRESENTATION_CONTEXT() REPRESENTATION_CONTEXT('2D SPACE',''
  ) );
#239 = ORIENTED_EDGE('',*,*,#84,.T.);
#240 = ORIENTED_EDGE('',*,*,#241,.T.);
#241 = EDGE_CURVE('',#57,#242,#244,.T.);
#242 = VERTEX_POINT('',#243);
#243 = CARTESIAN_POINT('',(1.2745E+04,224.,18.));
#244 = SURFACE_CURVE('',#245,(#249,#256),.PCURVE_S1.);
#245 = LINE('',#246,#247);
#246 = CARTESIAN_POINT('',(1.2745E+04,224.,0.));
#247 = VECTOR('',#248,1.);
#248 = DIRECTION('',(0.,0.,1.));
#249 = PCURVE('',#100,#250);
#250 = DEFINITIONAL_REPRESENTATION('',(#251),#255);
#251 = LINE('',#252,#253);
#252 = CARTESIAN_POINT('',(0.,-8.));
#253 = VECTOR('',#254,1.);
#254 = DIRECTION('',(1.,0.));
#255 = ( GEOMETRIC_REPRESENTATION_CONTEXT(2) 
PARAMETRIC_REPRESENTATION_CONTEXT() REPRESENTATION_CONTEXT('2D SPACE',''
  ) );
#256 = PCURVE('',#72,#257);
#257 = DEFINITIONAL_REPRESENTATION('',(#258),#262);
#258 = LINE('',#259,#260);
#259 = CARTESIAN_POINT('',(373.83883476483,-12.70221886326));
#260 = VECTOR('',#261,1.);
#261 = DIRECTION('',(0.,1.));
#262 = ( GEOMETRIC_REPRESENTATION_CONTEXT(2) 
PARAMETRIC_REPRESENTATION_CONTEXT() REPRESENTATION_CONTEXT('2D SPACE',''
  ) );
#263 = ORIENTED_EDGE('',*,*,#264,.F.);
#264 = EDGE_CURVE('',#218,#242,#265,.T.);
#265 = SURFACE_CURVE('',#266,(#270,#277),.PCURVE_S1.);
#266 = LINE('',#267,#268);
#267 = CARTESIAN_POINT('',(1.2745E+04,193.,18.));
#268 = VECTOR('',#269,1.);
#269 = DIRECTION('',(-0.,1.,-0.));
#270 = PCURVE('',#100,#271);
#271 = DEFINITIONAL_REPRESENTATION('',(#272),#276);
#272 = LINE('',#273,#274);
#273 = CARTESIAN_POINT('',(18.,23.));
#274 = VECTOR('',#275,1.);
#275 = DIRECTION('',(0.,-1.));
#276 = ( GEOMETRIC_REPRESENTATION_CONTEXT(2) 
PARAMETRIC_REPRESENTATION_CONTEXT() REPRESENTATION_CONTEXT('2D SPACE',''
  ) );
#277 = PCURVE('',#278,#283);
#278 = PLANE('',#279);
#279 = AXIS2_PLACEMENT_3D('',#280,#281,#282);
#280 = CARTESIAN_POINT('',(1.2745E+04,193.,18.));
#281 = DIRECTION('',(-0.338719468273,-0.,-0.940887411869));
#282 = DIRECTION('',(0.940887411869,0.,-0.338719468273));
#283 = DEFINITIONAL_REPRESENTATION('',(#284),#288);
#284 = LINE('',#285,#286);
#285 = CARTESIAN_POINT('',(0.,0.));
#286 = VECTOR('',#287,1.);
#287 = DIRECTION('',(0.,-1.));
#288 = ( GEOMETRIC_REPRESENTATION_CONTEXT(2) 
PARAMETRIC_REPRESENTATION_CONTEXT() REPRESENTATION_CONTEXT('2D SPACE',''
  ) );
#289 = ADVANCED_FACE('',(#290),#126,.T.);
#290 = FACE_BOUND('',#291,.T.);
#291 = EDGE_LOOP('',(#292,#293,#294,#322,#350,#378,#399));
#292 = ORIENTED_EDGE('',*,*,#112,.T.);
#293 = ORIENTED_EDGE('',*,*,#217,.T.);
#294 = ORIENTED_EDGE('',*,*,#295,.T.);
#295 = EDGE_CURVE('',#218,#296,#298,.T.);
#296 = VERTEX_POINT('',#297);
#297 = CARTESIAN_POINT('',(1.2745E+04,216.,25.));
#298 = SURFACE_CURVE('',#299,(#303,#310),.PCURVE_S1.);
#299 = LINE('',#300,#301);
#300 = CARTESIAN_POINT('',(1.2745E+04,216.,0.));
#301 = VECTOR('',#302,1.);
#302 = DIRECTION('',(0.,0.,1.));
#303 = PCURVE('',#126,#304);
#304 = DEFINITIONAL_REPRESENTATION('',(#305),#309);
#305 = LINE('',#306,#307);
#306 = CARTESIAN_POINT('',(373.83883476483,-12.70221886326));
#307 = VECTOR('',#308,1.);
#308 = DIRECTION('',(0.,1.));
#309 = ( GEOMETRIC_REPRESENTATION_CONTEXT(2) 
PARAMETRIC_REPRESENTATION_CONTEXT() REPRESENTATION_CONTEXT('2D SPACE',''
  ) );
#310 = PCURVE('',#311,#316);
#311 = PLANE('',#312);
#312 = AXIS2_PLACEMENT_3D('',#313,#314,#315);
#313 = CARTESIAN_POINT('',(1.2745E+04,193.,27.));
#314 = DIRECTION('',(-1.,-0.,-0.));
#315 = DIRECTION('',(0.,0.,-1.));
#316 = DEFINITIONAL_REPRESENTATION('',(#317),#321);
#317 = LINE('',#318,#319);
#318 = CARTESIAN_POINT('',(27.,-23.));
#319 = VECTOR('',#320,1.);
#320 = DIRECTION('',(-1.,0.));
#321 = ( GEOMETRIC_REPRESENTATION_CONTEXT(2) 
PARAMETRIC_REPRESENTATION_CONTEXT() REPRESENTATION_CONTEXT('2D SPACE',''
  ) );
#322 = ORIENTED_EDGE('',*,*,#323,.T.);
#323 = EDGE_CURVE('',#296,#324,#326,.T.);
#324 = VERTEX_POINT('',#325);
#325 = CARTESIAN_POINT('',(1.201E+04,216.,25.));
#326 = SURFACE_CURVE('',#327,(#331,#338),.PCURVE_S1.);
#327 = LINE('',#328,#329);
#328 = CARTESIAN_POINT('',(1.2745E+04,216.,25.));
#329 = VECTOR('',#330,1.);
#330 = DIRECTION('',(-1.,0.,0.));
#331 = PCURVE('',#126,#332);
#332 = DEFINITIONAL_REPRESENTATION('',(#333),#337);
#333 = LINE('',#334,#335);
#334 = CARTESIAN_POINT('',(373.83883476483,12.297781136738));
#335 = VECTOR('',#336,1.);
#336 = DIRECTION('',(-1.,0.));
#337 = ( GEOMETRIC_REPRESENTATION_CONTEXT(2) 
PARAMETRIC_REPRESENTATION_CONTEXT() REPRESENTATION_CONTEXT('2D SPACE',''
  ) );
#338 = PCURVE('',#339,#344);
#339 = PLANE('',#340);
#340 = AXIS2_PLACEMENT_3D('',#341,#342,#343);
#341 = CARTESIAN_POINT('',(1.201E+04,195.,25.));
#342 = DIRECTION('',(0.,0.,1.));
#343 = DIRECTION('',(1.,0.,-0.));
#344 = DEFINITIONAL_REPRESENTATION('',(#345),#349);
#345 = LINE('',#346,#347);
#346 = CARTESIAN_POINT('',(735.,21.));
#347 = VECTOR('',#348,1.);
#348 = DIRECTION('',(-1.,0.));
#349 = ( GEOMETRIC_REPRESENTATION_CONTEXT(2) 
PARAMETRIC_REPRESENTATION_CONTEXT() REPRESENTATION_CONTEXT('2D SPACE',''
  ) );
#350 = ORIENTED_EDGE('',*,*,#351,.T.);
#351 = EDGE_CURVE('',#324,#352,#354,.T.);
#352 = VERTEX_POINT('',#353);
#353 = CARTESIAN_POINT('',(1.2008E+04,216.,25.));
#354 = SURFACE_CURVE('',#355,(#359,#366),.PCURVE_S1.);
#355 = LINE('',#356,#357);
#356 = CARTESIAN_POINT('',(1.2745E+04,216.,25.));
#357 = VECTOR('',#358,1.);
#358 = DIRECTION('',(-1.,0.,0.));
#359 = PCURVE('',#126,#360);
#360 = DEFINITIONAL_REPRESENTATION('',(#361),#365);
#361 = LINE('',#362,#363);
#362 = CARTESIAN_POINT('',(373.83883476483,12.297781136738));
#363 = VECTOR('',#364,1.);
#364 = DIRECTION('',(-1.,0.));
#365 = ( GEOMETRIC_REPRESENTATION_CONTEXT(2) 
PARAMETRIC_REPRESENTATION_CONTEXT() REPRESENTATION_CONTEXT('2D SPACE',''
  ) );
#366 = PCURVE('',#367,#372);
#367 = PLANE('',#368);
#368 = AXIS2_PLACEMENT_3D('',#369,#370,#371);
#369 = CARTESIAN_POINT('',(1.2008E+04,195.,25.));
#370 = DIRECTION('',(0.,0.,-1.));
#371 = DIRECTION('',(1.,0.,0.));
#372 = DEFINITIONAL_REPRESENTATION('',(#373),#377);
#373 = LINE('',#374,#375);
#374 = CARTESIAN_POINT('',(737.,-21.));
#375 = VECTOR('',#376,1.);
#376 = DIRECTION('',(-1.,0.));
#377 = ( GEOMETRIC_REPRESENTATION_CONTEXT(2) 
PARAMETRIC_REPRESENTATION_CONTEXT() REPRESENTATION_CONTEXT('2D SPACE',''
  ) );
#378 = ORIENTED_EDGE('',*,*,#379,.T.);
#379 = EDGE_CURVE('',#352,#142,#380,.T.);
#380 = SURFACE_CURVE('',#381,(#385,#392),.PCURVE_S1.);
#381 = LINE('',#382,#383);
#382 = CARTESIAN_POINT('',(1.2745E+04,216.,25.));
#383 = VECTOR('',#384,1.);
#384 = DIRECTION('',(-1.,0.,0.));
#385 = PCURVE('',#126,#386);
#386 = DEFINITIONAL_REPRESENTATION('',(#387),#391);
#387 = LINE('',#388,#389);
#388 = CARTESIAN_POINT('',(373.83883476483,12.297781136738));
#389 = VECTOR('',#390,1.);
#390 = DIRECTION('',(-1.,0.));
#391 = ( GEOMETRIC_REPRESENTATION_CONTEXT(2) 
PARAMETRIC_REPRESENTATION_CONTEXT() REPRESENTATION_CONTEXT('2D SPACE',''
  ) );
#392 = PCURVE('',#159,#393);
#393 = DEFINITIONAL_REPRESENTATION('',(#394),#398);
#394 = LINE('',#395,#396);
#395 = CARTESIAN_POINT('',(0.,0.));
#396 = VECTOR('',#397,1.);
#397 = DIRECTION('',(1.,0.));
#398 = ( GEOMETRIC_REPRESENTATION_CONTEXT(2) 
PARAMETRIC_REPRESENTATION_CONTEXT() REPRESENTATION_CONTEXT('2D SPACE',''
  ) );
#399 = ORIENTED_EDGE('',*,*,#193,.T.);
#400 = ADVANCED_FACE('',(#401),#72,.F.);
#401 = FACE_BOUND('',#402,.F.);
#402 = EDGE_LOOP('',(#403,#404,#405,#433,#461,#489,#510));
#403 = ORIENTED_EDGE('',*,*,#56,.T.);
#404 = ORIENTED_EDGE('',*,*,#241,.T.);
#405 = ORIENTED_EDGE('',*,*,#406,.T.);
#406 = EDGE_CURVE('',#242,#407,#409,.T.);
#407 = VERTEX_POINT('',#408);
#408 = CARTESIAN_POINT('',(1.2745E+04,224.,25.));
#409 = SURFACE_CURVE('',#410,(#414,#421),.PCURVE_S1.);
#410 = LINE('',#411,#412);
#411 = CARTESIAN_POINT('',(1.2745E+04,224.,0.));
#412 = VECTOR('',#413,1.);
#413 = DIRECTION('',(0.,0.,1.));
#414 = PCURVE('',#72,#415);
#415 = DEFINITIONAL_REPRESENTATION('',(#416),#420);
#416 = LINE('',#417,#418);
#417 = CARTESIAN_POINT('',(373.83883476483,-12.70221886326));
#418 = VECTOR('',#419,1.);
#419 = DIRECTION('',(0.,1.));
#420 = ( GEOMETRIC_REPRESENTATION_CONTEXT(2) 
PARAMETRIC_REPRESENTATION_CONTEXT() REPRESENTATION_CONTEXT('2D SPACE',''
  ) );
#421 = PCURVE('',#422,#427);
#422 = PLANE('',#423);
#423 = AXIS2_PLACEMENT_3D('',#424,#425,#426);
#424 = CARTESIAN_POINT('',(1.2745E+04,193.,27.));
#425 = DIRECTION('',(-1.,-0.,-0.));
#426 = DIRECTION('',(0.,0.,-1.));
#427 = DEFINITIONAL_REPRESENTATION('',(#428),#432);
#428 = LINE('',#429,#430);
#429 = CARTESIAN_POINT('',(27.,-31.));
#430 = VECTOR('',#431,1.);
#431 = DIRECTION('',(-1.,0.));
#432 = ( GEOMETRIC_REPRESENTATION_CONTEXT(2) 
PARAMETRIC_REPRESENTATION_CONTEXT() REPRESENTATION_CONTEXT('2D SPACE',''
  ) );
#433 = ORIENTED_EDGE('',*,*,#434,.T.);
#434 = EDGE_CURVE('',#407,#435,#437,.T.);
#435 = VERTEX_POINT('',#436);
#436 = CARTESIAN_POINT('',(1.201E+04,224.,25.));
#437 = SURFACE_CURVE('',#438,(#442,#449),.PCURVE_S1.);
#438 = LINE('',#439,#440);
#439 = CARTESIAN_POINT('',(1.2745E+04,224.,25.));
#440 = VECTOR('',#441,1.);
#441 = DIRECTION('',(-1.,0.,0.));
#442 = PCURVE('',#72,#443);
#443 = DEFINITIONAL_REPRESENTATION('',(#444),#448);
#444 = LINE('',#445,#446);
#445 = CARTESIAN_POINT('',(373.83883476483,12.297781136738));
#446 = VECTOR('',#447,1.);
#447 = DIRECTION('',(-1.,0.));
#448 = ( GEOMETRIC_REPRESENTATION_CONTEXT(2) 
PARAMETRIC_REPRESENTATION_CONTEXT() REPRESENTATION_CONTEXT('2D SPACE',''
  ) );
#449 = PCURVE('',#450,#455);
#450 = PLANE('',#451);
#451 = AXIS2_PLACEMENT_3D('',#452,#453,#454);
#452 = CARTESIAN_POINT('',(1.201E+04,195.,25.));
#453 = DIRECTION('',(0.,0.,1.));
#454 = DIRECTION('',(1.,0.,-0.));
#455 = DEFINITIONAL_REPRESENTATION('',(#456),#460);
#456 = LINE('',#457,#458);
#457 = CARTESIAN_POINT('',(735.,29.));
#458 = VECTOR('',#459,1.);
#459 = DIRECTION('',(-1.,0.));
#460 = ( GEOMETRIC_REPRESENTATION_CONTEXT(2) 
PARAMETRIC_REPRESENTATION_CONTEXT() REPRESENTATION_CONTEXT('2D SPACE',''
  ) );
#461 = ORIENTED_EDGE('',*,*,#462,.T.);
#462 = EDGE_CURVE('',#435,#463,#465,.T.);
#463 = VERTEX_POINT('',#464);
#464 = CARTESIAN_POINT('',(1.2008E+04,224.,25.));
#465 = SURFACE_CURVE('',#466,(#470,#477),.PCURVE_S1.);
#466 = LINE('',#467,#468);
#467 = CARTESIAN_POINT('',(1.2745E+04,224.,25.));
#468 = VECTOR('',#469,1.);
#469 = DIRECTION('',(-1.,0.,0.));
#470 = PCURVE('',#72,#471);
#471 = DEFINITIONAL_REPRESENTATION('',(#472),#476);
#472 = LINE('',#473,#474);
#473 = CARTESIAN_POINT('',(373.83883476483,12.297781136738));
#474 = VECTOR('',#475,1.);
#475 = DIRECTION('',(-1.,0.));
#476 = ( GEOMETRIC_REPRESENTATION_CONTEXT(2) 
PARAMETRIC_REPRESENTATION_CONTEXT() REPRESENTATION_CONTEXT('2D SPACE',''
  ) );
#477 = PCURVE('',#478,#483);
#478 = PLANE('',#479);
#479 = AXIS2_PLACEMENT_3D('',#480,#481,#482);
#480 = CARTESIAN_POINT('',(1.2008E+04,195.,25.));
#481 = DIRECTION('',(0.,0.,-1.));
#482 = DIRECTION('',(1.,0.,0.));
#483 = DEFINITIONAL_REPRESENTATION('',(#484),#488);
#484 = LINE('',#485,#486);
#485 = CARTESIAN_POINT('',(737.,-29.));
#486 = VECTOR('',#487,1.);
#487 = DIRECTION('',(-1.,0.));
#488 = ( GEOMETRIC_REPRESENTATION_CONTEXT(2) 
PARAMETRIC_REPRESENTATION_CONTEXT() REPRESENTATION_CONTEXT('2D SPACE',''
  ) );
#489 = ORIENTED_EDGE('',*,*,#490,.T.);
#490 = EDGE_CURVE('',#463,#144,#491,.T.);
#491 = SURFACE_CURVE('',#492,(#496,#503),.PCURVE_S1.);
#492 = LINE('',#493,#494);
#493 = CARTESIAN_POINT('',(1.2745E+04,224.,25.));
#494 = VECTOR('',#495,1.);
#495 = DIRECTION('',(-1.,0.,0.));
#496 = PCURVE('',#72,#497);
#497 = DEFINITIONAL_REPRESENTATION('',(#498),#502);
#498 = LINE('',#499,#500);
#499 = CARTESIAN_POINT('',(373.83883476483,12.297781136738));
#500 = VECTOR('',#501,1.);
#501 = DIRECTION('',(-1.,0.));
#502 = ( GEOMETRIC_REPRESENTATION_CONTEXT(2) 
PARAMETRIC_REPRESENTATION_CONTEXT() REPRESENTATION_CONTEXT('2D SPACE',''
  ) );
#503 = PCURVE('',#159,#504);
#504 = DEFINITIONAL_REPRESENTATION('',(#505),#509);
#505 = LINE('',#506,#507);
#506 = CARTESIAN_POINT('',(0.,-8.));
#507 = VECTOR('',#508,1.);
#508 = DIRECTION('',(1.,0.));
#509 = ( GEOMETRIC_REPRESENTATION_CONTEXT(2) 
PARAMETRIC_REPRESENTATION_CONTEXT() REPRESENTATION_CONTEXT('2D SPACE',''
  ) );
#510 = ORIENTED_EDGE('',*,*,#171,.T.);
#511 = ADVANCED_FACE('',(#512),#159,.T.);
#512 = FACE_BOUND('',#513,.T.);
#513 = EDGE_LOOP('',(#514,#515,#541,#542));
#514 = ORIENTED_EDGE('',*,*,#379,.F.);
#515 = ORIENTED_EDGE('',*,*,#516,.T.);
#516 = EDGE_CURVE('',#352,#463,#517,.T.);
#517 = SURFACE_CURVE('',#518,(#522,#529),.PCURVE_S1.);
#518 = LINE('',#519,#520);
#519 = CARTESIAN_POINT('',(1.2008E+04,195.,25.));
#520 = VECTOR('',#521,1.);
#521 = DIRECTION('',(-0.,1.,-0.));
#522 = PCURVE('',#159,#523);
#523 = DEFINITIONAL_REPRESENTATION('',(#524),#528);
#524 = LINE('',#525,#526);
#525 = CARTESIAN_POINT('',(737.,21.));
#526 = VECTOR('',#527,1.);
#527 = DIRECTION('',(0.,-1.));
#528 = ( GEOMETRIC_REPRESENTATION_CONTEXT(2) 
PARAMETRIC_REPRESENTATION_CONTEXT() REPRESENTATION_CONTEXT('2D SPACE',''
  ) );
#529 = PCURVE('',#530,#535);
#530 = PLANE('',#531);
#531 = AXIS2_PLACEMENT_3D('',#532,#533,#534);
#532 = CARTESIAN_POINT('',(1.19E+04,195.,305.));
#533 = DIRECTION('',(-0.933001658364,-0.,-0.359872068226));
#534 = DIRECTION('',(0.359872068226,0.,-0.933001658364));
#535 = DEFINITIONAL_REPRESENTATION('',(#536),#540);
#536 = LINE('',#537,#538);
#537 = CARTESIAN_POINT('',(300.10664771044,0.));
#538 = VECTOR('',#539,1.);
#539 = DIRECTION('',(0.,-1.));
#540 = ( GEOMETRIC_REPRESENTATION_CONTEXT(2) 
PARAMETRIC_REPRESENTATION_CONTEXT() REPRESENTATION_CONTEXT('2D SPACE',''
  ) );
#541 = ORIENTED_EDGE('',*,*,#490,.T.);
#542 = ORIENTED_EDGE('',*,*,#141,.F.);
#543 = ADVANCED_FACE('',(#544),#278,.T.);
#544 = FACE_BOUND('',#545,.T.);
#545 = EDGE_LOOP('',(#546,#569,#570,#593,#621,#649,#677,#705));
#546 = ORIENTED_EDGE('',*,*,#547,.T.);
#547 = EDGE_CURVE('',#548,#218,#550,.T.);
#548 = VERTEX_POINT('',#549);
#549 = CARTESIAN_POINT('',(1.2745E+04,193.,18.));
#550 = SURFACE_CURVE('',#551,(#555,#562),.PCURVE_S1.);
#551 = LINE('',#552,#553);
#552 = CARTESIAN_POINT('',(1.2745E+04,193.,18.));
#553 = VECTOR('',#554,1.);
#554 = DIRECTION('',(-0.,1.,-0.));
#555 = PCURVE('',#278,#556);
#556 = DEFINITIONAL_REPRESENTATION('',(#557),#561);
#557 = LINE('',#558,#559);
#558 = CARTESIAN_POINT('',(0.,0.));
#559 = VECTOR('',#560,1.);
#560 = DIRECTION('',(0.,-1.));
#561 = ( GEOMETRIC_REPRESENTATION_CONTEXT(2) 
PARAMETRIC_REPRESENTATION_CONTEXT() REPRESENTATION_CONTEXT('2D SPACE',''
  ) );
#562 = PCURVE('',#311,#563);
#563 = DEFINITIONAL_REPRESENTATION('',(#564),#568);
#564 = LINE('',#565,#566);
#565 = CARTESIAN_POINT('',(9.,0.));
#566 = VECTOR('',#567,1.);
#567 = DIRECTION('',(0.,-1.));
#568 = ( GEOMETRIC_REPRESENTATION_CONTEXT(2) 
PARAMETRIC_REPRESENTATION_CONTEXT() REPRESENTATION_CONTEXT('2D SPACE',''
  ) );
#569 = ORIENTED_EDGE('',*,*,#264,.T.);
#570 = ORIENTED_EDGE('',*,*,#571,.T.);
#571 = EDGE_CURVE('',#242,#572,#574,.T.);
#572 = VERTEX_POINT('',#573);
#573 = CARTESIAN_POINT('',(1.2745E+04,376.,18.));
#574 = SURFACE_CURVE('',#575,(#579,#586),.PCURVE_S1.);
#575 = LINE('',#576,#577);
#576 = CARTESIAN_POINT('',(1.2745E+04,193.,18.));
#577 = VECTOR('',#578,1.);
#578 = DIRECTION('',(-0.,1.,-0.));
#579 = PCURVE('',#278,#580);
#580 = DEFINITIONAL_REPRESENTATION('',(#581),#585);
#581 = LINE('',#582,#583);
#582 = CARTESIAN_POINT('',(0.,0.));
#583 = VECTOR('',#584,1.);
#584 = DIRECTION('',(0.,-1.));
#585 = ( GEOMETRIC_REPRESENTATION_CONTEXT(2) 
PARAMETRIC_REPRESENTATION_CONTEXT() REPRESENTATION_CONTEXT('2D SPACE',''
  ) );
#586 = PCURVE('',#422,#587);
#587 = DEFINITIONAL_REPRESENTATION('',(#588),#592);
#588 = LINE('',#589,#590);
#589 = CARTESIAN_POINT('',(9.,0.));
#590 = VECTOR('',#591,1.);
#591 = DIRECTION('',(0.,-1.));
#592 = ( GEOMETRIC_REPRESENTATION_CONTEXT(2) 
PARAMETRIC_REPRESENTATION_CONTEXT() REPRESENTATION_CONTEXT('2D SPACE',''
  ) );
#593 = ORIENTED_EDGE('',*,*,#594,.T.);
#594 = EDGE_CURVE('',#572,#595,#597,.T.);
#595 = VERTEX_POINT('',#596);
#596 = CARTESIAN_POINT('',(1.2745E+04,384.,18.));
#597 = SURFACE_CURVE('',#598,(#602,#609),.PCURVE_S1.);
#598 = LINE('',#599,#600);
#599 = CARTESIAN_POINT('',(1.2745E+04,193.,18.));
#600 = VECTOR('',#601,1.);
#601 = DIRECTION('',(-0.,1.,-0.));
#602 = PCURVE('',#278,#603);
#603 = DEFINITIONAL_REPRESENTATION('',(#604),#608);
#604 = LINE('',#605,#606);
#605 = CARTESIAN_POINT('',(0.,0.));
#606 = VECTOR('',#607,1.);
#607 = DIRECTION('',(0.,-1.));
#608 = ( GEOMETRIC_REPRESENTATION_CONTEXT(2) 
PARAMETRIC_REPRESENTATION_CONTEXT() REPRESENTATION_CONTEXT('2D SPACE',''
  ) );
#609 = PCURVE('',#610,#615);
#610 = PLANE('',#611);
#611 = AXIS2_PLACEMENT_3D('',#612,#613,#614);
#612 = CARTESIAN_POINT('',(1.2745E+04,216.,0.));
#613 = DIRECTION('',(1.,0.,-0.));
#614 = DIRECTION('',(0.,0.,1.));
#615 = DEFINITIONAL_REPRESENTATION('',(#616),#620);
#616 = LINE('',#617,#618);
#617 = CARTESIAN_POINT('',(18.,23.));
#618 = VECTOR('',#619,1.);
#619 = DIRECTION('',(0.,-1.));
#620 = ( GEOMETRIC_REPRESENTATION_CONTEXT(2) 
PARAMETRIC_REPRESENTATION_CONTEXT() REPRESENTATION_CONTEXT('2D SPACE',''
  ) );
#621 = ORIENTED_EDGE('',*,*,#622,.T.);
#622 = EDGE_CURVE('',#595,#623,#625,.T.);
#623 = VERTEX_POINT('',#624);
#624 = CARTESIAN_POINT('',(1.2745E+04,407.,18.));
#625 = SURFACE_CURVE('',#626,(#630,#637),.PCURVE_S1.);
#626 = LINE('',#627,#628);
#627 = CARTESIAN_POINT('',(1.2745E+04,193.,18.));
#628 = VECTOR('',#629,1.);
#629 = DIRECTION('',(-0.,1.,-0.));
#630 = PCURVE('',#278,#631);
#631 = DEFINITIONAL_REPRESENTATION('',(#632),#636);
#632 = LINE('',#633,#634);
#633 = CARTESIAN_POINT('',(0.,0.));
#634 = VECTOR('',#635,1.);
#635 = DIRECTION('',(0.,-1.));
#636 = ( GEOMETRIC_REPRESENTATION_CONTEXT(2) 
PARAMETRIC_REPRESENTATION_CONTEXT() REPRESENTATION_CONTEXT('2D SPACE',''
  ) );
#637 = PCURVE('',#638,#643);
#638 = PLANE('',#639);
#639 = AXIS2_PLACEMENT_3D('',#640,#641,#642);
#640 = CARTESIAN_POINT('',(1.2745E+04,193.,27.));
#641 = DIRECTION('',(-1.,-0.,-0.));
#642 = DIRECTION('',(0.,0.,-1.));
#643 = DEFINITIONAL_REPRESENTATION('',(#644),#648);
#644 = LINE('',#645,#646);
#645 = CARTESIAN_POINT('',(9.,0.));
#646 = VECTOR('',#647,1.);
#647 = DIRECTION('',(0.,-1.));
#648 = ( GEOMETRIC_REPRESENTATION_CONTEXT(2) 
PARAMETRIC_REPRESENTATION_CONTEXT() REPRESENTATION_CONTEXT('2D SPACE',''
  ) );
#649 = ORIENTED_EDGE('',*,*,#650,.T.);
#650 = EDGE_CURVE('',#623,#651,#653,.T.);
#651 = VERTEX_POINT('',#652);
#652 = CARTESIAN_POINT('',(1.2795E+04,407.,0.));
#653 = SURFACE_CURVE('',#654,(#658,#665),.PCURVE_S1.);
#654 = LINE('',#655,#656);
#655 = CARTESIAN_POINT('',(1.2745E+04,407.,18.));
#656 = VECTOR('',#657,1.);
#657 = DIRECTION('',(0.940887411869,0.,-0.338719468273));
#658 = PCURVE('',#278,#659);
#659 = DEFINITIONAL_REPRESENTATION('',(#660),#664);
#660 = LINE('',#661,#662);
#661 = CARTESIAN_POINT('',(0.,-214.));
#662 = VECTOR('',#663,1.);
#663 = DIRECTION('',(1.,0.));
#664 = ( GEOMETRIC_REPRESENTATION_CONTEXT(2) 
PARAMETRIC_REPRESENTATION_CONTEXT() REPRESENTATION_CONTEXT('2D SPACE',''
  ) );
#665 = PCURVE('',#666,#671);
#666 = PLANE('',#667);
#667 = AXIS2_PLACEMENT_3D('',#668,#669,#670);
#668 = CARTESIAN_POINT('',(1.277365279125E+04,407.,12.472997046178));
#669 = DIRECTION('',(0.,-1.,0.));
#670 = DIRECTION('',(1.,0.,0.));
#671 = DEFINITIONAL_REPRESENTATION('',(#672),#676);
#672 = LINE('',#673,#674);
#673 = CARTESIAN_POINT('',(-28.65279124859,5.527002953822));
#674 = VECTOR('',#675,1.);
#675 = DIRECTION('',(0.940887411869,-0.338719468273));
#676 = ( GEOMETRIC_REPRESENTATION_CONTEXT(2) 
PARAMETRIC_REPRESENTATION_CONTEXT() REPRESENTATION_CONTEXT('2D SPACE',''
  ) );
#677 = ORIENTED_EDGE('',*,*,#678,.F.);
#678 = EDGE_CURVE('',#679,#651,#681,.T.);
#679 = VERTEX_POINT('',#680);
#680 = CARTESIAN_POINT('',(1.2795E+04,193.,0.));
#681 = SURFACE_CURVE('',#682,(#686,#693),.PCURVE_S1.);
#682 = LINE('',#683,#684);
#683 = CARTESIAN_POINT('',(1.2795E+04,193.,0.));
#684 = VECTOR('',#685,1.);
#685 = DIRECTION('',(-0.,1.,-0.));
#686 = PCURVE('',#278,#687);
#687 = DEFINITIONAL_REPRESENTATION('',(#688),#692);
#688 = LINE('',#689,#690);
#689 = CARTESIAN_POINT('',(53.141321022346,0.));
#690 = VECTOR('',#691,1.);
#691 = DIRECTION('',(0.,-1.));
#692 = ( GEOMETRIC_REPRESENTATION_CONTEXT(2) 
PARAMETRIC_REPRESENTATION_CONTEXT() REPRESENTATION_CONTEXT('2D SPACE',''
  ) );
#693 = PCURVE('',#694,#699);
#694 = PLANE('',#695);
#695 = AXIS2_PLACEMENT_3D('',#696,#697,#698);
#696 = CARTESIAN_POINT('',(1.2795E+04,193.,0.));
#697 = DIRECTION('',(0.,0.,-1.));
#698 = DIRECTION('',(1.,0.,0.));
#699 = DEFINITIONAL_REPRESENTATION('',(#700),#704);
#700 = LINE('',#701,#702);
#701 = CARTESIAN_POINT('',(0.,0.));
#702 = VECTOR('',#703,1.);
#703 = DIRECTION('',(0.,-1.));
#704 = ( GEOMETRIC_REPRESENTATION_CONTEXT(2) 
PARAMETRIC_REPRESENTATION_CONTEXT() REPRESENTATION_CONTEXT('2D SPACE',''
  ) );
#705 = ORIENTED_EDGE('',*,*,#706,.F.);
#706 = EDGE_CURVE('',#548,#679,#707,.T.);
#707 = SURFACE_CURVE('',#708,(#712,#719),.PCURVE_S1.);
#708 = LINE('',#709,#710);
#709 = CARTESIAN_POINT('',(1.2745E+04,193.,18.));
#710 = VECTOR('',#711,1.);
#711 = DIRECTION('',(0.940887411869,0.,-0.338719468273));
#712 = PCURVE('',#278,#713);
#713 = DEFINITIONAL_REPRESENTATION('',(#714),#718);
#714 = LINE('',#715,#716);
#715 = CARTESIAN_POINT('',(0.,0.));
#716 = VECTOR('',#717,1.);
#717 = DIRECTION('',(1.,0.));
#718 = ( GEOMETRIC_REPRESENTATION_CONTEXT(2) 
PARAMETRIC_REPRESENTATION_CONTEXT() REPRESENTATION_CONTEXT('2D SPACE',''
  ) );
#719 = PCURVE('',#720,#725);
#720 = PLANE('',#721);
#721 = AXIS2_PLACEMENT_3D('',#722,#723,#724);
#722 = CARTESIAN_POINT('',(1.277365279125E+04,193.,12.472997046178));
#723 = DIRECTION('',(0.,-1.,0.));
#724 = DIRECTION('',(1.,0.,0.));
#725 = DEFINITIONAL_REPRESENTATION('',(#726),#730);
#726 = LINE('',#727,#728);
#727 = CARTESIAN_POINT('',(-28.65279124859,5.527002953822));
#728 = VECTOR('',#729,1.);
#729 = DIRECTION('',(0.940887411869,-0.338719468273));
#730 = ( GEOMETRIC_REPRESENTATION_CONTEXT(2) 
PARAMETRIC_REPRESENTATION_CONTEXT() REPRESENTATION_CONTEXT('2D SPACE',''
  ) );
#731 = ADVANCED_FACE('',(#732),#311,.T.);
#732 = FACE_BOUND('',#733,.T.);
#733 = EDGE_LOOP('',(#734,#757,#785,#806,#807));
#734 = ORIENTED_EDGE('',*,*,#735,.F.);
#735 = EDGE_CURVE('',#736,#548,#738,.T.);
#736 = VERTEX_POINT('',#737);
#737 = CARTESIAN_POINT('',(1.2745E+04,193.,25.));
#738 = SURFACE_CURVE('',#739,(#743,#750),.PCURVE_S1.);
#739 = LINE('',#740,#741);
#740 = CARTESIAN_POINT('',(1.2745E+04,193.,27.));
#741 = VECTOR('',#742,1.);
#742 = DIRECTION('',(0.,0.,-1.));
#743 = PCURVE('',#311,#744);
#744 = DEFINITIONAL_REPRESENTATION('',(#745),#749);
#745 = LINE('',#746,#747);
#746 = CARTESIAN_POINT('',(0.,0.));
#747 = VECTOR('',#748,1.);
#748 = DIRECTION('',(1.,0.));
#749 = ( GEOMETRIC_REPRESENTATION_CONTEXT(2) 
PARAMETRIC_REPRESENTATION_CONTEXT() REPRESENTATION_CONTEXT('2D SPACE',''
  ) );
#750 = PCURVE('',#720,#751);
#751 = DEFINITIONAL_REPRESENTATION('',(#752),#756);
#752 = LINE('',#753,#754);
#753 = CARTESIAN_POINT('',(-28.65279124859,14.527002953822));
#754 = VECTOR('',#755,1.);
#755 = DIRECTION('',(0.,-1.));
#756 = ( GEOMETRIC_REPRESENTATION_CONTEXT(2) 
PARAMETRIC_REPRESENTATION_CONTEXT() REPRESENTATION_CONTEXT('2D SPACE',''
  ) );
#757 = ORIENTED_EDGE('',*,*,#758,.T.);
#758 = EDGE_CURVE('',#736,#759,#761,.T.);
#759 = VERTEX_POINT('',#760);
#760 = CARTESIAN_POINT('',(1.2745E+04,195.,25.));
#761 = SURFACE_CURVE('',#762,(#766,#773),.PCURVE_S1.);
#762 = LINE('',#763,#764);
#763 = CARTESIAN_POINT('',(1.2745E+04,193.,25.));
#764 = VECTOR('',#765,1.);
#765 = DIRECTION('',(-0.,1.,-0.));
#766 = PCURVE('',#311,#767);
#767 = DEFINITIONAL_REPRESENTATION('',(#768),#772);
#768 = LINE('',#769,#770);
#769 = CARTESIAN_POINT('',(2.,0.));
#770 = VECTOR('',#771,1.);
#771 = DIRECTION('',(0.,-1.));
#772 = ( GEOMETRIC_REPRESENTATION_CONTEXT(2) 
PARAMETRIC_REPRESENTATION_CONTEXT() REPRESENTATION_CONTEXT('2D SPACE',''
  ) );
#773 = PCURVE('',#774,#779);
#774 = PLANE('',#775);
#775 = AXIS2_PLACEMENT_3D('',#776,#777,#778);
#776 = CARTESIAN_POINT('',(1.2008E+04,193.,25.));
#777 = DIRECTION('',(0.,0.,-1.));
#778 = DIRECTION('',(1.,0.,0.));
#779 = DEFINITIONAL_REPRESENTATION('',(#780),#784);
#780 = LINE('',#781,#782);
#781 = CARTESIAN_POINT('',(737.,0.));
#782 = VECTOR('',#783,1.);
#783 = DIRECTION('',(0.,-1.));
#784 = ( GEOMETRIC_REPRESENTATION_CONTEXT(2) 
PARAMETRIC_REPRESENTATION_CONTEXT() REPRESENTATION_CONTEXT('2D SPACE',''
  ) );
#785 = ORIENTED_EDGE('',*,*,#786,.T.);
#786 = EDGE_CURVE('',#759,#296,#787,.T.);
#787 = SURFACE_CURVE('',#788,(#792,#799),.PCURVE_S1.);
#788 = LINE('',#789,#790);
#789 = CARTESIAN_POINT('',(1.2745E+04,195.,25.));
#790 = VECTOR('',#791,1.);
#791 = DIRECTION('',(-0.,1.,0.));
#792 = PCURVE('',#311,#793);
#793 = DEFINITIONAL_REPRESENTATION('',(#794),#798);
#794 = LINE('',#795,#796);
#795 = CARTESIAN_POINT('',(2.,-2.));
#796 = VECTOR('',#797,1.);
#797 = DIRECTION('',(0.,-1.));
#798 = ( GEOMETRIC_REPRESENTATION_CONTEXT(2) 
PARAMETRIC_REPRESENTATION_CONTEXT() REPRESENTATION_CONTEXT('2D SPACE',''
  ) );
#799 = PCURVE('',#339,#800);
#800 = DEFINITIONAL_REPRESENTATION('',(#801),#805);
#801 = LINE('',#802,#803);
#802 = CARTESIAN_POINT('',(735.,0.));
#803 = VECTOR('',#804,1.);
#804 = DIRECTION('',(0.,1.));
#805 = ( GEOMETRIC_REPRESENTATION_CONTEXT(2) 
PARAMETRIC_REPRESENTATION_CONTEXT() REPRESENTATION_CONTEXT('2D SPACE',''
  ) );
#806 = ORIENTED_EDGE('',*,*,#295,.F.);
#807 = ORIENTED_EDGE('',*,*,#547,.F.);
#808 = ADVANCED_FACE('',(#809),#339,.F.);
#809 = FACE_BOUND('',#810,.F.);
#810 = EDGE_LOOP('',(#811,#834,#855,#856));
#811 = ORIENTED_EDGE('',*,*,#812,.F.);
#812 = EDGE_CURVE('',#813,#324,#815,.T.);
#813 = VERTEX_POINT('',#814);
#814 = CARTESIAN_POINT('',(1.201E+04,195.,25.));
#815 = SURFACE_CURVE('',#816,(#820,#827),.PCURVE_S1.);
#816 = LINE('',#817,#818);
#817 = CARTESIAN_POINT('',(1.201E+04,195.,25.));
#818 = VECTOR('',#819,1.);
#819 = DIRECTION('',(-0.,1.,0.));
#820 = PCURVE('',#339,#821);
#821 = DEFINITIONAL_REPRESENTATION('',(#822),#826);
#822 = LINE('',#823,#824);
#823 = CARTESIAN_POINT('',(0.,0.));
#824 = VECTOR('',#825,1.);
#825 = DIRECTION('',(0.,1.));
#826 = ( GEOMETRIC_REPRESENTATION_CONTEXT(2) 
PARAMETRIC_REPRESENTATION_CONTEXT() REPRESENTATION_CONTEXT('2D SPACE',''
  ) );
#827 = PCURVE('',#367,#828);
#828 = DEFINITIONAL_REPRESENTATION('',(#829),#833);
#829 = LINE('',#830,#831);
#830 = CARTESIAN_POINT('',(2.,0.));
#831 = VECTOR('',#832,1.);
#832 = DIRECTION('',(0.,-1.));
#833 = ( GEOMETRIC_REPRESENTATION_CONTEXT(2) 
PARAMETRIC_REPRESENTATION_CONTEXT() REPRESENTATION_CONTEXT('2D SPACE',''
  ) );
#834 = ORIENTED_EDGE('',*,*,#835,.T.);
#835 = EDGE_CURVE('',#813,#759,#836,.T.);
#836 = SURFACE_CURVE('',#837,(#841,#848),.PCURVE_S1.);
#837 = LINE('',#838,#839);
#838 = CARTESIAN_POINT('',(1.201E+04,195.,25.));
#839 = VECTOR('',#840,1.);
#840 = DIRECTION('',(1.,0.,-0.));
#841 = PCURVE('',#339,#842);
#842 = DEFINITIONAL_REPRESENTATION('',(#843),#847);
#843 = LINE('',#844,#845);
#844 = CARTESIAN_POINT('',(0.,0.));
#845 = VECTOR('',#846,1.);
#846 = DIRECTION('',(1.,0.));
#847 = ( GEOMETRIC_REPRESENTATION_CONTEXT(2) 
PARAMETRIC_REPRESENTATION_CONTEXT() REPRESENTATION_CONTEXT('2D SPACE',''
  ) );
#848 = PCURVE('',#774,#849);
#849 = DEFINITIONAL_REPRESENTATION('',(#850),#854);
#850 = LINE('',#851,#852);
#851 = CARTESIAN_POINT('',(2.,-2.));
#852 = VECTOR('',#853,1.);
#853 = DIRECTION('',(1.,0.));
#854 = ( GEOMETRIC_REPRESENTATION_CONTEXT(2) 
PARAMETRIC_REPRESENTATION_CONTEXT() REPRESENTATION_CONTEXT('2D SPACE',''
  ) );
#855 = ORIENTED_EDGE('',*,*,#786,.T.);
#856 = ORIENTED_EDGE('',*,*,#323,.T.);
#857 = ADVANCED_FACE('',(#858),#367,.T.);
#858 = FACE_BOUND('',#859,.T.);
#859 = EDGE_LOOP('',(#860,#883,#904,#905));
#860 = ORIENTED_EDGE('',*,*,#861,.F.);
#861 = EDGE_CURVE('',#862,#813,#864,.T.);
#862 = VERTEX_POINT('',#863);
#863 = CARTESIAN_POINT('',(1.2008E+04,195.,25.));
#864 = SURFACE_CURVE('',#865,(#869,#876),.PCURVE_S1.);
#865 = LINE('',#866,#867);
#866 = CARTESIAN_POINT('',(1.2008E+04,195.,25.));
#867 = VECTOR('',#868,1.);
#868 = DIRECTION('',(1.,0.,0.));
#869 = PCURVE('',#367,#870);
#870 = DEFINITIONAL_REPRESENTATION('',(#871),#875);
#871 = LINE('',#872,#873);
#872 = CARTESIAN_POINT('',(0.,0.));
#873 = VECTOR('',#874,1.);
#874 = DIRECTION('',(1.,0.));
#875 = ( GEOMETRIC_REPRESENTATION_CONTEXT(2) 
PARAMETRIC_REPRESENTATION_CONTEXT() REPRESENTATION_CONTEXT('2D SPACE',''
  ) );
#876 = PCURVE('',#774,#877);
#877 = DEFINITIONAL_REPRESENTATION('',(#878),#882);
#878 = LINE('',#879,#880);
#879 = CARTESIAN_POINT('',(0.,-2.));
#880 = VECTOR('',#881,1.);
#881 = DIRECTION('',(1.,0.));
#882 = ( GEOMETRIC_REPRESENTATION_CONTEXT(2) 
PARAMETRIC_REPRESENTATION_CONTEXT() REPRESENTATION_CONTEXT('2D SPACE',''
  ) );
#883 = ORIENTED_EDGE('',*,*,#884,.T.);
#884 = EDGE_CURVE('',#862,#352,#885,.T.);
#885 = SURFACE_CURVE('',#886,(#890,#897),.PCURVE_S1.);
#886 = LINE('',#887,#888);
#887 = CARTESIAN_POINT('',(1.2008E+04,195.,25.));
#888 = VECTOR('',#889,1.);
#889 = DIRECTION('',(-0.,1.,-0.));
#890 = PCURVE('',#367,#891);
#891 = DEFINITIONAL_REPRESENTATION('',(#892),#896);
#892 = LINE('',#893,#894);
#893 = CARTESIAN_POINT('',(0.,0.));
#894 = VECTOR('',#895,1.);
#895 = DIRECTION('',(0.,-1.));
#896 = ( GEOMETRIC_REPRESENTATION_CONTEXT(2) 
PARAMETRIC_REPRESENTATION_CONTEXT() REPRESENTATION_CONTEXT('2D SPACE',''
  ) );
#897 = PCURVE('',#530,#898);
#898 = DEFINITIONAL_REPRESENTATION('',(#899),#903);
#899 = LINE('',#900,#901);
#900 = CARTESIAN_POINT('',(300.10664771044,0.));
#901 = VECTOR('',#902,1.);
#902 = DIRECTION('',(0.,-1.));
#903 = ( GEOMETRIC_REPRESENTATION_CONTEXT(2) 
PARAMETRIC_REPRESENTATION_CONTEXT() REPRESENTATION_CONTEXT('2D SPACE',''
  ) );
#904 = ORIENTED_EDGE('',*,*,#351,.F.);
#905 = ORIENTED_EDGE('',*,*,#812,.F.);
#906 = ADVANCED_FACE('',(#907),#422,.T.);
#907 = FACE_BOUND('',#908,.T.);
#908 = EDGE_LOOP('',(#909,#910,#911,#934));
#909 = ORIENTED_EDGE('',*,*,#571,.F.);
#910 = ORIENTED_EDGE('',*,*,#406,.T.);
#911 = ORIENTED_EDGE('',*,*,#912,.T.);
#912 = EDGE_CURVE('',#407,#913,#915,.T.);
#913 = VERTEX_POINT('',#914);
#914 = CARTESIAN_POINT('',(1.2745E+04,376.,25.));
#915 = SURFACE_CURVE('',#916,(#920,#927),.PCURVE_S1.);
#916 = LINE('',#917,#918);
#917 = CARTESIAN_POINT('',(1.2745E+04,195.,25.));
#918 = VECTOR('',#919,1.);
#919 = DIRECTION('',(-0.,1.,0.));
#920 = PCURVE('',#422,#921);
#921 = DEFINITIONAL_REPRESENTATION('',(#922),#926);
#922 = LINE('',#923,#924);
#923 = CARTESIAN_POINT('',(2.,-2.));
#924 = VECTOR('',#925,1.);
#925 = DIRECTION('',(0.,-1.));
#926 = ( GEOMETRIC_REPRESENTATION_CONTEXT(2) 
PARAMETRIC_REPRESENTATION_CONTEXT() REPRESENTATION_CONTEXT('2D SPACE',''
  ) );
#927 = PCURVE('',#450,#928);
#928 = DEFINITIONAL_REPRESENTATION('',(#929),#933);
#929 = LINE('',#930,#931);
#930 = CARTESIAN_POINT('',(735.,0.));
#931 = VECTOR('',#932,1.);
#932 = DIRECTION('',(0.,1.));
#933 = ( GEOMETRIC_REPRESENTATION_CONTEXT(2) 
PARAMETRIC_REPRESENTATION_CONTEXT() REPRESENTATION_CONTEXT('2D SPACE',''
  ) );
#934 = ORIENTED_EDGE('',*,*,#935,.F.);
#935 = EDGE_CURVE('',#572,#913,#936,.T.);
#936 = SURFACE_CURVE('',#937,(#941,#948),.PCURVE_S1.);
#937 = LINE('',#938,#939);
#938 = CARTESIAN_POINT('',(1.2745E+04,376.,0.));
#939 = VECTOR('',#940,1.);
#940 = DIRECTION('',(0.,0.,1.));
#941 = PCURVE('',#422,#942);
#942 = DEFINITIONAL_REPRESENTATION('',(#943),#947);
#943 = LINE('',#944,#945);
#944 = CARTESIAN_POINT('',(27.,-183.));
#945 = VECTOR('',#946,1.);
#946 = DIRECTION('',(-1.,0.));
#947 = ( GEOMETRIC_REPRESENTATION_CONTEXT(2) 
PARAMETRIC_REPRESENTATION_CONTEXT() REPRESENTATION_CONTEXT('2D SPACE',''
  ) );
#948 = PCURVE('',#949,#954);
#949 = PLANE('',#950);
#950 = AXIS2_PLACEMENT_3D('',#951,#952,#953);
#951 = CARTESIAN_POINT('',(1.237116116524E+04,376.,12.702218863262));
#952 = DIRECTION('',(0.,-1.,0.));
#953 = DIRECTION('',(1.,0.,0.));
#954 = DEFINITIONAL_REPRESENTATION('',(#955),#959);
#955 = LINE('',#956,#957);
#956 = CARTESIAN_POINT('',(373.83883476483,-12.70221886326));
#957 = VECTOR('',#958,1.);
#958 = DIRECTION('',(0.,1.));
#959 = ( GEOMETRIC_REPRESENTATION_CONTEXT(2) 
PARAMETRIC_REPRESENTATION_CONTEXT() REPRESENTATION_CONTEXT('2D SPACE',''
  ) );
#960 = ADVANCED_FACE('',(#961),#450,.F.);
#961 = FACE_BOUND('',#962,.F.);
#962 = EDGE_LOOP('',(#963,#986,#987,#988));
#963 = ORIENTED_EDGE('',*,*,#964,.F.);
#964 = EDGE_CURVE('',#435,#965,#967,.T.);
#965 = VERTEX_POINT('',#966);
#966 = CARTESIAN_POINT('',(1.201E+04,376.,25.));
#967 = SURFACE_CURVE('',#968,(#972,#979),.PCURVE_S1.);
#968 = LINE('',#969,#970);
#969 = CARTESIAN_POINT('',(1.201E+04,195.,25.));
#970 = VECTOR('',#971,1.);
#971 = DIRECTION('',(-0.,1.,0.));
#972 = PCURVE('',#450,#973);
#973 = DEFINITIONAL_REPRESENTATION('',(#974),#978);
#974 = LINE('',#975,#976);
#975 = CARTESIAN_POINT('',(0.,0.));
#976 = VECTOR('',#977,1.);
#977 = DIRECTION('',(0.,1.));
#978 = ( GEOMETRIC_REPRESENTATION_CONTEXT(2) 
PARAMETRIC_REPRESENTATION_CONTEXT() REPRESENTATION_CONTEXT('2D SPACE',''
  ) );
#979 = PCURVE('',#478,#980);
#980 = DEFINITIONAL_REPRESENTATION('',(#981),#985);
#981 = LINE('',#982,#983);
#982 = CARTESIAN_POINT('',(2.,0.));
#983 = VECTOR('',#984,1.);
#984 = DIRECTION('',(0.,-1.));
#985 = ( GEOMETRIC_REPRESENTATION_CONTEXT(2) 
PARAMETRIC_REPRESENTATION_CONTEXT() REPRESENTATION_CONTEXT('2D SPACE',''
  ) );
#986 = ORIENTED_EDGE('',*,*,#434,.F.);
#987 = ORIENTED_EDGE('',*,*,#912,.T.);
#988 = ORIENTED_EDGE('',*,*,#989,.T.);
#989 = EDGE_CURVE('',#913,#965,#990,.T.);
#990 = SURFACE_CURVE('',#991,(#995,#1002),.PCURVE_S1.);
#991 = LINE('',#992,#993);
#992 = CARTESIAN_POINT('',(1.2745E+04,376.,25.));
#993 = VECTOR('',#994,1.);
#994 = DIRECTION('',(-1.,0.,0.));
#995 = PCURVE('',#450,#996);
#996 = DEFINITIONAL_REPRESENTATION('',(#997),#1001);
#997 = LINE('',#998,#999);
#998 = CARTESIAN_POINT('',(735.,181.));
#999 = VECTOR('',#1000,1.);
#1000 = DIRECTION('',(-1.,0.));
#1001 = ( GEOMETRIC_REPRESENTATION_CONTEXT(2) 
PARAMETRIC_REPRESENTATION_CONTEXT() REPRESENTATION_CONTEXT('2D SPACE',''
  ) );
#1002 = PCURVE('',#949,#1003);
#1003 = DEFINITIONAL_REPRESENTATION('',(#1004),#1008);
#1004 = LINE('',#1005,#1006);
#1005 = CARTESIAN_POINT('',(373.83883476483,12.297781136738));
#1006 = VECTOR('',#1007,1.);
#1007 = DIRECTION('',(-1.,0.));
#1008 = ( GEOMETRIC_REPRESENTATION_CONTEXT(2) 
PARAMETRIC_REPRESENTATION_CONTEXT() REPRESENTATION_CONTEXT('2D SPACE',''
  ) );
#1009 = ADVANCED_FACE('',(#1010),#478,.T.);
#1010 = FACE_BOUND('',#1011,.T.);
#1011 = EDGE_LOOP('',(#1012,#1013,#1036,#1057));
#1012 = ORIENTED_EDGE('',*,*,#462,.T.);
#1013 = ORIENTED_EDGE('',*,*,#1014,.T.);
#1014 = EDGE_CURVE('',#463,#1015,#1017,.T.);
#1015 = VERTEX_POINT('',#1016);
#1016 = CARTESIAN_POINT('',(1.2008E+04,376.,25.));
#1017 = SURFACE_CURVE('',#1018,(#1022,#1029),.PCURVE_S1.);
#1018 = LINE('',#1019,#1020);
#1019 = CARTESIAN_POINT('',(1.2008E+04,195.,25.));
#1020 = VECTOR('',#1021,1.);
#1021 = DIRECTION('',(-0.,1.,-0.));
#1022 = PCURVE('',#478,#1023);
#1023 = DEFINITIONAL_REPRESENTATION('',(#1024),#1028);
#1024 = LINE('',#1025,#1026);
#1025 = CARTESIAN_POINT('',(0.,0.));
#1026 = VECTOR('',#1027,1.);
#1027 = DIRECTION('',(0.,-1.));
#1028 = ( GEOMETRIC_REPRESENTATION_CONTEXT(2) 
PARAMETRIC_REPRESENTATION_CONTEXT() REPRESENTATION_CONTEXT('2D SPACE',''
  ) );
#1029 = PCURVE('',#530,#1030);
#1030 = DEFINITIONAL_REPRESENTATION('',(#1031),#1035);
#1031 = LINE('',#1032,#1033);
#1032 = CARTESIAN_POINT('',(300.10664771044,0.));
#1033 = VECTOR('',#1034,1.);
#1034 = DIRECTION('',(0.,-1.));
#1035 = ( GEOMETRIC_REPRESENTATION_CONTEXT(2) 
PARAMETRIC_REPRESENTATION_CONTEXT() REPRESENTATION_CONTEXT('2D SPACE',''
  ) );
#1036 = ORIENTED_EDGE('',*,*,#1037,.F.);
#1037 = EDGE_CURVE('',#965,#1015,#1038,.T.);
#1038 = SURFACE_CURVE('',#1039,(#1043,#1050),.PCURVE_S1.);
#1039 = LINE('',#1040,#1041);
#1040 = CARTESIAN_POINT('',(1.2745E+04,376.,25.));
#1041 = VECTOR('',#1042,1.);
#1042 = DIRECTION('',(-1.,0.,0.));
#1043 = PCURVE('',#478,#1044);
#1044 = DEFINITIONAL_REPRESENTATION('',(#1045),#1049);
#1045 = LINE('',#1046,#1047);
#1046 = CARTESIAN_POINT('',(737.,-181.));
#1047 = VECTOR('',#1048,1.);
#1048 = DIRECTION('',(-1.,0.));
#1049 = ( GEOMETRIC_REPRESENTATION_CONTEXT(2) 
PARAMETRIC_REPRESENTATION_CONTEXT() REPRESENTATION_CONTEXT('2D SPACE',''
  ) );
#1050 = PCURVE('',#949,#1051);
#1051 = DEFINITIONAL_REPRESENTATION('',(#1052),#1056);
#1052 = LINE('',#1053,#1054);
#1053 = CARTESIAN_POINT('',(373.83883476483,12.297781136738));
#1054 = VECTOR('',#1055,1.);
#1055 = DIRECTION('',(-1.,0.));
#1056 = ( GEOMETRIC_REPRESENTATION_CONTEXT(2) 
PARAMETRIC_REPRESENTATION_CONTEXT() REPRESENTATION_CONTEXT('2D SPACE',''
  ) );
#1057 = ORIENTED_EDGE('',*,*,#964,.F.);
#1058 = ADVANCED_FACE('',(#1059,#1345),#530,.T.);
#1059 = FACE_BOUND('',#1060,.T.);
#1060 = EDGE_LOOP('',(#1061,#1091,#1117,#1118,#1119,#1120,#1143,#1166,
    #1194,#1217,#1245,#1268,#1296,#1319));
#1061 = ORIENTED_EDGE('',*,*,#1062,.F.);
#1062 = EDGE_CURVE('',#1063,#1065,#1067,.T.);
#1063 = VERTEX_POINT('',#1064);
#1064 = CARTESIAN_POINT('',(1.2008E+04,384.,25.));
#1065 = VERTEX_POINT('',#1066);
#1066 = CARTESIAN_POINT('',(1.2008E+04,405.,25.));
#1067 = SURFACE_CURVE('',#1068,(#1072,#1079),.PCURVE_S1.);
#1068 = LINE('',#1069,#1070);
#1069 = CARTESIAN_POINT('',(1.2008E+04,195.,25.));
#1070 = VECTOR('',#1071,1.);
#1071 = DIRECTION('',(-0.,1.,-0.));
#1072 = PCURVE('',#530,#1073);
#1073 = DEFINITIONAL_REPRESENTATION('',(#1074),#1078);
#1074 = LINE('',#1075,#1076);
#1075 = CARTESIAN_POINT('',(300.10664771044,0.));
#1076 = VECTOR('',#1077,1.);
#1077 = DIRECTION('',(0.,-1.));
#1078 = ( GEOMETRIC_REPRESENTATION_CONTEXT(2) 
PARAMETRIC_REPRESENTATION_CONTEXT() REPRESENTATION_CONTEXT('2D SPACE',''
  ) );
#1079 = PCURVE('',#1080,#1085);
#1080 = PLANE('',#1081);
#1081 = AXIS2_PLACEMENT_3D('',#1082,#1083,#1084);
#1082 = CARTESIAN_POINT('',(1.2008E+04,195.,25.));
#1083 = DIRECTION('',(0.,0.,-1.));
#1084 = DIRECTION('',(1.,0.,0.));
#1085 = DEFINITIONAL_REPRESENTATION('',(#1086),#1090);
#1086 = LINE('',#1087,#1088);
#1087 = CARTESIAN_POINT('',(0.,0.));
#1088 = VECTOR('',#1089,1.);
#1089 = DIRECTION('',(0.,-1.));
#1090 = ( GEOMETRIC_REPRESENTATION_CONTEXT(2) 
PARAMETRIC_REPRESENTATION_CONTEXT() REPRESENTATION_CONTEXT('2D SPACE',''
  ) );
#1091 = ORIENTED_EDGE('',*,*,#1092,.F.);
#1092 = EDGE_CURVE('',#1015,#1063,#1093,.T.);
#1093 = SURFACE_CURVE('',#1094,(#1098,#1105),.PCURVE_S1.);
#1094 = LINE('',#1095,#1096);
#1095 = CARTESIAN_POINT('',(1.2008E+04,195.,25.));
#1096 = VECTOR('',#1097,1.);
#1097 = DIRECTION('',(-0.,1.,-0.));
#1098 = PCURVE('',#530,#1099);
#1099 = DEFINITIONAL_REPRESENTATION('',(#1100),#1104);
#1100 = LINE('',#1101,#1102);
#1101 = CARTESIAN_POINT('',(300.10664771044,0.));
#1102 = VECTOR('',#1103,1.);
#1103 = DIRECTION('',(0.,-1.));
#1104 = ( GEOMETRIC_REPRESENTATION_CONTEXT(2) 
PARAMETRIC_REPRESENTATION_CONTEXT() REPRESENTATION_CONTEXT('2D SPACE',''
  ) );
#1105 = PCURVE('',#1106,#1111);
#1106 = PLANE('',#1107);
#1107 = AXIS2_PLACEMENT_3D('',#1108,#1109,#1110);
#1108 = CARTESIAN_POINT('',(1.2745E+04,376.,25.));
#1109 = DIRECTION('',(0.,0.,1.));
#1110 = DIRECTION('',(-1.,0.,0.));
#1111 = DEFINITIONAL_REPRESENTATION('',(#1112),#1116);
#1112 = LINE('',#1113,#1114);
#1113 = CARTESIAN_POINT('',(737.,181.));
#1114 = VECTOR('',#1115,1.);
#1115 = DIRECTION('',(0.,-1.));
#1116 = ( GEOMETRIC_REPRESENTATION_CONTEXT(2) 
PARAMETRIC_REPRESENTATION_CONTEXT() REPRESENTATION_CONTEXT('2D SPACE',''
  ) );
#1117 = ORIENTED_EDGE('',*,*,#1014,.F.);
#1118 = ORIENTED_EDGE('',*,*,#516,.F.);
#1119 = ORIENTED_EDGE('',*,*,#884,.F.);
#1120 = ORIENTED_EDGE('',*,*,#1121,.F.);
#1121 = EDGE_CURVE('',#1122,#862,#1124,.T.);
#1122 = VERTEX_POINT('',#1123);
#1123 = CARTESIAN_POINT('',(1.2008E+04,193.,25.));
#1124 = SURFACE_CURVE('',#1125,(#1129,#1136),.PCURVE_S1.);
#1125 = LINE('',#1126,#1127);
#1126 = CARTESIAN_POINT('',(1.2008E+04,193.,25.));
#1127 = VECTOR('',#1128,1.);
#1128 = DIRECTION('',(-0.,1.,-0.));
#1129 = PCURVE('',#530,#1130);
#1130 = DEFINITIONAL_REPRESENTATION('',(#1131),#1135);
#1131 = LINE('',#1132,#1133);
#1132 = CARTESIAN_POINT('',(300.10664771044,2.));
#1133 = VECTOR('',#1134,1.);
#1134 = DIRECTION('',(0.,-1.));
#1135 = ( GEOMETRIC_REPRESENTATION_CONTEXT(2) 
PARAMETRIC_REPRESENTATION_CONTEXT() REPRESENTATION_CONTEXT('2D SPACE',''
  ) );
#1136 = PCURVE('',#774,#1137);
#1137 = DEFINITIONAL_REPRESENTATION('',(#1138),#1142);
#1138 = LINE('',#1139,#1140);
#1139 = CARTESIAN_POINT('',(0.,0.));
#1140 = VECTOR('',#1141,1.);
#1141 = DIRECTION('',(0.,-1.));
#1142 = ( GEOMETRIC_REPRESENTATION_CONTEXT(2) 
PARAMETRIC_REPRESENTATION_CONTEXT() REPRESENTATION_CONTEXT('2D SPACE',''
  ) );
#1143 = ORIENTED_EDGE('',*,*,#1144,.F.);
#1144 = EDGE_CURVE('',#1145,#1122,#1147,.T.);
#1145 = VERTEX_POINT('',#1146);
#1146 = CARTESIAN_POINT('',(1.200221428571E+04,193.,40.));
#1147 = SURFACE_CURVE('',#1148,(#1152,#1159),.PCURVE_S1.);
#1148 = LINE('',#1149,#1150);
#1149 = CARTESIAN_POINT('',(1.19E+04,193.,305.));
#1150 = VECTOR('',#1151,1.);
#1151 = DIRECTION('',(0.359872068226,0.,-0.933001658364));
#1152 = PCURVE('',#530,#1153);
#1153 = DEFINITIONAL_REPRESENTATION('',(#1154),#1158);
#1154 = LINE('',#1155,#1156);
#1155 = CARTESIAN_POINT('',(0.,2.));
#1156 = VECTOR('',#1157,1.);
#1157 = DIRECTION('',(1.,0.));
#1158 = ( GEOMETRIC_REPRESENTATION_CONTEXT(2) 
PARAMETRIC_REPRESENTATION_CONTEXT() REPRESENTATION_CONTEXT('2D SPACE',''
  ) );
#1159 = PCURVE('',#720,#1160);
#1160 = DEFINITIONAL_REPRESENTATION('',(#1161),#1165);
#1161 = LINE('',#1162,#1163);
#1162 = CARTESIAN_POINT('',(-873.6527912485,292.52700295382));
#1163 = VECTOR('',#1164,1.);
#1164 = DIRECTION('',(0.359872068226,-0.933001658364));
#1165 = ( GEOMETRIC_REPRESENTATION_CONTEXT(2) 
PARAMETRIC_REPRESENTATION_CONTEXT() REPRESENTATION_CONTEXT('2D SPACE',''
  ) );
#1166 = ORIENTED_EDGE('',*,*,#1167,.F.);
#1167 = EDGE_CURVE('',#1168,#1145,#1170,.T.);
#1168 = VERTEX_POINT('',#1169);
#1169 = CARTESIAN_POINT('',(1.197521428571E+04,193.,110.));
#1170 = SURFACE_CURVE('',#1171,(#1175,#1182),.PCURVE_S1.);
#1171 = LINE('',#1172,#1173);
#1172 = CARTESIAN_POINT('',(1.19E+04,193.,305.));
#1173 = VECTOR('',#1174,1.);
#1174 = DIRECTION('',(0.359872068226,0.,-0.933001658364));
#1175 = PCURVE('',#530,#1176);
#1176 = DEFINITIONAL_REPRESENTATION('',(#1177),#1181);
#1177 = LINE('',#1178,#1179);
#1178 = CARTESIAN_POINT('',(0.,2.));
#1179 = VECTOR('',#1180,1.);
#1180 = DIRECTION('',(1.,0.));
#1181 = ( GEOMETRIC_REPRESENTATION_CONTEXT(2) 
PARAMETRIC_REPRESENTATION_CONTEXT() REPRESENTATION_CONTEXT('2D SPACE',''
  ) );
#1182 = PCURVE('',#1183,#1188);
#1183 = PLANE('',#1184);
#1184 = AXIS2_PLACEMENT_3D('',#1185,#1186,#1187);
#1185 = CARTESIAN_POINT('',(1.19825E+04,193.,75.));
#1186 = DIRECTION('',(0.,-1.,0.));
#1187 = DIRECTION('',(1.,0.,0.));
#1188 = DEFINITIONAL_REPRESENTATION('',(#1189),#1193);
#1189 = LINE('',#1190,#1191);
#1190 = CARTESIAN_POINT('',(-82.5,230.));
#1191 = VECTOR('',#1192,1.);
#1192 = DIRECTION('',(0.359872068226,-0.933001658364));
#1193 = ( GEOMETRIC_REPRESENTATION_CONTEXT(2) 
PARAMETRIC_REPRESENTATION_CONTEXT() REPRESENTATION_CONTEXT('2D SPACE',''
  ) );
#1194 = ORIENTED_EDGE('',*,*,#1195,.F.);
#1195 = EDGE_CURVE('',#1196,#1168,#1198,.T.);
#1196 = VERTEX_POINT('',#1197);
#1197 = CARTESIAN_POINT('',(1.19E+04,193.,305.));
#1198 = SURFACE_CURVE('',#1199,(#1203,#1210),.PCURVE_S1.);
#1199 = LINE('',#1200,#1201);
#1200 = CARTESIAN_POINT('',(1.19E+04,193.,305.));
#1201 = VECTOR('',#1202,1.);
#1202 = DIRECTION('',(0.359872068226,0.,-0.933001658364));
#1203 = PCURVE('',#530,#1204);
#1204 = DEFINITIONAL_REPRESENTATION('',(#1205),#1209);
#1205 = LINE('',#1206,#1207);
#1206 = CARTESIAN_POINT('',(0.,2.));
#1207 = VECTOR('',#1208,1.);
#1208 = DIRECTION('',(1.,0.));
#1209 = ( GEOMETRIC_REPRESENTATION_CONTEXT(2) 
PARAMETRIC_REPRESENTATION_CONTEXT() REPRESENTATION_CONTEXT('2D SPACE',''
  ) );
#1210 = PCURVE('',#720,#1211);
#1211 = DEFINITIONAL_REPRESENTATION('',(#1212),#1216);
#1212 = LINE('',#1213,#1214);
#1213 = CARTESIAN_POINT('',(-873.6527912485,292.52700295382));
#1214 = VECTOR('',#1215,1.);
#1215 = DIRECTION('',(0.359872068226,-0.933001658364));
#1216 = ( GEOMETRIC_REPRESENTATION_CONTEXT(2) 
PARAMETRIC_REPRESENTATION_CONTEXT() REPRESENTATION_CONTEXT('2D SPACE',''
  ) );
#1217 = ORIENTED_EDGE('',*,*,#1218,.F.);
#1218 = EDGE_CURVE('',#1219,#1196,#1221,.T.);
#1219 = VERTEX_POINT('',#1220);
#1220 = CARTESIAN_POINT('',(1.19E+04,407.,305.));
#1221 = SURFACE_CURVE('',#1222,(#1226,#1233),.PCURVE_S1.);
#1222 = LINE('',#1223,#1224);
#1223 = CARTESIAN_POINT('',(1.19E+04,407.,305.));
#1224 = VECTOR('',#1225,1.);
#1225 = DIRECTION('',(0.,-1.,0.));
#1226 = PCURVE('',#530,#1227);
#1227 = DEFINITIONAL_REPRESENTATION('',(#1228),#1232);
#1228 = LINE('',#1229,#1230);
#1229 = CARTESIAN_POINT('',(0.,-212.));
#1230 = VECTOR('',#1231,1.);
#1231 = DIRECTION('',(0.,1.));
#1232 = ( GEOMETRIC_REPRESENTATION_CONTEXT(2) 
PARAMETRIC_REPRESENTATION_CONTEXT() REPRESENTATION_CONTEXT('2D SPACE',''
  ) );
#1233 = PCURVE('',#1234,#1239);
#1234 = PLANE('',#1235);
#1235 = AXIS2_PLACEMENT_3D('',#1236,#1237,#1238);
#1236 = CARTESIAN_POINT('',(1.2745E+04,193.,305.));
#1237 = DIRECTION('',(0.,0.,1.));
#1238 = DIRECTION('',(-1.,0.,0.));
#1239 = DEFINITIONAL_REPRESENTATION('',(#1240),#1244);
#1240 = LINE('',#1241,#1242);
#1241 = CARTESIAN_POINT('',(845.,-214.));
#1242 = VECTOR('',#1243,1.);
#1243 = DIRECTION('',(0.,1.));
#1244 = ( GEOMETRIC_REPRESENTATION_CONTEXT(2) 
PARAMETRIC_REPRESENTATION_CONTEXT() REPRESENTATION_CONTEXT('2D SPACE',''
  ) );
#1245 = ORIENTED_EDGE('',*,*,#1246,.T.);
#1246 = EDGE_CURVE('',#1219,#1247,#1249,.T.);
#1247 = VERTEX_POINT('',#1248);
#1248 = CARTESIAN_POINT('',(1.197521428571E+04,407.,110.));
#1249 = SURFACE_CURVE('',#1250,(#1254,#1261),.PCURVE_S1.);
#1250 = LINE('',#1251,#1252);
#1251 = CARTESIAN_POINT('',(1.19E+04,407.,305.));
#1252 = VECTOR('',#1253,1.);
#1253 = DIRECTION('',(0.359872068226,0.,-0.933001658364));
#1254 = PCURVE('',#530,#1255);
#1255 = DEFINITIONAL_REPRESENTATION('',(#1256),#1260);
#1256 = LINE('',#1257,#1258);
#1257 = CARTESIAN_POINT('',(0.,-212.));
#1258 = VECTOR('',#1259,1.);
#1259 = DIRECTION('',(1.,0.));
#1260 = ( GEOMETRIC_REPRESENTATION_CONTEXT(2) 
PARAMETRIC_REPRESENTATION_CONTEXT() REPRESENTATION_CONTEXT('2D SPACE',''
  ) );
#1261 = PCURVE('',#666,#1262);
#1262 = DEFINITIONAL_REPRESENTATION('',(#1263),#1267);
#1263 = LINE('',#1264,#1265);
#1264 = CARTESIAN_POINT('',(-873.6527912485,292.52700295382));
#1265 = VECTOR('',#1266,1.);
#1266 = DIRECTION('',(0.359872068226,-0.933001658364));
#1267 = ( GEOMETRIC_REPRESENTATION_CONTEXT(2) 
PARAMETRIC_REPRESENTATION_CONTEXT() REPRESENTATION_CONTEXT('2D SPACE',''
  ) );
#1268 = ORIENTED_EDGE('',*,*,#1269,.T.);
#1269 = EDGE_CURVE('',#1247,#1270,#1272,.T.);
#1270 = VERTEX_POINT('',#1271);
#1271 = CARTESIAN_POINT('',(1.200221428571E+04,407.,40.));
#1272 = SURFACE_CURVE('',#1273,(#1277,#1284),.PCURVE_S1.);
#1273 = LINE('',#1274,#1275);
#1274 = CARTESIAN_POINT('',(1.19E+04,407.,305.));
#1275 = VECTOR('',#1276,1.);
#1276 = DIRECTION('',(0.359872068226,0.,-0.933001658364));
#1277 = PCURVE('',#530,#1278);
#1278 = DEFINITIONAL_REPRESENTATION('',(#1279),#1283);
#1279 = LINE('',#1280,#1281);
#1280 = CARTESIAN_POINT('',(0.,-212.));
#1281 = VECTOR('',#1282,1.);
#1282 = DIRECTION('',(1.,0.));
#1283 = ( GEOMETRIC_REPRESENTATION_CONTEXT(2) 
PARAMETRIC_REPRESENTATION_CONTEXT() REPRESENTATION_CONTEXT('2D SPACE',''
  ) );
#1284 = PCURVE('',#1285,#1290);
#1285 = PLANE('',#1286);
#1286 = AXIS2_PLACEMENT_3D('',#1287,#1288,#1289);
#1287 = CARTESIAN_POINT('',(1.19825E+04,407.,75.));
#1288 = DIRECTION('',(0.,-1.,0.));
#1289 = DIRECTION('',(1.,0.,0.));
#1290 = DEFINITIONAL_REPRESENTATION('',(#1291),#1295);
#1291 = LINE('',#1292,#1293);
#1292 = CARTESIAN_POINT('',(-82.5,230.));
#1293 = VECTOR('',#1294,1.);
#1294 = DIRECTION('',(0.359872068226,-0.933001658364));
#1295 = ( GEOMETRIC_REPRESENTATION_CONTEXT(2) 
PARAMETRIC_REPRESENTATION_CONTEXT() REPRESENTATION_CONTEXT('2D SPACE',''
  ) );
#1296 = ORIENTED_EDGE('',*,*,#1297,.T.);
#1297 = EDGE_CURVE('',#1270,#1298,#1300,.T.);
#1298 = VERTEX_POINT('',#1299);
#1299 = CARTESIAN_POINT('',(1.2008E+04,407.,25.));
#1300 = SURFACE_CURVE('',#1301,(#1305,#1312),.PCURVE_S1.);
#1301 = LINE('',#1302,#1303);
#1302 = CARTESIAN_POINT('',(1.19E+04,407.,305.));
#1303 = VECTOR('',#1304,1.);
#1304 = DIRECTION('',(0.359872068226,0.,-0.933001658364));
#1305 = PCURVE('',#530,#1306);
#1306 = DEFINITIONAL_REPRESENTATION('',(#1307),#1311);
#1307 = LINE('',#1308,#1309);
#1308 = CARTESIAN_POINT('',(0.,-212.));
#1309 = VECTOR('',#1310,1.);
#1310 = DIRECTION('',(1.,0.));
#1311 = ( GEOMETRIC_REPRESENTATION_CONTEXT(2) 
PARAMETRIC_REPRESENTATION_CONTEXT() REPRESENTATION_CONTEXT('2D SPACE',''
  ) );
#1312 = PCURVE('',#666,#1313);
#1313 = DEFINITIONAL_REPRESENTATION('',(#1314),#1318);
#1314 = LINE('',#1315,#1316);
#1315 = CARTESIAN_POINT('',(-873.6527912485,292.52700295382));
#1316 = VECTOR('',#1317,1.);
#1317 = DIRECTION('',(0.359872068226,-0.933001658364));
#1318 = ( GEOMETRIC_REPRESENTATION_CONTEXT(2) 
PARAMETRIC_REPRESENTATION_CONTEXT() REPRESENTATION_CONTEXT('2D SPACE',''
  ) );
#1319 = ORIENTED_EDGE('',*,*,#1320,.F.);
#1320 = EDGE_CURVE('',#1065,#1298,#1321,.T.);
#1321 = SURFACE_CURVE('',#1322,(#1326,#1333),.PCURVE_S1.);
#1322 = LINE('',#1323,#1324);
#1323 = CARTESIAN_POINT('',(1.2008E+04,405.,25.));
#1324 = VECTOR('',#1325,1.);
#1325 = DIRECTION('',(-0.,1.,-0.));
#1326 = PCURVE('',#530,#1327);
#1327 = DEFINITIONAL_REPRESENTATION('',(#1328),#1332);
#1328 = LINE('',#1329,#1330);
#1329 = CARTESIAN_POINT('',(300.10664771044,-210.));
#1330 = VECTOR('',#1331,1.);
#1331 = DIRECTION('',(0.,-1.));
#1332 = ( GEOMETRIC_REPRESENTATION_CONTEXT(2) 
PARAMETRIC_REPRESENTATION_CONTEXT() REPRESENTATION_CONTEXT('2D SPACE',''
  ) );
#1333 = PCURVE('',#1334,#1339);
#1334 = PLANE('',#1335);
#1335 = AXIS2_PLACEMENT_3D('',#1336,#1337,#1338);
#1336 = CARTESIAN_POINT('',(1.2008E+04,405.,25.));
#1337 = DIRECTION('',(0.,0.,-1.));
#1338 = DIRECTION('',(1.,0.,0.));
#1339 = DEFINITIONAL_REPRESENTATION('',(#1340),#1344);
#1340 = LINE('',#1341,#1342);
#1341 = CARTESIAN_POINT('',(0.,0.));
#1342 = VECTOR('',#1343,1.);
#1343 = DIRECTION('',(0.,-1.));
#1344 = ( GEOMETRIC_REPRESENTATION_CONTEXT(2) 
PARAMETRIC_REPRESENTATION_CONTEXT() REPRESENTATION_CONTEXT('2D SPACE',''
  ) );
#1345 = FACE_BOUND('',#1346,.T.);
#1346 = EDGE_LOOP('',(#1347,#1389,#1424,#1450,#1492,#1529));
#1347 = ORIENTED_EDGE('',*,*,#1348,.F.);
#1348 = EDGE_CURVE('',#1349,#1351,#1353,.T.);
#1349 = VERTEX_POINT('',#1350);
#1350 = CARTESIAN_POINT('',(1.191044509893E+04,300.,277.92011387951));
#1351 = VERTEX_POINT('',#1352);
#1352 = CARTESIAN_POINT('',(1.193160272459E+04,315.33798309499,
    223.06701030927));
#1353 = SURFACE_CURVE('',#1354,(#1359,#1366),.PCURVE_S1.);
#1354 = ELLIPSE('',#1355,41.577854181714,16.85);
#1355 = AXIS2_PLACEMENT_3D('',#1356,#1357,#1358);
#1356 = CARTESIAN_POINT('',(1.192540780731E+04,300.,239.12790697674));
#1357 = DIRECTION('',(-0.933001658364,0.,-0.359872068226));
#1358 = DIRECTION('',(-0.359872068226,0.,0.933001658364));
#1359 = PCURVE('',#530,#1360);
#1360 = DEFINITIONAL_REPRESENTATION('',(#1361),#1365);
#1361 = ELLIPSE('',#1362,41.577854181714,16.85);
#1362 = AXIS2_PLACEMENT_2D('',#1363,#1364);
#1363 = CARTESIAN_POINT('',(70.602332195999,-105.));
#1364 = DIRECTION('',(-1.,0.));
#1365 = ( GEOMETRIC_REPRESENTATION_CONTEXT(2) 
PARAMETRIC_REPRESENTATION_CONTEXT() REPRESENTATION_CONTEXT('2D SPACE',''
  ) );
#1366 = PCURVE('',#1367,#1372);
#1367 = CYLINDRICAL_SURFACE('',#1368,16.85);
#1368 = AXIS2_PLACEMENT_3D('',#1369,#1370,#1371);
#1369 = CARTESIAN_POINT('',(1.193653571429E+04,300.,228.));
#1370 = DIRECTION('',(-0.707106781187,0.,0.707106781187));
#1371 = DIRECTION('',(0.707106781187,0.,0.707106781187));
#1372 = DEFINITIONAL_REPRESENTATION('',(#1373),#1388);
#1373 = B_SPLINE_CURVE_WITH_KNOTS('',7,(#1374,#1375,#1376,#1377,#1378,
    #1379,#1380,#1381,#1382,#1383,#1384,#1385,#1386,#1387),
  .UNSPECIFIED.,.F.,.F.,(8,6,8),(0.,0.99883322229,1.99766644458),
  .UNSPECIFIED.);
#1374 = CARTESIAN_POINT('',(0.,53.747702083617));
#1375 = CARTESIAN_POINT('',(0.142690460327,53.747702083617));
#1376 = CARTESIAN_POINT('',(0.285380920654,52.844800405242));
#1377 = CARTESIAN_POINT('',(0.428071380981,51.03900743265));
#1378 = CARTESIAN_POINT('',(0.570761841309,48.375321714972));
#1379 = CARTESIAN_POINT('',(0.713452301635,44.943936981756));
#1380 = CARTESIAN_POINT('',(0.856142761963,40.872173741519));
#1381 = CARTESIAN_POINT('',(1.141523682617,31.751194194721));
#1382 = CARTESIAN_POINT('',(1.284214142944,26.70197894637));
#1383 = CARTESIAN_POINT('',(1.426904603271,21.315701438489));
#1384 = CARTESIAN_POINT('',(1.569595063599,15.768396146157));
#1385 = CARTESIAN_POINT('',(1.712285523925,10.247897598837));
#1386 = CARTESIAN_POINT('',(1.854975984252,4.937037389583));
#1387 = CARTESIAN_POINT('',(1.99766644458,-6.000000780659E-07));
#1388 = ( GEOMETRIC_REPRESENTATION_CONTEXT(2) 
PARAMETRIC_REPRESENTATION_CONTEXT() REPRESENTATION_CONTEXT('2D SPACE',''
  ) );
#1389 = ORIENTED_EDGE('',*,*,#1390,.F.);
#1390 = EDGE_CURVE('',#1391,#1349,#1393,.T.);
#1391 = VERTEX_POINT('',#1392);
#1392 = CARTESIAN_POINT('',(1.193160272459E+04,284.662016905,
    223.06701030927));
#1393 = SURFACE_CURVE('',#1394,(#1399,#1406),.PCURVE_S1.);
#1394 = ELLIPSE('',#1395,41.577854181714,16.85);
#1395 = AXIS2_PLACEMENT_3D('',#1396,#1397,#1398);
#1396 = CARTESIAN_POINT('',(1.192540780731E+04,300.,239.12790697674));
#1397 = DIRECTION('',(-0.933001658364,0.,-0.359872068226));
#1398 = DIRECTION('',(-0.359872068226,0.,0.933001658364));
#1399 = PCURVE('',#530,#1400);
#1400 = DEFINITIONAL_REPRESENTATION('',(#1401),#1405);
#1401 = ELLIPSE('',#1402,41.577854181714,16.85);
#1402 = AXIS2_PLACEMENT_2D('',#1403,#1404);
#1403 = CARTESIAN_POINT('',(70.602332195999,-105.));
#1404 = DIRECTION('',(-1.,0.));
#1405 = ( GEOMETRIC_REPRESENTATION_CONTEXT(2) 
PARAMETRIC_REPRESENTATION_CONTEXT() REPRESENTATION_CONTEXT('2D SPACE',''
  ) );
#1406 = PCURVE('',#1367,#1407);
#1407 = DEFINITIONAL_REPRESENTATION('',(#1408),#1423);
#1408 = B_SPLINE_CURVE_WITH_KNOTS('',7,(#1409,#1410,#1411,#1412,#1413,
    #1414,#1415,#1416,#1417,#1418,#1419,#1420,#1421,#1422),
  .UNSPECIFIED.,.F.,.F.,(8,6,8),(4.2855188626,5.28435208489,
    6.28318530718),.UNSPECIFIED.);
#1409 = CARTESIAN_POINT('',(4.2855188626,-6.000001064876E-07));
#1410 = CARTESIAN_POINT('',(4.428209322927,4.937037389583));
#1411 = CARTESIAN_POINT('',(4.570899783254,10.247897598841));
#1412 = CARTESIAN_POINT('',(4.713590243582,15.768396146143));
#1413 = CARTESIAN_POINT('',(4.856280703909,21.315701438492));
#1414 = CARTESIAN_POINT('',(4.998971164236,26.701978946367));
#1415 = CARTESIAN_POINT('',(5.141661624563,31.751194194721));
#1416 = CARTESIAN_POINT('',(5.427042545217,40.872173741519));
#1417 = CARTESIAN_POINT('',(5.569733005544,44.943936981759));
#1418 = CARTESIAN_POINT('',(5.712423465874,48.375321714957));
#1419 = CARTESIAN_POINT('',(5.855113926197,51.039007432664));
#1420 = CARTESIAN_POINT('',(5.997804386526,52.844800405239));
#1421 = CARTESIAN_POINT('',(6.140494846852,53.747702083617));
#1422 = CARTESIAN_POINT('',(6.28318530718,53.747702083617));
#1423 = ( GEOMETRIC_REPRESENTATION_CONTEXT(2) 
PARAMETRIC_REPRESENTATION_CONTEXT() REPRESENTATION_CONTEXT('2D SPACE',''
  ) );
#1424 = ORIENTED_EDGE('',*,*,#1425,.T.);
#1425 = EDGE_CURVE('',#1391,#1426,#1428,.T.);
#1426 = VERTEX_POINT('',#1427);
#1427 = CARTESIAN_POINT('',(1.193160272459E+04,288.26740755747,
    223.06701030927));
#1428 = SURFACE_CURVE('',#1429,(#1433,#1439),.PCURVE_S1.);
#1429 = LINE('',#1430,#1431);
#1430 = CARTESIAN_POINT('',(1.193160272459E+04,247.5,223.06701030927));
#1431 = VECTOR('',#1432,1.);
#1432 = DIRECTION('',(0.,1.,-0.));
#1433 = PCURVE('',#530,#1434);
#1434 = DEFINITIONAL_REPRESENTATION('',(#1435),#1438);
#1435 = B_SPLINE_CURVE_WITH_KNOTS('',1,(#1436,#1437),.UNSPECIFIED.,.F.,
  .F.,(2,2),(36.581541169476,68.418458830524),.PIECEWISE_BEZIER_KNOTS.);
#1436 = CARTESIAN_POINT('',(87.816553117774,-89.08154116947));
#1437 = CARTESIAN_POINT('',(87.816553117774,-120.9184588305));
#1438 = ( GEOMETRIC_REPRESENTATION_CONTEXT(2) 
PARAMETRIC_REPRESENTATION_CONTEXT() REPRESENTATION_CONTEXT('2D SPACE',''
  ) );
#1439 = PCURVE('',#1440,#1445);
#1440 = PLANE('',#1441);
#1441 = AXIS2_PLACEMENT_3D('',#1442,#1443,#1444);
#1442 = CARTESIAN_POINT('',(1.193653571429E+04,300.,228.));
#1443 = DIRECTION('',(-0.707106781187,0.,0.707106781187));
#1444 = DIRECTION('',(0.707106781187,0.,0.707106781187));
#1445 = DEFINITIONAL_REPRESENTATION('',(#1446),#1449);
#1446 = B_SPLINE_CURVE_WITH_KNOTS('',1,(#1447,#1448),.UNSPECIFIED.,.F.,
  .F.,(2,2),(36.581541169476,68.418458830524),.PIECEWISE_BEZIER_KNOTS.);
#1447 = CARTESIAN_POINT('',(-6.976300923665,-15.91845883052));
#1448 = CARTESIAN_POINT('',(-6.976300923665,15.918458830524));
#1449 = ( GEOMETRIC_REPRESENTATION_CONTEXT(2) 
PARAMETRIC_REPRESENTATION_CONTEXT() REPRESENTATION_CONTEXT('2D SPACE',''
  ) );
#1450 = ORIENTED_EDGE('',*,*,#1451,.T.);
#1451 = EDGE_CURVE('',#1426,#1452,#1454,.T.);
#1452 = VERTEX_POINT('',#1453);
#1453 = CARTESIAN_POINT('',(1.191328668153E+04,300.,270.55304788017));
#1454 = SURFACE_CURVE('',#1455,(#1460,#1467),.PCURVE_S1.);
#1455 = ELLIPSE('',#1456,33.681763179845,13.65);
#1456 = AXIS2_PLACEMENT_3D('',#1457,#1458,#1459);
#1457 = CARTESIAN_POINT('',(1.192540780731E+04,300.,239.12790697674));
#1458 = DIRECTION('',(-0.933001658364,0.,-0.359872068226));
#1459 = DIRECTION('',(-0.359872068226,0.,0.933001658364));
#1460 = PCURVE('',#530,#1461);
#1461 = DEFINITIONAL_REPRESENTATION('',(#1462),#1466);
#1462 = ELLIPSE('',#1463,33.681763179845,13.65);
#1463 = AXIS2_PLACEMENT_2D('',#1464,#1465);
#1464 = CARTESIAN_POINT('',(70.602332195999,-105.));
#1465 = DIRECTION('',(-1.,0.));
#1466 = ( GEOMETRIC_REPRESENTATION_CONTEXT(2) 
PARAMETRIC_REPRESENTATION_CONTEXT() REPRESENTATION_CONTEXT('2D SPACE',''
  ) );
#1467 = PCURVE('',#1468,#1473);
#1468 = CYLINDRICAL_SURFACE('',#1469,13.65);
#1469 = AXIS2_PLACEMENT_3D('',#1470,#1471,#1472);
#1470 = CARTESIAN_POINT('',(1.194007124819E+04,300.,224.46446609406));
#1471 = DIRECTION('',(-0.707106781187,0.,0.707106781187));
#1472 = DIRECTION('',(0.707106781187,0.,0.707106781187));
#1473 = DEFINITIONAL_REPRESENTATION('',(#1474),#1491);
#1474 = B_SPLINE_CURVE_WITH_KNOTS('',8,(#1475,#1476,#1477,#1478,#1479,
    #1480,#1481,#1482,#1483,#1484,#1485,#1486,#1487,#1488,#1489,#1490),
  .UNSPECIFIED.,.F.,.F.,(9,7,9),(4.175943117876,5.229564212528,
    6.28318530718),.UNSPECIFIED.);
#1475 = CARTESIAN_POINT('',(4.175943117876,4.9999994));
#1476 = CARTESIAN_POINT('',(4.307645754708,8.485713215114));
#1477 = CARTESIAN_POINT('',(4.439348391539,12.28339462108));
#1478 = CARTESIAN_POINT('',(4.571051028371,16.30091086966));
#1479 = CARTESIAN_POINT('',(4.702753665202,20.434588098351));
#1480 = CARTESIAN_POINT('',(4.834456302034,24.57431359725));
#1481 = CARTESIAN_POINT('',(4.966158938865,28.609747102488));
#1482 = CARTESIAN_POINT('',(5.097861575696,32.436551973354));
#1483 = CARTESIAN_POINT('',(5.361266849359,39.486562247001));
#1484 = CARTESIAN_POINT('',(5.492969486186,42.709767718407));
#1485 = CARTESIAN_POINT('',(5.624672123035,45.538002557121));
#1486 = CARTESIAN_POINT('',(5.756374759803,47.889264992438));
#1487 = CARTESIAN_POINT('',(5.888077396692,49.69788791638));
#1488 = CARTESIAN_POINT('',(6.019780033512,50.918694185217));
#1489 = CARTESIAN_POINT('',(6.151482670348,51.529097432454));
#1490 = CARTESIAN_POINT('',(6.28318530718,51.529097432454));
#1491 = ( GEOMETRIC_REPRESENTATION_CONTEXT(2) 
PARAMETRIC_REPRESENTATION_CONTEXT() REPRESENTATION_CONTEXT('2D SPACE',''
  ) );
#1492 = ORIENTED_EDGE('',*,*,#1493,.T.);
#1493 = EDGE_CURVE('',#1452,#1494,#1496,.T.);
#1494 = VERTEX_POINT('',#1495);
#1495 = CARTESIAN_POINT('',(1.193160272459E+04,311.73259244252,
    223.06701030927));
#1496 = SURFACE_CURVE('',#1497,(#1502,#1509),.PCURVE_S1.);
#1497 = ELLIPSE('',#1498,33.681763179845,13.65);
#1498 = AXIS2_PLACEMENT_3D('',#1499,#1500,#1501);
#1499 = CARTESIAN_POINT('',(1.192540780731E+04,300.,239.12790697674));
#1500 = DIRECTION('',(-0.933001658364,0.,-0.359872068226));
#1501 = DIRECTION('',(-0.359872068226,0.,0.933001658364));
#1502 = PCURVE('',#530,#1503);
#1503 = DEFINITIONAL_REPRESENTATION('',(#1504),#1508);
#1504 = ELLIPSE('',#1505,33.681763179845,13.65);
#1505 = AXIS2_PLACEMENT_2D('',#1506,#1507);
#1506 = CARTESIAN_POINT('',(70.602332195999,-105.));
#1507 = DIRECTION('',(-1.,0.));
#1508 = ( GEOMETRIC_REPRESENTATION_CONTEXT(2) 
PARAMETRIC_REPRESENTATION_CONTEXT() REPRESENTATION_CONTEXT('2D SPACE',''
  ) );
#1509 = PCURVE('',#1468,#1510);
#1510 = DEFINITIONAL_REPRESENTATION('',(#1511),#1528);
#1511 = B_SPLINE_CURVE_WITH_KNOTS('',8,(#1512,#1513,#1514,#1515,#1516,
    #1517,#1518,#1519,#1520,#1521,#1522,#1523,#1524,#1525,#1526,#1527),
  .UNSPECIFIED.,.F.,.F.,(9,7,9),(0.,1.053621094652,2.107242189303),
  .UNSPECIFIED.);
#1512 = CARTESIAN_POINT('',(0.,51.529097432454));
#1513 = CARTESIAN_POINT('',(0.131702636831,51.529097432454));
#1514 = CARTESIAN_POINT('',(0.263405273663,50.918694185253));
#1515 = CARTESIAN_POINT('',(0.395107910492,49.697887916089));
#1516 = CARTESIAN_POINT('',(0.526810547328,47.889264992729));
#1517 = CARTESIAN_POINT('',(0.658513184156,45.538002556947));
#1518 = CARTESIAN_POINT('',(0.790215820989,42.709767718421));
#1519 = CARTESIAN_POINT('',(0.92191845782,39.486562247001));
#1520 = CARTESIAN_POINT('',(1.185323731483,32.436551973354));
#1521 = CARTESIAN_POINT('',(1.317026368315,28.609747102487));
#1522 = CARTESIAN_POINT('',(1.448729005146,24.574313597263));
#1523 = CARTESIAN_POINT('',(1.580431641978,20.434588098354));
#1524 = CARTESIAN_POINT('',(1.712134278809,16.300910869651));
#1525 = CARTESIAN_POINT('',(1.84383691564,12.283394621085));
#1526 = CARTESIAN_POINT('',(1.975539552472,8.485713215114));
#1527 = CARTESIAN_POINT('',(2.107242189303,4.9999994));
#1528 = ( GEOMETRIC_REPRESENTATION_CONTEXT(2) 
PARAMETRIC_REPRESENTATION_CONTEXT() REPRESENTATION_CONTEXT('2D SPACE',''
  ) );
#1529 = ORIENTED_EDGE('',*,*,#1530,.T.);
#1530 = EDGE_CURVE('',#1494,#1351,#1531,.T.);
#1531 = SURFACE_CURVE('',#1532,(#1536,#1542),.PCURVE_S1.);
#1532 = LINE('',#1533,#1534);
#1533 = CARTESIAN_POINT('',(1.193160272459E+04,247.5,223.06701030927));
#1534 = VECTOR('',#1535,1.);
#1535 = DIRECTION('',(0.,1.,-0.));
#1536 = PCURVE('',#530,#1537);
#1537 = DEFINITIONAL_REPRESENTATION('',(#1538),#1541);
#1538 = B_SPLINE_CURVE_WITH_KNOTS('',1,(#1539,#1540),.UNSPECIFIED.,.F.,
  .F.,(2,2),(36.581541169476,68.418458830524),.PIECEWISE_BEZIER_KNOTS.);
#1539 = CARTESIAN_POINT('',(87.816553117774,-89.08154116947));
#1540 = CARTESIAN_POINT('',(87.816553117774,-120.9184588305));
#1541 = ( GEOMETRIC_REPRESENTATION_CONTEXT(2) 
PARAMETRIC_REPRESENTATION_CONTEXT() REPRESENTATION_CONTEXT('2D SPACE',''
  ) );
#1542 = PCURVE('',#1440,#1543);
#1543 = DEFINITIONAL_REPRESENTATION('',(#1544),#1547);
#1544 = B_SPLINE_CURVE_WITH_KNOTS('',1,(#1545,#1546),.UNSPECIFIED.,.F.,
  .F.,(2,2),(36.581541169476,68.418458830524),.PIECEWISE_BEZIER_KNOTS.);
#1545 = CARTESIAN_POINT('',(-6.976300923665,-15.91845883052));
#1546 = CARTESIAN_POINT('',(-6.976300923665,15.918458830524));
#1547 = ( GEOMETRIC_REPRESENTATION_CONTEXT(2) 
PARAMETRIC_REPRESENTATION_CONTEXT() REPRESENTATION_CONTEXT('2D SPACE',''
  ) );
#1548 = ADVANCED_FACE('',(#1549),#610,.T.);
#1549 = FACE_BOUND('',#1550,.T.);
#1550 = EDGE_LOOP('',(#1551,#1552,#1575,#1603));
#1551 = ORIENTED_EDGE('',*,*,#594,.F.);
#1552 = ORIENTED_EDGE('',*,*,#1553,.F.);
#1553 = EDGE_CURVE('',#1554,#572,#1556,.T.);
#1554 = VERTEX_POINT('',#1555);
#1555 = CARTESIAN_POINT('',(1.2745E+04,376.,0.));
#1556 = SURFACE_CURVE('',#1557,(#1561,#1568),.PCURVE_S1.);
#1557 = LINE('',#1558,#1559);
#1558 = CARTESIAN_POINT('',(1.2745E+04,376.,0.));
#1559 = VECTOR('',#1560,1.);
#1560 = DIRECTION('',(0.,0.,1.));
#1561 = PCURVE('',#610,#1562);
#1562 = DEFINITIONAL_REPRESENTATION('',(#1563),#1567);
#1563 = LINE('',#1564,#1565);
#1564 = CARTESIAN_POINT('',(0.,-160.));
#1565 = VECTOR('',#1566,1.);
#1566 = DIRECTION('',(1.,0.));
#1567 = ( GEOMETRIC_REPRESENTATION_CONTEXT(2) 
PARAMETRIC_REPRESENTATION_CONTEXT() REPRESENTATION_CONTEXT('2D SPACE',''
  ) );
#1568 = PCURVE('',#949,#1569);
#1569 = DEFINITIONAL_REPRESENTATION('',(#1570),#1574);
#1570 = LINE('',#1571,#1572);
#1571 = CARTESIAN_POINT('',(373.83883476483,-12.70221886326));
#1572 = VECTOR('',#1573,1.);
#1573 = DIRECTION('',(0.,1.));
#1574 = ( GEOMETRIC_REPRESENTATION_CONTEXT(2) 
PARAMETRIC_REPRESENTATION_CONTEXT() REPRESENTATION_CONTEXT('2D SPACE',''
  ) );
#1575 = ORIENTED_EDGE('',*,*,#1576,.T.);
#1576 = EDGE_CURVE('',#1554,#1577,#1579,.T.);
#1577 = VERTEX_POINT('',#1578);
#1578 = CARTESIAN_POINT('',(1.2745E+04,384.,0.));
#1579 = SURFACE_CURVE('',#1580,(#1584,#1591),.PCURVE_S1.);
#1580 = LINE('',#1581,#1582);
#1581 = CARTESIAN_POINT('',(1.2745E+04,376.,0.));
#1582 = VECTOR('',#1583,1.);
#1583 = DIRECTION('',(-0.,1.,-0.));
#1584 = PCURVE('',#610,#1585);
#1585 = DEFINITIONAL_REPRESENTATION('',(#1586),#1590);
#1586 = LINE('',#1587,#1588);
#1587 = CARTESIAN_POINT('',(0.,-160.));
#1588 = VECTOR('',#1589,1.);
#1589 = DIRECTION('',(0.,-1.));
#1590 = ( GEOMETRIC_REPRESENTATION_CONTEXT(2) 
PARAMETRIC_REPRESENTATION_CONTEXT() REPRESENTATION_CONTEXT('2D SPACE',''
  ) );
#1591 = PCURVE('',#1592,#1597);
#1592 = PLANE('',#1593);
#1593 = AXIS2_PLACEMENT_3D('',#1594,#1595,#1596);
#1594 = CARTESIAN_POINT('',(1.2015E+04,376.,0.));
#1595 = DIRECTION('',(0.,0.,-1.));
#1596 = DIRECTION('',(1.,0.,0.));
#1597 = DEFINITIONAL_REPRESENTATION('',(#1598),#1602);
#1598 = LINE('',#1599,#1600);
#1599 = CARTESIAN_POINT('',(730.,0.));
#1600 = VECTOR('',#1601,1.);
#1601 = DIRECTION('',(0.,-1.));
#1602 = ( GEOMETRIC_REPRESENTATION_CONTEXT(2) 
PARAMETRIC_REPRESENTATION_CONTEXT() REPRESENTATION_CONTEXT('2D SPACE',''
  ) );
#1603 = ORIENTED_EDGE('',*,*,#1604,.T.);
#1604 = EDGE_CURVE('',#1577,#595,#1605,.T.);
#1605 = SURFACE_CURVE('',#1606,(#1610,#1617),.PCURVE_S1.);
#1606 = LINE('',#1607,#1608);
#1607 = CARTESIAN_POINT('',(1.2745E+04,384.,0.));
#1608 = VECTOR('',#1609,1.);
#1609 = DIRECTION('',(0.,0.,1.));
#1610 = PCURVE('',#610,#1611);
#1611 = DEFINITIONAL_REPRESENTATION('',(#1612),#1616);
#1612 = LINE('',#1613,#1614);
#1613 = CARTESIAN_POINT('',(0.,-168.));
#1614 = VECTOR('',#1615,1.);
#1615 = DIRECTION('',(1.,0.));
#1616 = ( GEOMETRIC_REPRESENTATION_CONTEXT(2) 
PARAMETRIC_REPRESENTATION_CONTEXT() REPRESENTATION_CONTEXT('2D SPACE',''
  ) );
#1617 = PCURVE('',#1618,#1623);
#1618 = PLANE('',#1619);
#1619 = AXIS2_PLACEMENT_3D('',#1620,#1621,#1622);
#1620 = CARTESIAN_POINT('',(1.237116116524E+04,384.,12.702218863262));
#1621 = DIRECTION('',(0.,-1.,0.));
#1622 = DIRECTION('',(1.,0.,0.));
#1623 = DEFINITIONAL_REPRESENTATION('',(#1624),#1628);
#1624 = LINE('',#1625,#1626);
#1625 = CARTESIAN_POINT('',(373.83883476483,-12.70221886326));
#1626 = VECTOR('',#1627,1.);
#1627 = DIRECTION('',(0.,1.));
#1628 = ( GEOMETRIC_REPRESENTATION_CONTEXT(2) 
PARAMETRIC_REPRESENTATION_CONTEXT() REPRESENTATION_CONTEXT('2D SPACE',''
  ) );
#1629 = ADVANCED_FACE('',(#1630),#638,.T.);
#1630 = FACE_BOUND('',#1631,.T.);
#1631 = EDGE_LOOP('',(#1632,#1657,#1678,#1679,#1702));
#1632 = ORIENTED_EDGE('',*,*,#1633,.T.);
#1633 = EDGE_CURVE('',#1634,#1636,#1638,.T.);
#1634 = VERTEX_POINT('',#1635);
#1635 = CARTESIAN_POINT('',(1.2745E+04,405.,25.));
#1636 = VERTEX_POINT('',#1637);
#1637 = CARTESIAN_POINT('',(1.2745E+04,407.,25.));
#1638 = SURFACE_CURVE('',#1639,(#1643,#1650),.PCURVE_S1.);
#1639 = LINE('',#1640,#1641);
#1640 = CARTESIAN_POINT('',(1.2745E+04,405.,25.));
#1641 = VECTOR('',#1642,1.);
#1642 = DIRECTION('',(-0.,1.,-0.));
#1643 = PCURVE('',#638,#1644);
#1644 = DEFINITIONAL_REPRESENTATION('',(#1645),#1649);
#1645 = LINE('',#1646,#1647);
#1646 = CARTESIAN_POINT('',(2.,-212.));
#1647 = VECTOR('',#1648,1.);
#1648 = DIRECTION('',(0.,-1.));
#1649 = ( GEOMETRIC_REPRESENTATION_CONTEXT(2) 
PARAMETRIC_REPRESENTATION_CONTEXT() REPRESENTATION_CONTEXT('2D SPACE',''
  ) );
#1650 = PCURVE('',#1334,#1651);
#1651 = DEFINITIONAL_REPRESENTATION('',(#1652),#1656);
#1652 = LINE('',#1653,#1654);
#1653 = CARTESIAN_POINT('',(737.,0.));
#1654 = VECTOR('',#1655,1.);
#1655 = DIRECTION('',(0.,-1.));
#1656 = ( GEOMETRIC_REPRESENTATION_CONTEXT(2) 
PARAMETRIC_REPRESENTATION_CONTEXT() REPRESENTATION_CONTEXT('2D SPACE',''
  ) );
#1657 = ORIENTED_EDGE('',*,*,#1658,.T.);
#1658 = EDGE_CURVE('',#1636,#623,#1659,.T.);
#1659 = SURFACE_CURVE('',#1660,(#1664,#1671),.PCURVE_S1.);
#1660 = LINE('',#1661,#1662);
#1661 = CARTESIAN_POINT('',(1.2745E+04,407.,27.));
#1662 = VECTOR('',#1663,1.);
#1663 = DIRECTION('',(0.,0.,-1.));
#1664 = PCURVE('',#638,#1665);
#1665 = DEFINITIONAL_REPRESENTATION('',(#1666),#1670);
#1666 = LINE('',#1667,#1668);
#1667 = CARTESIAN_POINT('',(0.,-214.));
#1668 = VECTOR('',#1669,1.);
#1669 = DIRECTION('',(1.,0.));
#1670 = ( GEOMETRIC_REPRESENTATION_CONTEXT(2) 
PARAMETRIC_REPRESENTATION_CONTEXT() REPRESENTATION_CONTEXT('2D SPACE',''
  ) );
#1671 = PCURVE('',#666,#1672);
#1672 = DEFINITIONAL_REPRESENTATION('',(#1673),#1677);
#1673 = LINE('',#1674,#1675);
#1674 = CARTESIAN_POINT('',(-28.65279124859,14.527002953822));
#1675 = VECTOR('',#1676,1.);
#1676 = DIRECTION('',(0.,-1.));
#1677 = ( GEOMETRIC_REPRESENTATION_CONTEXT(2) 
PARAMETRIC_REPRESENTATION_CONTEXT() REPRESENTATION_CONTEXT('2D SPACE',''
  ) );
#1678 = ORIENTED_EDGE('',*,*,#622,.F.);
#1679 = ORIENTED_EDGE('',*,*,#1680,.T.);
#1680 = EDGE_CURVE('',#595,#1681,#1683,.T.);
#1681 = VERTEX_POINT('',#1682);
#1682 = CARTESIAN_POINT('',(1.2745E+04,384.,25.));
#1683 = SURFACE_CURVE('',#1684,(#1688,#1695),.PCURVE_S1.);
#1684 = LINE('',#1685,#1686);
#1685 = CARTESIAN_POINT('',(1.2745E+04,384.,0.));
#1686 = VECTOR('',#1687,1.);
#1687 = DIRECTION('',(0.,0.,1.));
#1688 = PCURVE('',#638,#1689);
#1689 = DEFINITIONAL_REPRESENTATION('',(#1690),#1694);
#1690 = LINE('',#1691,#1692);
#1691 = CARTESIAN_POINT('',(27.,-191.));
#1692 = VECTOR('',#1693,1.);
#1693 = DIRECTION('',(-1.,0.));
#1694 = ( GEOMETRIC_REPRESENTATION_CONTEXT(2) 
PARAMETRIC_REPRESENTATION_CONTEXT() REPRESENTATION_CONTEXT('2D SPACE',''
  ) );
#1695 = PCURVE('',#1618,#1696);
#1696 = DEFINITIONAL_REPRESENTATION('',(#1697),#1701);
#1697 = LINE('',#1698,#1699);
#1698 = CARTESIAN_POINT('',(373.83883476483,-12.70221886326));
#1699 = VECTOR('',#1700,1.);
#1700 = DIRECTION('',(0.,1.));
#1701 = ( GEOMETRIC_REPRESENTATION_CONTEXT(2) 
PARAMETRIC_REPRESENTATION_CONTEXT() REPRESENTATION_CONTEXT('2D SPACE',''
  ) );
#1702 = ORIENTED_EDGE('',*,*,#1703,.T.);
#1703 = EDGE_CURVE('',#1681,#1634,#1704,.T.);
#1704 = SURFACE_CURVE('',#1705,(#1709,#1716),.PCURVE_S1.);
#1705 = LINE('',#1706,#1707);
#1706 = CARTESIAN_POINT('',(1.2745E+04,195.,25.));
#1707 = VECTOR('',#1708,1.);
#1708 = DIRECTION('',(-0.,1.,0.));
#1709 = PCURVE('',#638,#1710);
#1710 = DEFINITIONAL_REPRESENTATION('',(#1711),#1715);
#1711 = LINE('',#1712,#1713);
#1712 = CARTESIAN_POINT('',(2.,-2.));
#1713 = VECTOR('',#1714,1.);
#1714 = DIRECTION('',(0.,-1.));
#1715 = ( GEOMETRIC_REPRESENTATION_CONTEXT(2) 
PARAMETRIC_REPRESENTATION_CONTEXT() REPRESENTATION_CONTEXT('2D SPACE',''
  ) );
#1716 = PCURVE('',#1717,#1722);
#1717 = PLANE('',#1718);
#1718 = AXIS2_PLACEMENT_3D('',#1719,#1720,#1721);
#1719 = CARTESIAN_POINT('',(1.201E+04,195.,25.));
#1720 = DIRECTION('',(0.,0.,1.));
#1721 = DIRECTION('',(1.,0.,-0.));
#1722 = DEFINITIONAL_REPRESENTATION('',(#1723),#1727);
#1723 = LINE('',#1724,#1725);
#1724 = CARTESIAN_POINT('',(735.,0.));
#1725 = VECTOR('',#1726,1.);
#1726 = DIRECTION('',(0.,1.));
#1727 = ( GEOMETRIC_REPRESENTATION_CONTEXT(2) 
PARAMETRIC_REPRESENTATION_CONTEXT() REPRESENTATION_CONTEXT('2D SPACE',''
  ) );
#1728 = ADVANCED_FACE('',(#1729),#694,.T.);
#1729 = FACE_BOUND('',#1730,.T.);
#1730 = EDGE_LOOP('',(#1731,#1732,#1755,#1783));
#1731 = ORIENTED_EDGE('',*,*,#678,.T.);
#1732 = ORIENTED_EDGE('',*,*,#1733,.T.);
#1733 = EDGE_CURVE('',#651,#1734,#1736,.T.);
#1734 = VERTEX_POINT('',#1735);
#1735 = CARTESIAN_POINT('',(1.2805E+04,407.,0.));
#1736 = SURFACE_CURVE('',#1737,(#1741,#1748),.PCURVE_S1.);
#1737 = LINE('',#1738,#1739);
#1738 = CARTESIAN_POINT('',(1.2795E+04,407.,0.));
#1739 = VECTOR('',#1740,1.);
#1740 = DIRECTION('',(1.,0.,0.));
#1741 = PCURVE('',#694,#1742);
#1742 = DEFINITIONAL_REPRESENTATION('',(#1743),#1747);
#1743 = LINE('',#1744,#1745);
#1744 = CARTESIAN_POINT('',(0.,-214.));
#1745 = VECTOR('',#1746,1.);
#1746 = DIRECTION('',(1.,0.));
#1747 = ( GEOMETRIC_REPRESENTATION_CONTEXT(2) 
PARAMETRIC_REPRESENTATION_CONTEXT() REPRESENTATION_CONTEXT('2D SPACE',''
  ) );
#1748 = PCURVE('',#666,#1749);
#1749 = DEFINITIONAL_REPRESENTATION('',(#1750),#1754);
#1750 = LINE('',#1751,#1752);
#1751 = CARTESIAN_POINT('',(21.347208751402,-12.47299704617));
#1752 = VECTOR('',#1753,1.);
#1753 = DIRECTION('',(1.,0.));
#1754 = ( GEOMETRIC_REPRESENTATION_CONTEXT(2) 
PARAMETRIC_REPRESENTATION_CONTEXT() REPRESENTATION_CONTEXT('2D SPACE',''
  ) );
#1755 = ORIENTED_EDGE('',*,*,#1756,.F.);
#1756 = EDGE_CURVE('',#1757,#1734,#1759,.T.);
#1757 = VERTEX_POINT('',#1758);
#1758 = CARTESIAN_POINT('',(1.2805E+04,193.,0.));
#1759 = SURFACE_CURVE('',#1760,(#1764,#1771),.PCURVE_S1.);
#1760 = LINE('',#1761,#1762);
#1761 = CARTESIAN_POINT('',(1.2805E+04,193.,0.));
#1762 = VECTOR('',#1763,1.);
#1763 = DIRECTION('',(-0.,1.,-0.));
#1764 = PCURVE('',#694,#1765);
#1765 = DEFINITIONAL_REPRESENTATION('',(#1766),#1770);
#1766 = LINE('',#1767,#1768);
#1767 = CARTESIAN_POINT('',(10.,0.));
#1768 = VECTOR('',#1769,1.);
#1769 = DIRECTION('',(0.,-1.));
#1770 = ( GEOMETRIC_REPRESENTATION_CONTEXT(2) 
PARAMETRIC_REPRESENTATION_CONTEXT() REPRESENTATION_CONTEXT('2D SPACE',''
  ) );
#1771 = PCURVE('',#1772,#1777);
#1772 = PLANE('',#1773);
#1773 = AXIS2_PLACEMENT_3D('',#1774,#1775,#1776);
#1774 = CARTESIAN_POINT('',(1.2805E+04,193.,0.));
#1775 = DIRECTION('',(1.,0.,-0.));
#1776 = DIRECTION('',(0.,0.,1.));
#1777 = DEFINITIONAL_REPRESENTATION('',(#1778),#1782);
#1778 = LINE('',#1779,#1780);
#1779 = CARTESIAN_POINT('',(0.,0.));
#1780 = VECTOR('',#1781,1.);
#1781 = DIRECTION('',(0.,-1.));
#1782 = ( GEOMETRIC_REPRESENTATION_CONTEXT(2) 
PARAMETRIC_REPRESENTATION_CONTEXT() REPRESENTATION_CONTEXT('2D SPACE',''
  ) );
#1783 = ORIENTED_EDGE('',*,*,#1784,.F.);
#1784 = EDGE_CURVE('',#679,#1757,#1785,.T.);
#1785 = SURFACE_CURVE('',#1786,(#1790,#1797),.PCURVE_S1.);
#1786 = LINE('',#1787,#1788);
#1787 = CARTESIAN_POINT('',(1.2795E+04,193.,0.));
#1788 = VECTOR('',#1789,1.);
#1789 = DIRECTION('',(1.,0.,0.));
#1790 = PCURVE('',#694,#1791);
#1791 = DEFINITIONAL_REPRESENTATION('',(#1792),#1796);
#1792 = LINE('',#1793,#1794);
#1793 = CARTESIAN_POINT('',(0.,0.));
#1794 = VECTOR('',#1795,1.);
#1795 = DIRECTION('',(1.,0.));
#1796 = ( GEOMETRIC_REPRESENTATION_CONTEXT(2) 
PARAMETRIC_REPRESENTATION_CONTEXT() REPRESENTATION_CONTEXT('2D SPACE',''
  ) );
#1797 = PCURVE('',#720,#1798);
#1798 = DEFINITIONAL_REPRESENTATION('',(#1799),#1803);
#1799 = LINE('',#1800,#1801);
#1800 = CARTESIAN_POINT('',(21.347208751402,-12.47299704617));
#1801 = VECTOR('',#1802,1.);
#1802 = DIRECTION('',(1.,0.));
#1803 = ( GEOMETRIC_REPRESENTATION_CONTEXT(2) 
PARAMETRIC_REPRESENTATION_CONTEXT() REPRESENTATION_CONTEXT('2D SPACE',''
  ) );
#1804 = ADVANCED_FACE('',(#1805),#720,.T.);
#1805 = FACE_BOUND('',#1806,.T.);
#1806 = EDGE_LOOP('',(#1807,#1808,#1829,#1830,#1831,#1832,#1855,#1883,
    #1911,#1939,#1967,#1995,#2023,#2046,#2067,#2068,#2096,#2124));
#1807 = ORIENTED_EDGE('',*,*,#1144,.T.);
#1808 = ORIENTED_EDGE('',*,*,#1809,.T.);
#1809 = EDGE_CURVE('',#1122,#736,#1810,.T.);
#1810 = SURFACE_CURVE('',#1811,(#1815,#1822),.PCURVE_S1.);
#1811 = LINE('',#1812,#1813);
#1812 = CARTESIAN_POINT('',(1.2008E+04,193.,25.));
#1813 = VECTOR('',#1814,1.);
#1814 = DIRECTION('',(1.,0.,0.));
#1815 = PCURVE('',#720,#1816);
#1816 = DEFINITIONAL_REPRESENTATION('',(#1817),#1821);
#1817 = LINE('',#1818,#1819);
#1818 = CARTESIAN_POINT('',(-765.6527912485,12.527002953822));
#1819 = VECTOR('',#1820,1.);
#1820 = DIRECTION('',(1.,0.));
#1821 = ( GEOMETRIC_REPRESENTATION_CONTEXT(2) 
PARAMETRIC_REPRESENTATION_CONTEXT() REPRESENTATION_CONTEXT('2D SPACE',''
  ) );
#1822 = PCURVE('',#774,#1823);
#1823 = DEFINITIONAL_REPRESENTATION('',(#1824),#1828);
#1824 = LINE('',#1825,#1826);
#1825 = CARTESIAN_POINT('',(0.,0.));
#1826 = VECTOR('',#1827,1.);
#1827 = DIRECTION('',(1.,0.));
#1828 = ( GEOMETRIC_REPRESENTATION_CONTEXT(2) 
PARAMETRIC_REPRESENTATION_CONTEXT() REPRESENTATION_CONTEXT('2D SPACE',''
  ) );
#1829 = ORIENTED_EDGE('',*,*,#735,.T.);
#1830 = ORIENTED_EDGE('',*,*,#706,.T.);
#1831 = ORIENTED_EDGE('',*,*,#1784,.T.);
#1832 = ORIENTED_EDGE('',*,*,#1833,.T.);
#1833 = EDGE_CURVE('',#1757,#1834,#1836,.T.);
#1834 = VERTEX_POINT('',#1835);
#1835 = CARTESIAN_POINT('',(1.2805E+04,193.,2.5));
#1836 = SURFACE_CURVE('',#1837,(#1841,#1848),.PCURVE_S1.);
#1837 = LINE('',#1838,#1839);
#1838 = CARTESIAN_POINT('',(1.2805E+04,193.,0.));
#1839 = VECTOR('',#1840,1.);
#1840 = DIRECTION('',(0.,0.,1.));
#1841 = PCURVE('',#720,#1842);
#1842 = DEFINITIONAL_REPRESENTATION('',(#1843),#1847);
#1843 = LINE('',#1844,#1845);
#1844 = CARTESIAN_POINT('',(31.347208751402,-12.47299704617));
#1845 = VECTOR('',#1846,1.);
#1846 = DIRECTION('',(0.,1.));
#1847 = ( GEOMETRIC_REPRESENTATION_CONTEXT(2) 
PARAMETRIC_REPRESENTATION_CONTEXT() REPRESENTATION_CONTEXT('2D SPACE',''
  ) );
#1848 = PCURVE('',#1772,#1849);
#1849 = DEFINITIONAL_REPRESENTATION('',(#1850),#1854);
#1850 = LINE('',#1851,#1852);
#1851 = CARTESIAN_POINT('',(0.,0.));
#1852 = VECTOR('',#1853,1.);
#1853 = DIRECTION('',(1.,0.));
#1854 = ( GEOMETRIC_REPRESENTATION_CONTEXT(2) 
PARAMETRIC_REPRESENTATION_CONTEXT() REPRESENTATION_CONTEXT('2D SPACE',''
  ) );
#1855 = ORIENTED_EDGE('',*,*,#1856,.T.);
#1856 = EDGE_CURVE('',#1834,#1857,#1859,.T.);
#1857 = VERTEX_POINT('',#1858);
#1858 = CARTESIAN_POINT('',(1.2753E+04,193.,27.));
#1859 = SURFACE_CURVE('',#1860,(#1864,#1871),.PCURVE_S1.);
#1860 = LINE('',#1861,#1862);
#1861 = CARTESIAN_POINT('',(1.2805E+04,193.,2.5));
#1862 = VECTOR('',#1863,1.);
#1863 = DIRECTION('',(-0.904621476998,0.,0.426215888201));
#1864 = PCURVE('',#720,#1865);
#1865 = DEFINITIONAL_REPRESENTATION('',(#1866),#1870);
#1866 = LINE('',#1867,#1868);
#1867 = CARTESIAN_POINT('',(31.347208751402,-9.972997046178));
#1868 = VECTOR('',#1869,1.);
#1869 = DIRECTION('',(-0.904621476998,0.426215888201));
#1870 = ( GEOMETRIC_REPRESENTATION_CONTEXT(2) 
PARAMETRIC_REPRESENTATION_CONTEXT() REPRESENTATION_CONTEXT('2D SPACE',''
  ) );
#1871 = PCURVE('',#1872,#1877);
#1872 = PLANE('',#1873);
#1873 = AXIS2_PLACEMENT_3D('',#1874,#1875,#1876);
#1874 = CARTESIAN_POINT('',(1.2805E+04,193.,2.5));
#1875 = DIRECTION('',(0.426215888201,0.,0.904621476998));
#1876 = DIRECTION('',(-0.904621476998,0.,0.426215888201));
#1877 = DEFINITIONAL_REPRESENTATION('',(#1878),#1882);
#1878 = LINE('',#1879,#1880);
#1879 = CARTESIAN_POINT('',(0.,0.));
#1880 = VECTOR('',#1881,1.);
#1881 = DIRECTION('',(1.,0.));
#1882 = ( GEOMETRIC_REPRESENTATION_CONTEXT(2) 
PARAMETRIC_REPRESENTATION_CONTEXT() REPRESENTATION_CONTEXT('2D SPACE',''
  ) );
#1883 = ORIENTED_EDGE('',*,*,#1884,.T.);
#1884 = EDGE_CURVE('',#1857,#1885,#1887,.T.);
#1885 = VERTEX_POINT('',#1886);
#1886 = CARTESIAN_POINT('',(1.2745E+04,193.,27.));
#1887 = SURFACE_CURVE('',#1888,(#1892,#1899),.PCURVE_S1.);
#1888 = LINE('',#1889,#1890);
#1889 = CARTESIAN_POINT('',(1.2753E+04,193.,27.));
#1890 = VECTOR('',#1891,1.);
#1891 = DIRECTION('',(-1.,0.,0.));
#1892 = PCURVE('',#720,#1893);
#1893 = DEFINITIONAL_REPRESENTATION('',(#1894),#1898);
#1894 = LINE('',#1895,#1896);
#1895 = CARTESIAN_POINT('',(-20.65279124859,14.527002953822));
#1896 = VECTOR('',#1897,1.);
#1897 = DIRECTION('',(-1.,0.));
#1898 = ( GEOMETRIC_REPRESENTATION_CONTEXT(2) 
PARAMETRIC_REPRESENTATION_CONTEXT() REPRESENTATION_CONTEXT('2D SPACE',''
  ) );
#1899 = PCURVE('',#1900,#1905);
#1900 = PLANE('',#1901);
#1901 = AXIS2_PLACEMENT_3D('',#1902,#1903,#1904);
#1902 = CARTESIAN_POINT('',(1.2753E+04,193.,27.));
#1903 = DIRECTION('',(0.,0.,1.));
#1904 = DIRECTION('',(-1.,0.,0.));
#1905 = DEFINITIONAL_REPRESENTATION('',(#1906),#1910);
#1906 = LINE('',#1907,#1908);
#1907 = CARTESIAN_POINT('',(0.,0.));
#1908 = VECTOR('',#1909,1.);
#1909 = DIRECTION('',(1.,0.));
#1910 = ( GEOMETRIC_REPRESENTATION_CONTEXT(2) 
PARAMETRIC_REPRESENTATION_CONTEXT() REPRESENTATION_CONTEXT('2D SPACE',''
  ) );
#1911 = ORIENTED_EDGE('',*,*,#1912,.T.);
#1912 = EDGE_CURVE('',#1885,#1913,#1915,.T.);
#1913 = VERTEX_POINT('',#1914);
#1914 = CARTESIAN_POINT('',(1.2745E+04,193.,40.));
#1915 = SURFACE_CURVE('',#1916,(#1920,#1927),.PCURVE_S1.);
#1916 = LINE('',#1917,#1918);
#1917 = CARTESIAN_POINT('',(1.2745E+04,193.,25.));
#1918 = VECTOR('',#1919,1.);
#1919 = DIRECTION('',(0.,0.,1.));
#1920 = PCURVE('',#720,#1921);
#1921 = DEFINITIONAL_REPRESENTATION('',(#1922),#1926);
#1922 = LINE('',#1923,#1924);
#1923 = CARTESIAN_POINT('',(-28.65279124859,12.527002953822));
#1924 = VECTOR('',#1925,1.);
#1925 = DIRECTION('',(0.,1.));
#1926 = ( GEOMETRIC_REPRESENTATION_CONTEXT(2) 
PARAMETRIC_REPRESENTATION_CONTEXT() REPRESENTATION_CONTEXT('2D SPACE',''
  ) );
#1927 = PCURVE('',#1928,#1933);
#1928 = PLANE('',#1929);
#1929 = AXIS2_PLACEMENT_3D('',#1930,#1931,#1932);
#1930 = CARTESIAN_POINT('',(1.2745E+04,216.,0.));
#1931 = DIRECTION('',(1.,0.,-0.));
#1932 = DIRECTION('',(0.,0.,1.));
#1933 = DEFINITIONAL_REPRESENTATION('',(#1934),#1938);
#1934 = LINE('',#1935,#1936);
#1935 = CARTESIAN_POINT('',(25.,23.));
#1936 = VECTOR('',#1937,1.);
#1937 = DIRECTION('',(1.,0.));
#1938 = ( GEOMETRIC_REPRESENTATION_CONTEXT(2) 
PARAMETRIC_REPRESENTATION_CONTEXT() REPRESENTATION_CONTEXT('2D SPACE',''
  ) );
#1939 = ORIENTED_EDGE('',*,*,#1940,.F.);
#1940 = EDGE_CURVE('',#1941,#1913,#1943,.T.);
#1941 = VERTEX_POINT('',#1942);
#1942 = CARTESIAN_POINT('',(1.2685E+04,193.,40.));
#1943 = SURFACE_CURVE('',#1944,(#1948,#1955),.PCURVE_S1.);
#1944 = LINE('',#1945,#1946);
#1945 = CARTESIAN_POINT('',(1.2685E+04,193.,40.));
#1946 = VECTOR('',#1947,1.);
#1947 = DIRECTION('',(1.,0.,0.));
#1948 = PCURVE('',#720,#1949);
#1949 = DEFINITIONAL_REPRESENTATION('',(#1950),#1954);
#1950 = LINE('',#1951,#1952);
#1951 = CARTESIAN_POINT('',(-88.65279124859,27.527002953822));
#1952 = VECTOR('',#1953,1.);
#1953 = DIRECTION('',(1.,0.));
#1954 = ( GEOMETRIC_REPRESENTATION_CONTEXT(2) 
PARAMETRIC_REPRESENTATION_CONTEXT() REPRESENTATION_CONTEXT('2D SPACE',''
  ) );
#1955 = PCURVE('',#1956,#1961);
#1956 = PLANE('',#1957);
#1957 = AXIS2_PLACEMENT_3D('',#1958,#1959,#1960);
#1958 = CARTESIAN_POINT('',(1.2685E+04,183.,40.));
#1959 = DIRECTION('',(0.,0.,-1.));
#1960 = DIRECTION('',(1.,0.,0.));
#1961 = DEFINITIONAL_REPRESENTATION('',(#1962),#1966);
#1962 = LINE('',#1963,#1964);
#1963 = CARTESIAN_POINT('',(0.,-10.));
#1964 = VECTOR('',#1965,1.);
#1965 = DIRECTION('',(1.,0.));
#1966 = ( GEOMETRIC_REPRESENTATION_CONTEXT(2) 
PARAMETRIC_REPRESENTATION_CONTEXT() REPRESENTATION_CONTEXT('2D SPACE',''
  ) );
#1967 = ORIENTED_EDGE('',*,*,#1968,.F.);
#1968 = EDGE_CURVE('',#1969,#1941,#1971,.T.);
#1969 = VERTEX_POINT('',#1970);
#1970 = CARTESIAN_POINT('',(1.2685E+04,193.,110.));
#1971 = SURFACE_CURVE('',#1972,(#1976,#1983),.PCURVE_S1.);
#1972 = LINE('',#1973,#1974);
#1973 = CARTESIAN_POINT('',(1.2685E+04,193.,110.));
#1974 = VECTOR('',#1975,1.);
#1975 = DIRECTION('',(0.,0.,-1.));
#1976 = PCURVE('',#720,#1977);
#1977 = DEFINITIONAL_REPRESENTATION('',(#1978),#1982);
#1978 = LINE('',#1979,#1980);
#1979 = CARTESIAN_POINT('',(-88.65279124859,97.527002953822));
#1980 = VECTOR('',#1981,1.);
#1981 = DIRECTION('',(0.,-1.));
#1982 = ( GEOMETRIC_REPRESENTATION_CONTEXT(2) 
PARAMETRIC_REPRESENTATION_CONTEXT() REPRESENTATION_CONTEXT('2D SPACE',''
  ) );
#1983 = PCURVE('',#1984,#1989);
#1984 = PLANE('',#1985);
#1985 = AXIS2_PLACEMENT_3D('',#1986,#1987,#1988);
#1986 = CARTESIAN_POINT('',(1.2685E+04,183.,110.));
#1987 = DIRECTION('',(-1.,-0.,-0.));
#1988 = DIRECTION('',(0.,0.,-1.));
#1989 = DEFINITIONAL_REPRESENTATION('',(#1990),#1994);
#1990 = LINE('',#1991,#1992);
#1991 = CARTESIAN_POINT('',(0.,-10.));
#1992 = VECTOR('',#1993,1.);
#1993 = DIRECTION('',(1.,0.));
#1994 = ( GEOMETRIC_REPRESENTATION_CONTEXT(2) 
PARAMETRIC_REPRESENTATION_CONTEXT() REPRESENTATION_CONTEXT('2D SPACE',''
  ) );
#1995 = ORIENTED_EDGE('',*,*,#1996,.F.);
#1996 = EDGE_CURVE('',#1997,#1969,#1999,.T.);
#1997 = VERTEX_POINT('',#1998);
#1998 = CARTESIAN_POINT('',(1.2745E+04,193.,110.));
#1999 = SURFACE_CURVE('',#2000,(#2004,#2011),.PCURVE_S1.);
#2000 = LINE('',#2001,#2002);
#2001 = CARTESIAN_POINT('',(1.2785E+04,193.,110.));
#2002 = VECTOR('',#2003,1.);
#2003 = DIRECTION('',(-1.,0.,0.));
#2004 = PCURVE('',#720,#2005);
#2005 = DEFINITIONAL_REPRESENTATION('',(#2006),#2010);
#2006 = LINE('',#2007,#2008);
#2007 = CARTESIAN_POINT('',(11.347208751402,97.527002953822));
#2008 = VECTOR('',#2009,1.);
#2009 = DIRECTION('',(-1.,0.));
#2010 = ( GEOMETRIC_REPRESENTATION_CONTEXT(2) 
PARAMETRIC_REPRESENTATION_CONTEXT() REPRESENTATION_CONTEXT('2D SPACE',''
  ) );
#2011 = PCURVE('',#2012,#2017);
#2012 = PLANE('',#2013);
#2013 = AXIS2_PLACEMENT_3D('',#2014,#2015,#2016);
#2014 = CARTESIAN_POINT('',(1.2785E+04,183.,110.));
#2015 = DIRECTION('',(0.,0.,1.));
#2016 = DIRECTION('',(-1.,0.,0.));
#2017 = DEFINITIONAL_REPRESENTATION('',(#2018),#2022);
#2018 = LINE('',#2019,#2020);
#2019 = CARTESIAN_POINT('',(0.,-10.));
#2020 = VECTOR('',#2021,1.);
#2021 = DIRECTION('',(1.,0.));
#2022 = ( GEOMETRIC_REPRESENTATION_CONTEXT(2) 
PARAMETRIC_REPRESENTATION_CONTEXT() REPRESENTATION_CONTEXT('2D SPACE',''
  ) );
#2023 = ORIENTED_EDGE('',*,*,#2024,.T.);
#2024 = EDGE_CURVE('',#1997,#2025,#2027,.T.);
#2025 = VERTEX_POINT('',#2026);
#2026 = CARTESIAN_POINT('',(1.2745E+04,193.,305.));
#2027 = SURFACE_CURVE('',#2028,(#2032,#2039),.PCURVE_S1.);
#2028 = LINE('',#2029,#2030);
#2029 = CARTESIAN_POINT('',(1.2745E+04,193.,25.));
#2030 = VECTOR('',#2031,1.);
#2031 = DIRECTION('',(0.,0.,1.));
#2032 = PCURVE('',#720,#2033);
#2033 = DEFINITIONAL_REPRESENTATION('',(#2034),#2038);
#2034 = LINE('',#2035,#2036);
#2035 = CARTESIAN_POINT('',(-28.65279124859,12.527002953822));
#2036 = VECTOR('',#2037,1.);
#2037 = DIRECTION('',(0.,1.));
#2038 = ( GEOMETRIC_REPRESENTATION_CONTEXT(2) 
PARAMETRIC_REPRESENTATION_CONTEXT() REPRESENTATION_CONTEXT('2D SPACE',''
  ) );
#2039 = PCURVE('',#1928,#2040);
#2040 = DEFINITIONAL_REPRESENTATION('',(#2041),#2045);
#2041 = LINE('',#2042,#2043);
#2042 = CARTESIAN_POINT('',(25.,23.));
#2043 = VECTOR('',#2044,1.);
#2044 = DIRECTION('',(1.,0.));
#2045 = ( GEOMETRIC_REPRESENTATION_CONTEXT(2) 
PARAMETRIC_REPRESENTATION_CONTEXT() REPRESENTATION_CONTEXT('2D SPACE',''
  ) );
#2046 = ORIENTED_EDGE('',*,*,#2047,.T.);
#2047 = EDGE_CURVE('',#2025,#1196,#2048,.T.);
#2048 = SURFACE_CURVE('',#2049,(#2053,#2060),.PCURVE_S1.);
#2049 = LINE('',#2050,#2051);
#2050 = CARTESIAN_POINT('',(1.2745E+04,193.,305.));
#2051 = VECTOR('',#2052,1.);
#2052 = DIRECTION('',(-1.,0.,0.));
#2053 = PCURVE('',#720,#2054);
#2054 = DEFINITIONAL_REPRESENTATION('',(#2055),#2059);
#2055 = LINE('',#2056,#2057);
#2056 = CARTESIAN_POINT('',(-28.65279124859,292.52700295382));
#2057 = VECTOR('',#2058,1.);
#2058 = DIRECTION('',(-1.,0.));
#2059 = ( GEOMETRIC_REPRESENTATION_CONTEXT(2) 
PARAMETRIC_REPRESENTATION_CONTEXT() REPRESENTATION_CONTEXT('2D SPACE',''
  ) );
#2060 = PCURVE('',#1234,#2061);
#2061 = DEFINITIONAL_REPRESENTATION('',(#2062),#2066);
#2062 = LINE('',#2063,#2064);
#2063 = CARTESIAN_POINT('',(0.,0.));
#2064 = VECTOR('',#2065,1.);
#2065 = DIRECTION('',(1.,0.));
#2066 = ( GEOMETRIC_REPRESENTATION_CONTEXT(2) 
PARAMETRIC_REPRESENTATION_CONTEXT() REPRESENTATION_CONTEXT('2D SPACE',''
  ) );
#2067 = ORIENTED_EDGE('',*,*,#1195,.T.);
#2068 = ORIENTED_EDGE('',*,*,#2069,.F.);
#2069 = EDGE_CURVE('',#2070,#1168,#2072,.T.);
#2070 = VERTEX_POINT('',#2071);
#2071 = CARTESIAN_POINT('',(1.204E+04,193.,110.));
#2072 = SURFACE_CURVE('',#2073,(#2077,#2084),.PCURVE_S1.);
#2073 = LINE('',#2074,#2075);
#2074 = CARTESIAN_POINT('',(1.204E+04,193.,110.));
#2075 = VECTOR('',#2076,1.);
#2076 = DIRECTION('',(-1.,0.,0.));
#2077 = PCURVE('',#720,#2078);
#2078 = DEFINITIONAL_REPRESENTATION('',(#2079),#2083);
#2079 = LINE('',#2080,#2081);
#2080 = CARTESIAN_POINT('',(-733.6527912485,97.527002953822));
#2081 = VECTOR('',#2082,1.);
#2082 = DIRECTION('',(-1.,0.));
#2083 = ( GEOMETRIC_REPRESENTATION_CONTEXT(2) 
PARAMETRIC_REPRESENTATION_CONTEXT() REPRESENTATION_CONTEXT('2D SPACE',''
  ) );
#2084 = PCURVE('',#2085,#2090);
#2085 = PLANE('',#2086);
#2086 = AXIS2_PLACEMENT_3D('',#2087,#2088,#2089);
#2087 = CARTESIAN_POINT('',(1.204E+04,183.,110.));
#2088 = DIRECTION('',(0.,0.,1.));
#2089 = DIRECTION('',(-1.,0.,0.));
#2090 = DEFINITIONAL_REPRESENTATION('',(#2091),#2095);
#2091 = LINE('',#2092,#2093);
#2092 = CARTESIAN_POINT('',(0.,-10.));
#2093 = VECTOR('',#2094,1.);
#2094 = DIRECTION('',(1.,0.));
#2095 = ( GEOMETRIC_REPRESENTATION_CONTEXT(2) 
PARAMETRIC_REPRESENTATION_CONTEXT() REPRESENTATION_CONTEXT('2D SPACE',''
  ) );
#2096 = ORIENTED_EDGE('',*,*,#2097,.F.);
#2097 = EDGE_CURVE('',#2098,#2070,#2100,.T.);
#2098 = VERTEX_POINT('',#2099);
#2099 = CARTESIAN_POINT('',(1.204E+04,193.,40.));
#2100 = SURFACE_CURVE('',#2101,(#2105,#2112),.PCURVE_S1.);
#2101 = LINE('',#2102,#2103);
#2102 = CARTESIAN_POINT('',(1.204E+04,193.,40.));
#2103 = VECTOR('',#2104,1.);
#2104 = DIRECTION('',(0.,0.,1.));
#2105 = PCURVE('',#720,#2106);
#2106 = DEFINITIONAL_REPRESENTATION('',(#2107),#2111);
#2107 = LINE('',#2108,#2109);
#2108 = CARTESIAN_POINT('',(-733.6527912485,27.527002953822));
#2109 = VECTOR('',#2110,1.);
#2110 = DIRECTION('',(0.,1.));
#2111 = ( GEOMETRIC_REPRESENTATION_CONTEXT(2) 
PARAMETRIC_REPRESENTATION_CONTEXT() REPRESENTATION_CONTEXT('2D SPACE',''
  ) );
#2112 = PCURVE('',#2113,#2118);
#2113 = PLANE('',#2114);
#2114 = AXIS2_PLACEMENT_3D('',#2115,#2116,#2117);
#2115 = CARTESIAN_POINT('',(1.204E+04,183.,40.));
#2116 = DIRECTION('',(1.,0.,-0.));
#2117 = DIRECTION('',(0.,0.,1.));
#2118 = DEFINITIONAL_REPRESENTATION('',(#2119),#2123);
#2119 = LINE('',#2120,#2121);
#2120 = CARTESIAN_POINT('',(0.,-10.));
#2121 = VECTOR('',#2122,1.);
#2122 = DIRECTION('',(1.,0.));
#2123 = ( GEOMETRIC_REPRESENTATION_CONTEXT(2) 
PARAMETRIC_REPRESENTATION_CONTEXT() REPRESENTATION_CONTEXT('2D SPACE',''
  ) );
#2124 = ORIENTED_EDGE('',*,*,#2125,.F.);
#2125 = EDGE_CURVE('',#1145,#2098,#2126,.T.);
#2126 = SURFACE_CURVE('',#2127,(#2131,#2138),.PCURVE_S1.);
#2127 = LINE('',#2128,#2129);
#2128 = CARTESIAN_POINT('',(1.1925E+04,193.,40.));
#2129 = VECTOR('',#2130,1.);
#2130 = DIRECTION('',(1.,0.,0.));
#2131 = PCURVE('',#720,#2132);
#2132 = DEFINITIONAL_REPRESENTATION('',(#2133),#2137);
#2133 = LINE('',#2134,#2135);
#2134 = CARTESIAN_POINT('',(-848.6527912485,27.527002953822));
#2135 = VECTOR('',#2136,1.);
#2136 = DIRECTION('',(1.,0.));
#2137 = ( GEOMETRIC_REPRESENTATION_CONTEXT(2) 
PARAMETRIC_REPRESENTATION_CONTEXT() REPRESENTATION_CONTEXT('2D SPACE',''
  ) );
#2138 = PCURVE('',#2139,#2144);
#2139 = PLANE('',#2140);
#2140 = AXIS2_PLACEMENT_3D('',#2141,#2142,#2143);
#2141 = CARTESIAN_POINT('',(1.1925E+04,183.,40.));
#2142 = DIRECTION('',(0.,0.,-1.));
#2143 = DIRECTION('',(1.,0.,0.));
#2144 = DEFINITIONAL_REPRESENTATION('',(#2145),#2149);
#2145 = LINE('',#2146,#2147);
#2146 = CARTESIAN_POINT('',(0.,-10.));
#2147 = VECTOR('',#2148,1.);
#2148 = DIRECTION('',(1.,0.));
#2149 = ( GEOMETRIC_REPRESENTATION_CONTEXT(2) 
PARAMETRIC_REPRESENTATION_CONTEXT() REPRESENTATION_CONTEXT('2D SPACE',''
  ) );
#2150 = ADVANCED_FACE('',(#2151),#666,.F.);
#2151 = FACE_BOUND('',#2152,.F.);
#2152 = EDGE_LOOP('',(#2153,#2154,#2175,#2176,#2177,#2178,#2201,#2224,
    #2247,#2275,#2303,#2331,#2359,#2382,#2403,#2404,#2432,#2460));
#2153 = ORIENTED_EDGE('',*,*,#1297,.T.);
#2154 = ORIENTED_EDGE('',*,*,#2155,.T.);
#2155 = EDGE_CURVE('',#1298,#1636,#2156,.T.);
#2156 = SURFACE_CURVE('',#2157,(#2161,#2168),.PCURVE_S1.);
#2157 = LINE('',#2158,#2159);
#2158 = CARTESIAN_POINT('',(1.2008E+04,407.,25.));
#2159 = VECTOR('',#2160,1.);
#2160 = DIRECTION('',(1.,0.,0.));
#2161 = PCURVE('',#666,#2162);
#2162 = DEFINITIONAL_REPRESENTATION('',(#2163),#2167);
#2163 = LINE('',#2164,#2165);
#2164 = CARTESIAN_POINT('',(-765.6527912485,12.527002953822));
#2165 = VECTOR('',#2166,1.);
#2166 = DIRECTION('',(1.,0.));
#2167 = ( GEOMETRIC_REPRESENTATION_CONTEXT(2) 
PARAMETRIC_REPRESENTATION_CONTEXT() REPRESENTATION_CONTEXT('2D SPACE',''
  ) );
#2168 = PCURVE('',#1334,#2169);
#2169 = DEFINITIONAL_REPRESENTATION('',(#2170),#2174);
#2170 = LINE('',#2171,#2172);
#2171 = CARTESIAN_POINT('',(0.,-2.));
#2172 = VECTOR('',#2173,1.);
#2173 = DIRECTION('',(1.,0.));
#2174 = ( GEOMETRIC_REPRESENTATION_CONTEXT(2) 
PARAMETRIC_REPRESENTATION_CONTEXT() REPRESENTATION_CONTEXT('2D SPACE',''
  ) );
#2175 = ORIENTED_EDGE('',*,*,#1658,.T.);
#2176 = ORIENTED_EDGE('',*,*,#650,.T.);
#2177 = ORIENTED_EDGE('',*,*,#1733,.T.);
#2178 = ORIENTED_EDGE('',*,*,#2179,.T.);
#2179 = EDGE_CURVE('',#1734,#2180,#2182,.T.);
#2180 = VERTEX_POINT('',#2181);
#2181 = CARTESIAN_POINT('',(1.2805E+04,407.,2.5));
#2182 = SURFACE_CURVE('',#2183,(#2187,#2194),.PCURVE_S1.);
#2183 = LINE('',#2184,#2185);
#2184 = CARTESIAN_POINT('',(1.2805E+04,407.,0.));
#2185 = VECTOR('',#2186,1.);
#2186 = DIRECTION('',(0.,0.,1.));
#2187 = PCURVE('',#666,#2188);
#2188 = DEFINITIONAL_REPRESENTATION('',(#2189),#2193);
#2189 = LINE('',#2190,#2191);
#2190 = CARTESIAN_POINT('',(31.347208751402,-12.47299704617));
#2191 = VECTOR('',#2192,1.);
#2192 = DIRECTION('',(0.,1.));
#2193 = ( GEOMETRIC_REPRESENTATION_CONTEXT(2) 
PARAMETRIC_REPRESENTATION_CONTEXT() REPRESENTATION_CONTEXT('2D SPACE',''
  ) );
#2194 = PCURVE('',#1772,#2195);
#2195 = DEFINITIONAL_REPRESENTATION('',(#2196),#2200);
#2196 = LINE('',#2197,#2198);
#2197 = CARTESIAN_POINT('',(0.,-214.));
#2198 = VECTOR('',#2199,1.);
#2199 = DIRECTION('',(1.,0.));
#2200 = ( GEOMETRIC_REPRESENTATION_CONTEXT(2) 
PARAMETRIC_REPRESENTATION_CONTEXT() REPRESENTATION_CONTEXT('2D SPACE',''
  ) );
#2201 = ORIENTED_EDGE('',*,*,#2202,.T.);
#2202 = EDGE_CURVE('',#2180,#2203,#2205,.T.);
#2203 = VERTEX_POINT('',#2204);
#2204 = CARTESIAN_POINT('',(1.2753E+04,407.,27.));
#2205 = SURFACE_CURVE('',#2206,(#2210,#2217),.PCURVE_S1.);
#2206 = LINE('',#2207,#2208);
#2207 = CARTESIAN_POINT('',(1.2805E+04,407.,2.5));
#2208 = VECTOR('',#2209,1.);
#2209 = DIRECTION('',(-0.904621476998,0.,0.426215888201));
#2210 = PCURVE('',#666,#2211);
#2211 = DEFINITIONAL_REPRESENTATION('',(#2212),#2216);
#2212 = LINE('',#2213,#2214);
#2213 = CARTESIAN_POINT('',(31.347208751402,-9.972997046178));
#2214 = VECTOR('',#2215,1.);
#2215 = DIRECTION('',(-0.904621476998,0.426215888201));
#2216 = ( GEOMETRIC_REPRESENTATION_CONTEXT(2) 
PARAMETRIC_REPRESENTATION_CONTEXT() REPRESENTATION_CONTEXT('2D SPACE',''
  ) );
#2217 = PCURVE('',#1872,#2218);
#2218 = DEFINITIONAL_REPRESENTATION('',(#2219),#2223);
#2219 = LINE('',#2220,#2221);
#2220 = CARTESIAN_POINT('',(0.,-214.));
#2221 = VECTOR('',#2222,1.);
#2222 = DIRECTION('',(1.,0.));
#2223 = ( GEOMETRIC_REPRESENTATION_CONTEXT(2) 
PARAMETRIC_REPRESENTATION_CONTEXT() REPRESENTATION_CONTEXT('2D SPACE',''
  ) );
#2224 = ORIENTED_EDGE('',*,*,#2225,.T.);
#2225 = EDGE_CURVE('',#2203,#2226,#2228,.T.);
#2226 = VERTEX_POINT('',#2227);
#2227 = CARTESIAN_POINT('',(1.2745E+04,407.,27.));
#2228 = SURFACE_CURVE('',#2229,(#2233,#2240),.PCURVE_S1.);
#2229 = LINE('',#2230,#2231);
#2230 = CARTESIAN_POINT('',(1.2753E+04,407.,27.));
#2231 = VECTOR('',#2232,1.);
#2232 = DIRECTION('',(-1.,0.,0.));
#2233 = PCURVE('',#666,#2234);
#2234 = DEFINITIONAL_REPRESENTATION('',(#2235),#2239);
#2235 = LINE('',#2236,#2237);
#2236 = CARTESIAN_POINT('',(-20.65279124859,14.527002953822));
#2237 = VECTOR('',#2238,1.);
#2238 = DIRECTION('',(-1.,0.));
#2239 = ( GEOMETRIC_REPRESENTATION_CONTEXT(2) 
PARAMETRIC_REPRESENTATION_CONTEXT() REPRESENTATION_CONTEXT('2D SPACE',''
  ) );
#2240 = PCURVE('',#1900,#2241);
#2241 = DEFINITIONAL_REPRESENTATION('',(#2242),#2246);
#2242 = LINE('',#2243,#2244);
#2243 = CARTESIAN_POINT('',(0.,-214.));
#2244 = VECTOR('',#2245,1.);
#2245 = DIRECTION('',(1.,0.));
#2246 = ( GEOMETRIC_REPRESENTATION_CONTEXT(2) 
PARAMETRIC_REPRESENTATION_CONTEXT() REPRESENTATION_CONTEXT('2D SPACE',''
  ) );
#2247 = ORIENTED_EDGE('',*,*,#2248,.T.);
#2248 = EDGE_CURVE('',#2226,#2249,#2251,.T.);
#2249 = VERTEX_POINT('',#2250);
#2250 = CARTESIAN_POINT('',(1.2745E+04,407.,40.));
#2251 = SURFACE_CURVE('',#2252,(#2256,#2263),.PCURVE_S1.);
#2252 = LINE('',#2253,#2254);
#2253 = CARTESIAN_POINT('',(1.2745E+04,407.,25.));
#2254 = VECTOR('',#2255,1.);
#2255 = DIRECTION('',(0.,0.,1.));
#2256 = PCURVE('',#666,#2257);
#2257 = DEFINITIONAL_REPRESENTATION('',(#2258),#2262);
#2258 = LINE('',#2259,#2260);
#2259 = CARTESIAN_POINT('',(-28.65279124859,12.527002953822));
#2260 = VECTOR('',#2261,1.);
#2261 = DIRECTION('',(0.,1.));
#2262 = ( GEOMETRIC_REPRESENTATION_CONTEXT(2) 
PARAMETRIC_REPRESENTATION_CONTEXT() REPRESENTATION_CONTEXT('2D SPACE',''
  ) );
#2263 = PCURVE('',#2264,#2269);
#2264 = PLANE('',#2265);
#2265 = AXIS2_PLACEMENT_3D('',#2266,#2267,#2268);
#2266 = CARTESIAN_POINT('',(1.2745E+04,216.,0.));
#2267 = DIRECTION('',(1.,0.,-0.));
#2268 = DIRECTION('',(0.,0.,1.));
#2269 = DEFINITIONAL_REPRESENTATION('',(#2270),#2274);
#2270 = LINE('',#2271,#2272);
#2271 = CARTESIAN_POINT('',(25.,-191.));
#2272 = VECTOR('',#2273,1.);
#2273 = DIRECTION('',(1.,0.));
#2274 = ( GEOMETRIC_REPRESENTATION_CONTEXT(2) 
PARAMETRIC_REPRESENTATION_CONTEXT() REPRESENTATION_CONTEXT('2D SPACE',''
  ) );
#2275 = ORIENTED_EDGE('',*,*,#2276,.F.);
#2276 = EDGE_CURVE('',#2277,#2249,#2279,.T.);
#2277 = VERTEX_POINT('',#2278);
#2278 = CARTESIAN_POINT('',(1.2685E+04,407.,40.));
#2279 = SURFACE_CURVE('',#2280,(#2284,#2291),.PCURVE_S1.);
#2280 = LINE('',#2281,#2282);
#2281 = CARTESIAN_POINT('',(1.2685E+04,407.,40.));
#2282 = VECTOR('',#2283,1.);
#2283 = DIRECTION('',(1.,0.,0.));
#2284 = PCURVE('',#666,#2285);
#2285 = DEFINITIONAL_REPRESENTATION('',(#2286),#2290);
#2286 = LINE('',#2287,#2288);
#2287 = CARTESIAN_POINT('',(-88.65279124859,27.527002953822));
#2288 = VECTOR('',#2289,1.);
#2289 = DIRECTION('',(1.,0.));
#2290 = ( GEOMETRIC_REPRESENTATION_CONTEXT(2) 
PARAMETRIC_REPRESENTATION_CONTEXT() REPRESENTATION_CONTEXT('2D SPACE',''
  ) );
#2291 = PCURVE('',#2292,#2297);
#2292 = PLANE('',#2293);
#2293 = AXIS2_PLACEMENT_3D('',#2294,#2295,#2296);
#2294 = CARTESIAN_POINT('',(1.2685E+04,407.,40.));
#2295 = DIRECTION('',(0.,0.,-1.));
#2296 = DIRECTION('',(1.,0.,0.));
#2297 = DEFINITIONAL_REPRESENTATION('',(#2298),#2302);
#2298 = LINE('',#2299,#2300);
#2299 = CARTESIAN_POINT('',(0.,0.));
#2300 = VECTOR('',#2301,1.);
#2301 = DIRECTION('',(1.,0.));
#2302 = ( GEOMETRIC_REPRESENTATION_CONTEXT(2) 
PARAMETRIC_REPRESENTATION_CONTEXT() REPRESENTATION_CONTEXT('2D SPACE',''
  ) );
#2303 = ORIENTED_EDGE('',*,*,#2304,.F.);
#2304 = EDGE_CURVE('',#2305,#2277,#2307,.T.);
#2305 = VERTEX_POINT('',#2306);
#2306 = CARTESIAN_POINT('',(1.2685E+04,407.,110.));
#2307 = SURFACE_CURVE('',#2308,(#2312,#2319),.PCURVE_S1.);
#2308 = LINE('',#2309,#2310);
#2309 = CARTESIAN_POINT('',(1.2685E+04,407.,110.));
#2310 = VECTOR('',#2311,1.);
#2311 = DIRECTION('',(0.,0.,-1.));
#2312 = PCURVE('',#666,#2313);
#2313 = DEFINITIONAL_REPRESENTATION('',(#2314),#2318);
#2314 = LINE('',#2315,#2316);
#2315 = CARTESIAN_POINT('',(-88.65279124859,97.527002953822));
#2316 = VECTOR('',#2317,1.);
#2317 = DIRECTION('',(0.,-1.));
#2318 = ( GEOMETRIC_REPRESENTATION_CONTEXT(2) 
PARAMETRIC_REPRESENTATION_CONTEXT() REPRESENTATION_CONTEXT('2D SPACE',''
  ) );
#2319 = PCURVE('',#2320,#2325);
#2320 = PLANE('',#2321);
#2321 = AXIS2_PLACEMENT_3D('',#2322,#2323,#2324);
#2322 = CARTESIAN_POINT('',(1.2685E+04,407.,110.));
#2323 = DIRECTION('',(-1.,-0.,-0.));
#2324 = DIRECTION('',(0.,0.,-1.));
#2325 = DEFINITIONAL_REPRESENTATION('',(#2326),#2330);
#2326 = LINE('',#2327,#2328);
#2327 = CARTESIAN_POINT('',(0.,0.));
#2328 = VECTOR('',#2329,1.);
#2329 = DIRECTION('',(1.,0.));
#2330 = ( GEOMETRIC_REPRESENTATION_CONTEXT(2) 
PARAMETRIC_REPRESENTATION_CONTEXT() REPRESENTATION_CONTEXT('2D SPACE',''
  ) );
#2331 = ORIENTED_EDGE('',*,*,#2332,.F.);
#2332 = EDGE_CURVE('',#2333,#2305,#2335,.T.);
#2333 = VERTEX_POINT('',#2334);
#2334 = CARTESIAN_POINT('',(1.2745E+04,407.,110.));
#2335 = SURFACE_CURVE('',#2336,(#2340,#2347),.PCURVE_S1.);
#2336 = LINE('',#2337,#2338);
#2337 = CARTESIAN_POINT('',(1.2785E+04,407.,110.));
#2338 = VECTOR('',#2339,1.);
#2339 = DIRECTION('',(-1.,0.,0.));
#2340 = PCURVE('',#666,#2341);
#2341 = DEFINITIONAL_REPRESENTATION('',(#2342),#2346);
#2342 = LINE('',#2343,#2344);
#2343 = CARTESIAN_POINT('',(11.347208751402,97.527002953822));
#2344 = VECTOR('',#2345,1.);
#2345 = DIRECTION('',(-1.,0.));
#2346 = ( GEOMETRIC_REPRESENTATION_CONTEXT(2) 
PARAMETRIC_REPRESENTATION_CONTEXT() REPRESENTATION_CONTEXT('2D SPACE',''
  ) );
#2347 = PCURVE('',#2348,#2353);
#2348 = PLANE('',#2349);
#2349 = AXIS2_PLACEMENT_3D('',#2350,#2351,#2352);
#2350 = CARTESIAN_POINT('',(1.2785E+04,407.,110.));
#2351 = DIRECTION('',(0.,0.,1.));
#2352 = DIRECTION('',(-1.,0.,0.));
#2353 = DEFINITIONAL_REPRESENTATION('',(#2354),#2358);
#2354 = LINE('',#2355,#2356);
#2355 = CARTESIAN_POINT('',(0.,0.));
#2356 = VECTOR('',#2357,1.);
#2357 = DIRECTION('',(1.,0.));
#2358 = ( GEOMETRIC_REPRESENTATION_CONTEXT(2) 
PARAMETRIC_REPRESENTATION_CONTEXT() REPRESENTATION_CONTEXT('2D SPACE',''
  ) );
#2359 = ORIENTED_EDGE('',*,*,#2360,.T.);
#2360 = EDGE_CURVE('',#2333,#2361,#2363,.T.);
#2361 = VERTEX_POINT('',#2362);
#2362 = CARTESIAN_POINT('',(1.2745E+04,407.,305.));
#2363 = SURFACE_CURVE('',#2364,(#2368,#2375),.PCURVE_S1.);
#2364 = LINE('',#2365,#2366);
#2365 = CARTESIAN_POINT('',(1.2745E+04,407.,25.));
#2366 = VECTOR('',#2367,1.);
#2367 = DIRECTION('',(0.,0.,1.));
#2368 = PCURVE('',#666,#2369);
#2369 = DEFINITIONAL_REPRESENTATION('',(#2370),#2374);
#2370 = LINE('',#2371,#2372);
#2371 = CARTESIAN_POINT('',(-28.65279124859,12.527002953822));
#2372 = VECTOR('',#2373,1.);
#2373 = DIRECTION('',(0.,1.));
#2374 = ( GEOMETRIC_REPRESENTATION_CONTEXT(2) 
PARAMETRIC_REPRESENTATION_CONTEXT() REPRESENTATION_CONTEXT('2D SPACE',''
  ) );
#2375 = PCURVE('',#2264,#2376);
#2376 = DEFINITIONAL_REPRESENTATION('',(#2377),#2381);
#2377 = LINE('',#2378,#2379);
#2378 = CARTESIAN_POINT('',(25.,-191.));
#2379 = VECTOR('',#2380,1.);
#2380 = DIRECTION('',(1.,0.));
#2381 = ( GEOMETRIC_REPRESENTATION_CONTEXT(2) 
PARAMETRIC_REPRESENTATION_CONTEXT() REPRESENTATION_CONTEXT('2D SPACE',''
  ) );
#2382 = ORIENTED_EDGE('',*,*,#2383,.T.);
#2383 = EDGE_CURVE('',#2361,#1219,#2384,.T.);
#2384 = SURFACE_CURVE('',#2385,(#2389,#2396),.PCURVE_S1.);
#2385 = LINE('',#2386,#2387);
#2386 = CARTESIAN_POINT('',(1.2745E+04,407.,305.));
#2387 = VECTOR('',#2388,1.);
#2388 = DIRECTION('',(-1.,0.,0.));
#2389 = PCURVE('',#666,#2390);
#2390 = DEFINITIONAL_REPRESENTATION('',(#2391),#2395);
#2391 = LINE('',#2392,#2393);
#2392 = CARTESIAN_POINT('',(-28.65279124859,292.52700295382));
#2393 = VECTOR('',#2394,1.);
#2394 = DIRECTION('',(-1.,0.));
#2395 = ( GEOMETRIC_REPRESENTATION_CONTEXT(2) 
PARAMETRIC_REPRESENTATION_CONTEXT() REPRESENTATION_CONTEXT('2D SPACE',''
  ) );
#2396 = PCURVE('',#1234,#2397);
#2397 = DEFINITIONAL_REPRESENTATION('',(#2398),#2402);
#2398 = LINE('',#2399,#2400);
#2399 = CARTESIAN_POINT('',(0.,-214.));
#2400 = VECTOR('',#2401,1.);
#2401 = DIRECTION('',(1.,0.));
#2402 = ( GEOMETRIC_REPRESENTATION_CONTEXT(2) 
PARAMETRIC_REPRESENTATION_CONTEXT() REPRESENTATION_CONTEXT('2D SPACE',''
  ) );
#2403 = ORIENTED_EDGE('',*,*,#1246,.T.);
#2404 = ORIENTED_EDGE('',*,*,#2405,.F.);
#2405 = EDGE_CURVE('',#2406,#1247,#2408,.T.);
#2406 = VERTEX_POINT('',#2407);
#2407 = CARTESIAN_POINT('',(1.204E+04,407.,110.));
#2408 = SURFACE_CURVE('',#2409,(#2413,#2420),.PCURVE_S1.);
#2409 = LINE('',#2410,#2411);
#2410 = CARTESIAN_POINT('',(1.204E+04,407.,110.));
#2411 = VECTOR('',#2412,1.);
#2412 = DIRECTION('',(-1.,0.,0.));
#2413 = PCURVE('',#666,#2414);
#2414 = DEFINITIONAL_REPRESENTATION('',(#2415),#2419);
#2415 = LINE('',#2416,#2417);
#2416 = CARTESIAN_POINT('',(-733.6527912485,97.527002953822));
#2417 = VECTOR('',#2418,1.);
#2418 = DIRECTION('',(-1.,0.));
#2419 = ( GEOMETRIC_REPRESENTATION_CONTEXT(2) 
PARAMETRIC_REPRESENTATION_CONTEXT() REPRESENTATION_CONTEXT('2D SPACE',''
  ) );
#2420 = PCURVE('',#2421,#2426);
#2421 = PLANE('',#2422);
#2422 = AXIS2_PLACEMENT_3D('',#2423,#2424,#2425);
#2423 = CARTESIAN_POINT('',(1.204E+04,407.,110.));
#2424 = DIRECTION('',(0.,0.,1.));
#2425 = DIRECTION('',(-1.,0.,0.));
#2426 = DEFINITIONAL_REPRESENTATION('',(#2427),#2431);
#2427 = LINE('',#2428,#2429);
#2428 = CARTESIAN_POINT('',(0.,0.));
#2429 = VECTOR('',#2430,1.);
#2430 = DIRECTION('',(1.,0.));
#2431 = ( GEOMETRIC_REPRESENTATION_CONTEXT(2) 
PARAMETRIC_REPRESENTATION_CONTEXT() REPRESENTATION_CONTEXT('2D SPACE',''
  ) );
#2432 = ORIENTED_EDGE('',*,*,#2433,.F.);
#2433 = EDGE_CURVE('',#2434,#2406,#2436,.T.);
#2434 = VERTEX_POINT('',#2435);
#2435 = CARTESIAN_POINT('',(1.204E+04,407.,40.));
#2436 = SURFACE_CURVE('',#2437,(#2441,#2448),.PCURVE_S1.);
#2437 = LINE('',#2438,#2439);
#2438 = CARTESIAN_POINT('',(1.204E+04,407.,40.));
#2439 = VECTOR('',#2440,1.);
#2440 = DIRECTION('',(0.,0.,1.));
#2441 = PCURVE('',#666,#2442);
#2442 = DEFINITIONAL_REPRESENTATION('',(#2443),#2447);
#2443 = LINE('',#2444,#2445);
#2444 = CARTESIAN_POINT('',(-733.6527912485,27.527002953822));
#2445 = VECTOR('',#2446,1.);
#2446 = DIRECTION('',(0.,1.));
#2447 = ( GEOMETRIC_REPRESENTATION_CONTEXT(2) 
PARAMETRIC_REPRESENTATION_CONTEXT() REPRESENTATION_CONTEXT('2D SPACE',''
  ) );
#2448 = PCURVE('',#2449,#2454);
#2449 = PLANE('',#2450);
#2450 = AXIS2_PLACEMENT_3D('',#2451,#2452,#2453);
#2451 = CARTESIAN_POINT('',(1.204E+04,407.,40.));
#2452 = DIRECTION('',(1.,0.,-0.));
#2453 = DIRECTION('',(0.,0.,1.));
#2454 = DEFINITIONAL_REPRESENTATION('',(#2455),#2459);
#2455 = LINE('',#2456,#2457);
#2456 = CARTESIAN_POINT('',(0.,0.));
#2457 = VECTOR('',#2458,1.);
#2458 = DIRECTION('',(1.,0.));
#2459 = ( GEOMETRIC_REPRESENTATION_CONTEXT(2) 
PARAMETRIC_REPRESENTATION_CONTEXT() REPRESENTATION_CONTEXT('2D SPACE',''
  ) );
#2460 = ORIENTED_EDGE('',*,*,#2461,.F.);
#2461 = EDGE_CURVE('',#1270,#2434,#2462,.T.);
#2462 = SURFACE_CURVE('',#2463,(#2467,#2474),.PCURVE_S1.);
#2463 = LINE('',#2464,#2465);
#2464 = CARTESIAN_POINT('',(1.1925E+04,407.,40.));
#2465 = VECTOR('',#2466,1.);
#2466 = DIRECTION('',(1.,0.,0.));
#2467 = PCURVE('',#666,#2468);
#2468 = DEFINITIONAL_REPRESENTATION('',(#2469),#2473);
#2469 = LINE('',#2470,#2471);
#2470 = CARTESIAN_POINT('',(-848.6527912485,27.527002953822));
#2471 = VECTOR('',#2472,1.);
#2472 = DIRECTION('',(1.,0.));
#2473 = ( GEOMETRIC_REPRESENTATION_CONTEXT(2) 
PARAMETRIC_REPRESENTATION_CONTEXT() REPRESENTATION_CONTEXT('2D SPACE',''
  ) );
#2474 = PCURVE('',#2475,#2480);
#2475 = PLANE('',#2476);
#2476 = AXIS2_PLACEMENT_3D('',#2477,#2478,#2479);
#2477 = CARTESIAN_POINT('',(1.1925E+04,407.,40.));
#2478 = DIRECTION('',(0.,0.,-1.));
#2479 = DIRECTION('',(1.,0.,0.));
#2480 = DEFINITIONAL_REPRESENTATION('',(#2481),#2485);
#2481 = LINE('',#2482,#2483);
#2482 = CARTESIAN_POINT('',(0.,0.));
#2483 = VECTOR('',#2484,1.);
#2484 = DIRECTION('',(1.,0.));
#2485 = ( GEOMETRIC_REPRESENTATION_CONTEXT(2) 
PARAMETRIC_REPRESENTATION_CONTEXT() REPRESENTATION_CONTEXT('2D SPACE',''
  ) );
#2486 = ADVANCED_FACE('',(#2487),#774,.T.);
#2487 = FACE_BOUND('',#2488,.T.);
#2488 = EDGE_LOOP('',(#2489,#2490,#2491,#2492,#2493));
#2489 = ORIENTED_EDGE('',*,*,#1121,.T.);
#2490 = ORIENTED_EDGE('',*,*,#861,.T.);
#2491 = ORIENTED_EDGE('',*,*,#835,.T.);
#2492 = ORIENTED_EDGE('',*,*,#758,.F.);
#2493 = ORIENTED_EDGE('',*,*,#1809,.F.);
#2494 = ADVANCED_FACE('',(#2495),#949,.T.);
#2495 = FACE_BOUND('',#2496,.T.);
#2496 = EDGE_LOOP('',(#2497,#2520,#2521,#2522,#2523,#2524,#2547));
#2497 = ORIENTED_EDGE('',*,*,#2498,.T.);
#2498 = EDGE_CURVE('',#2499,#1554,#2501,.T.);
#2499 = VERTEX_POINT('',#2500);
#2500 = CARTESIAN_POINT('',(1.2015E+04,376.,0.));
#2501 = SURFACE_CURVE('',#2502,(#2506,#2513),.PCURVE_S1.);
#2502 = LINE('',#2503,#2504);
#2503 = CARTESIAN_POINT('',(1.2015E+04,376.,0.));
#2504 = VECTOR('',#2505,1.);
#2505 = DIRECTION('',(1.,0.,0.));
#2506 = PCURVE('',#949,#2507);
#2507 = DEFINITIONAL_REPRESENTATION('',(#2508),#2512);
#2508 = LINE('',#2509,#2510);
#2509 = CARTESIAN_POINT('',(-356.1611652351,-12.70221886326));
#2510 = VECTOR('',#2511,1.);
#2511 = DIRECTION('',(1.,0.));
#2512 = ( GEOMETRIC_REPRESENTATION_CONTEXT(2) 
PARAMETRIC_REPRESENTATION_CONTEXT() REPRESENTATION_CONTEXT('2D SPACE',''
  ) );
#2513 = PCURVE('',#1592,#2514);
#2514 = DEFINITIONAL_REPRESENTATION('',(#2515),#2519);
#2515 = LINE('',#2516,#2517);
#2516 = CARTESIAN_POINT('',(0.,0.));
#2517 = VECTOR('',#2518,1.);
#2518 = DIRECTION('',(1.,0.));
#2519 = ( GEOMETRIC_REPRESENTATION_CONTEXT(2) 
PARAMETRIC_REPRESENTATION_CONTEXT() REPRESENTATION_CONTEXT('2D SPACE',''
  ) );
#2520 = ORIENTED_EDGE('',*,*,#1553,.T.);
#2521 = ORIENTED_EDGE('',*,*,#935,.T.);
#2522 = ORIENTED_EDGE('',*,*,#989,.T.);
#2523 = ORIENTED_EDGE('',*,*,#1037,.T.);
#2524 = ORIENTED_EDGE('',*,*,#2525,.T.);
#2525 = EDGE_CURVE('',#1015,#2526,#2528,.T.);
#2526 = VERTEX_POINT('',#2527);
#2527 = CARTESIAN_POINT('',(1.199E+04,376.,25.));
#2528 = SURFACE_CURVE('',#2529,(#2533,#2540),.PCURVE_S1.);
#2529 = LINE('',#2530,#2531);
#2530 = CARTESIAN_POINT('',(1.2745E+04,376.,25.));
#2531 = VECTOR('',#2532,1.);
#2532 = DIRECTION('',(-1.,0.,0.));
#2533 = PCURVE('',#949,#2534);
#2534 = DEFINITIONAL_REPRESENTATION('',(#2535),#2539);
#2535 = LINE('',#2536,#2537);
#2536 = CARTESIAN_POINT('',(373.83883476483,12.297781136738));
#2537 = VECTOR('',#2538,1.);
#2538 = DIRECTION('',(-1.,0.));
#2539 = ( GEOMETRIC_REPRESENTATION_CONTEXT(2) 
PARAMETRIC_REPRESENTATION_CONTEXT() REPRESENTATION_CONTEXT('2D SPACE',''
  ) );
#2540 = PCURVE('',#1106,#2541);
#2541 = DEFINITIONAL_REPRESENTATION('',(#2542),#2546);
#2542 = LINE('',#2543,#2544);
#2543 = CARTESIAN_POINT('',(0.,0.));
#2544 = VECTOR('',#2545,1.);
#2545 = DIRECTION('',(1.,0.));
#2546 = ( GEOMETRIC_REPRESENTATION_CONTEXT(2) 
PARAMETRIC_REPRESENTATION_CONTEXT() REPRESENTATION_CONTEXT('2D SPACE',''
  ) );
#2547 = ORIENTED_EDGE('',*,*,#2548,.T.);
#2548 = EDGE_CURVE('',#2526,#2499,#2549,.T.);
#2549 = SURFACE_CURVE('',#2550,(#2554,#2561),.PCURVE_S1.);
#2550 = LINE('',#2551,#2552);
#2551 = CARTESIAN_POINT('',(1.199E+04,376.,25.));
#2552 = VECTOR('',#2553,1.);
#2553 = DIRECTION('',(0.707106781187,0.,-0.707106781187));
#2554 = PCURVE('',#949,#2555);
#2555 = DEFINITIONAL_REPRESENTATION('',(#2556),#2560);
#2556 = LINE('',#2557,#2558);
#2557 = CARTESIAN_POINT('',(-381.1611652351,12.297781136738));
#2558 = VECTOR('',#2559,1.);
#2559 = DIRECTION('',(0.707106781187,-0.707106781187));
#2560 = ( GEOMETRIC_REPRESENTATION_CONTEXT(2) 
PARAMETRIC_REPRESENTATION_CONTEXT() REPRESENTATION_CONTEXT('2D SPACE',''
  ) );
#2561 = PCURVE('',#2562,#2567);
#2562 = PLANE('',#2563);
#2563 = AXIS2_PLACEMENT_3D('',#2564,#2565,#2566);
#2564 = CARTESIAN_POINT('',(1.199E+04,376.,25.));
#2565 = DIRECTION('',(-0.707106781187,-0.,-0.707106781187));
#2566 = DIRECTION('',(0.707106781187,0.,-0.707106781187));
#2567 = DEFINITIONAL_REPRESENTATION('',(#2568),#2572);
#2568 = LINE('',#2569,#2570);
#2569 = CARTESIAN_POINT('',(0.,0.));
#2570 = VECTOR('',#2571,1.);
#2571 = DIRECTION('',(1.,0.));
#2572 = ( GEOMETRIC_REPRESENTATION_CONTEXT(2) 
PARAMETRIC_REPRESENTATION_CONTEXT() REPRESENTATION_CONTEXT('2D SPACE',''
  ) );
#2573 = ADVANCED_FACE('',(#2574),#1080,.T.);
#2574 = FACE_BOUND('',#2575,.T.);
#2575 = EDGE_LOOP('',(#2576,#2599,#2600,#2623));
#2576 = ORIENTED_EDGE('',*,*,#2577,.T.);
#2577 = EDGE_CURVE('',#2578,#1063,#2580,.T.);
#2578 = VERTEX_POINT('',#2579);
#2579 = CARTESIAN_POINT('',(1.201E+04,384.,25.));
#2580 = SURFACE_CURVE('',#2581,(#2585,#2592),.PCURVE_S1.);
#2581 = LINE('',#2582,#2583);
#2582 = CARTESIAN_POINT('',(1.2745E+04,384.,25.));
#2583 = VECTOR('',#2584,1.);
#2584 = DIRECTION('',(-1.,0.,0.));
#2585 = PCURVE('',#1080,#2586);
#2586 = DEFINITIONAL_REPRESENTATION('',(#2587),#2591);
#2587 = LINE('',#2588,#2589);
#2588 = CARTESIAN_POINT('',(737.,-189.));
#2589 = VECTOR('',#2590,1.);
#2590 = DIRECTION('',(-1.,0.));
#2591 = ( GEOMETRIC_REPRESENTATION_CONTEXT(2) 
PARAMETRIC_REPRESENTATION_CONTEXT() REPRESENTATION_CONTEXT('2D SPACE',''
  ) );
#2592 = PCURVE('',#1618,#2593);
#2593 = DEFINITIONAL_REPRESENTATION('',(#2594),#2598);
#2594 = LINE('',#2595,#2596);
#2595 = CARTESIAN_POINT('',(373.83883476483,12.297781136738));
#2596 = VECTOR('',#2597,1.);
#2597 = DIRECTION('',(-1.,0.));
#2598 = ( GEOMETRIC_REPRESENTATION_CONTEXT(2) 
PARAMETRIC_REPRESENTATION_CONTEXT() REPRESENTATION_CONTEXT('2D SPACE',''
  ) );
#2599 = ORIENTED_EDGE('',*,*,#1062,.T.);
#2600 = ORIENTED_EDGE('',*,*,#2601,.T.);
#2601 = EDGE_CURVE('',#1065,#2602,#2604,.T.);
#2602 = VERTEX_POINT('',#2603);
#2603 = CARTESIAN_POINT('',(1.201E+04,405.,25.));
#2604 = SURFACE_CURVE('',#2605,(#2609,#2616),.PCURVE_S1.);
#2605 = LINE('',#2606,#2607);
#2606 = CARTESIAN_POINT('',(1.2008E+04,405.,25.));
#2607 = VECTOR('',#2608,1.);
#2608 = DIRECTION('',(1.,0.,0.));
#2609 = PCURVE('',#1080,#2610);
#2610 = DEFINITIONAL_REPRESENTATION('',(#2611),#2615);
#2611 = LINE('',#2612,#2613);
#2612 = CARTESIAN_POINT('',(0.,-210.));
#2613 = VECTOR('',#2614,1.);
#2614 = DIRECTION('',(1.,0.));
#2615 = ( GEOMETRIC_REPRESENTATION_CONTEXT(2) 
PARAMETRIC_REPRESENTATION_CONTEXT() REPRESENTATION_CONTEXT('2D SPACE',''
  ) );
#2616 = PCURVE('',#1334,#2617);
#2617 = DEFINITIONAL_REPRESENTATION('',(#2618),#2622);
#2618 = LINE('',#2619,#2620);
#2619 = CARTESIAN_POINT('',(0.,0.));
#2620 = VECTOR('',#2621,1.);
#2621 = DIRECTION('',(1.,0.));
#2622 = ( GEOMETRIC_REPRESENTATION_CONTEXT(2) 
PARAMETRIC_REPRESENTATION_CONTEXT() REPRESENTATION_CONTEXT('2D SPACE',''
  ) );
#2623 = ORIENTED_EDGE('',*,*,#2624,.F.);
#2624 = EDGE_CURVE('',#2578,#2602,#2625,.T.);
#2625 = SURFACE_CURVE('',#2626,(#2630,#2637),.PCURVE_S1.);
#2626 = LINE('',#2627,#2628);
#2627 = CARTESIAN_POINT('',(1.201E+04,195.,25.));
#2628 = VECTOR('',#2629,1.);
#2629 = DIRECTION('',(-0.,1.,0.));
#2630 = PCURVE('',#1080,#2631);
#2631 = DEFINITIONAL_REPRESENTATION('',(#2632),#2636);
#2632 = LINE('',#2633,#2634);
#2633 = CARTESIAN_POINT('',(2.,0.));
#2634 = VECTOR('',#2635,1.);
#2635 = DIRECTION('',(0.,-1.));
#2636 = ( GEOMETRIC_REPRESENTATION_CONTEXT(2) 
PARAMETRIC_REPRESENTATION_CONTEXT() REPRESENTATION_CONTEXT('2D SPACE',''
  ) );
#2637 = PCURVE('',#1717,#2638);
#2638 = DEFINITIONAL_REPRESENTATION('',(#2639),#2643);
#2639 = LINE('',#2640,#2641);
#2640 = CARTESIAN_POINT('',(0.,0.));
#2641 = VECTOR('',#2642,1.);
#2642 = DIRECTION('',(0.,1.));
#2643 = ( GEOMETRIC_REPRESENTATION_CONTEXT(2) 
PARAMETRIC_REPRESENTATION_CONTEXT() REPRESENTATION_CONTEXT('2D SPACE',''
  ) );
#2644 = ADVANCED_FACE('',(#2645),#1106,.T.);
#2645 = FACE_BOUND('',#2646,.T.);
#2646 = EDGE_LOOP('',(#2647,#2648,#2649,#2672));
#2647 = ORIENTED_EDGE('',*,*,#2525,.F.);
#2648 = ORIENTED_EDGE('',*,*,#1092,.T.);
#2649 = ORIENTED_EDGE('',*,*,#2650,.T.);
#2650 = EDGE_CURVE('',#1063,#2651,#2653,.T.);
#2651 = VERTEX_POINT('',#2652);
#2652 = CARTESIAN_POINT('',(1.199E+04,384.,25.));
#2653 = SURFACE_CURVE('',#2654,(#2658,#2665),.PCURVE_S1.);
#2654 = LINE('',#2655,#2656);
#2655 = CARTESIAN_POINT('',(1.2745E+04,384.,25.));
#2656 = VECTOR('',#2657,1.);
#2657 = DIRECTION('',(-1.,0.,0.));
#2658 = PCURVE('',#1106,#2659);
#2659 = DEFINITIONAL_REPRESENTATION('',(#2660),#2664);
#2660 = LINE('',#2661,#2662);
#2661 = CARTESIAN_POINT('',(0.,-8.));
#2662 = VECTOR('',#2663,1.);
#2663 = DIRECTION('',(1.,0.));
#2664 = ( GEOMETRIC_REPRESENTATION_CONTEXT(2) 
PARAMETRIC_REPRESENTATION_CONTEXT() REPRESENTATION_CONTEXT('2D SPACE',''
  ) );
#2665 = PCURVE('',#1618,#2666);
#2666 = DEFINITIONAL_REPRESENTATION('',(#2667),#2671);
#2667 = LINE('',#2668,#2669);
#2668 = CARTESIAN_POINT('',(373.83883476483,12.297781136738));
#2669 = VECTOR('',#2670,1.);
#2670 = DIRECTION('',(-1.,0.));
#2671 = ( GEOMETRIC_REPRESENTATION_CONTEXT(2) 
PARAMETRIC_REPRESENTATION_CONTEXT() REPRESENTATION_CONTEXT('2D SPACE',''
  ) );
#2672 = ORIENTED_EDGE('',*,*,#2673,.F.);
#2673 = EDGE_CURVE('',#2526,#2651,#2674,.T.);
#2674 = SURFACE_CURVE('',#2675,(#2679,#2686),.PCURVE_S1.);
#2675 = LINE('',#2676,#2677);
#2676 = CARTESIAN_POINT('',(1.199E+04,376.,25.));
#2677 = VECTOR('',#2678,1.);
#2678 = DIRECTION('',(-0.,1.,-0.));
#2679 = PCURVE('',#1106,#2680);
#2680 = DEFINITIONAL_REPRESENTATION('',(#2681),#2685);
#2681 = LINE('',#2682,#2683);
#2682 = CARTESIAN_POINT('',(755.,0.));
#2683 = VECTOR('',#2684,1.);
#2684 = DIRECTION('',(0.,-1.));
#2685 = ( GEOMETRIC_REPRESENTATION_CONTEXT(2) 
PARAMETRIC_REPRESENTATION_CONTEXT() REPRESENTATION_CONTEXT('2D SPACE',''
  ) );
#2686 = PCURVE('',#2562,#2687);
#2687 = DEFINITIONAL_REPRESENTATION('',(#2688),#2692);
#2688 = LINE('',#2689,#2690);
#2689 = CARTESIAN_POINT('',(0.,0.));
#2690 = VECTOR('',#2691,1.);
#2691 = DIRECTION('',(0.,-1.));
#2692 = ( GEOMETRIC_REPRESENTATION_CONTEXT(2) 
PARAMETRIC_REPRESENTATION_CONTEXT() REPRESENTATION_CONTEXT('2D SPACE',''
  ) );
#2693 = ADVANCED_FACE('',(#2694),#1334,.T.);
#2694 = FACE_BOUND('',#2695,.T.);
#2695 = EDGE_LOOP('',(#2696,#2697,#2698,#2699,#2720));
#2696 = ORIENTED_EDGE('',*,*,#1320,.T.);
#2697 = ORIENTED_EDGE('',*,*,#2155,.T.);
#2698 = ORIENTED_EDGE('',*,*,#1633,.F.);
#2699 = ORIENTED_EDGE('',*,*,#2700,.F.);
#2700 = EDGE_CURVE('',#2602,#1634,#2701,.T.);
#2701 = SURFACE_CURVE('',#2702,(#2706,#2713),.PCURVE_S1.);
#2702 = LINE('',#2703,#2704);
#2703 = CARTESIAN_POINT('',(1.201E+04,405.,25.));
#2704 = VECTOR('',#2705,1.);
#2705 = DIRECTION('',(1.,0.,-0.));
#2706 = PCURVE('',#1334,#2707);
#2707 = DEFINITIONAL_REPRESENTATION('',(#2708),#2712);
#2708 = LINE('',#2709,#2710);
#2709 = CARTESIAN_POINT('',(2.,0.));
#2710 = VECTOR('',#2711,1.);
#2711 = DIRECTION('',(1.,0.));
#2712 = ( GEOMETRIC_REPRESENTATION_CONTEXT(2) 
PARAMETRIC_REPRESENTATION_CONTEXT() REPRESENTATION_CONTEXT('2D SPACE',''
  ) );
#2713 = PCURVE('',#1717,#2714);
#2714 = DEFINITIONAL_REPRESENTATION('',(#2715),#2719);
#2715 = LINE('',#2716,#2717);
#2716 = CARTESIAN_POINT('',(0.,210.));
#2717 = VECTOR('',#2718,1.);
#2718 = DIRECTION('',(1.,0.));
#2719 = ( GEOMETRIC_REPRESENTATION_CONTEXT(2) 
PARAMETRIC_REPRESENTATION_CONTEXT() REPRESENTATION_CONTEXT('2D SPACE',''
  ) );
#2720 = ORIENTED_EDGE('',*,*,#2601,.F.);
#2721 = ADVANCED_FACE('',(#2722,#2797),#1285,.T.);
#2722 = FACE_BOUND('',#2723,.T.);
#2723 = EDGE_LOOP('',(#2724,#2754,#2775,#2776));
#2724 = ORIENTED_EDGE('',*,*,#2725,.T.);
#2725 = EDGE_CURVE('',#2726,#2728,#2730,.T.);
#2726 = VERTEX_POINT('',#2727);
#2727 = CARTESIAN_POINT('',(1.1925E+04,407.,110.));
#2728 = VERTEX_POINT('',#2729);
#2729 = CARTESIAN_POINT('',(1.1925E+04,407.,40.));
#2730 = SURFACE_CURVE('',#2731,(#2735,#2742),.PCURVE_S1.);
#2731 = LINE('',#2732,#2733);
#2732 = CARTESIAN_POINT('',(1.1925E+04,407.,110.));
#2733 = VECTOR('',#2734,1.);
#2734 = DIRECTION('',(0.,0.,-1.));
#2735 = PCURVE('',#1285,#2736);
#2736 = DEFINITIONAL_REPRESENTATION('',(#2737),#2741);
#2737 = LINE('',#2738,#2739);
#2738 = CARTESIAN_POINT('',(-57.5,35.));
#2739 = VECTOR('',#2740,1.);
#2740 = DIRECTION('',(0.,-1.));
#2741 = ( GEOMETRIC_REPRESENTATION_CONTEXT(2) 
PARAMETRIC_REPRESENTATION_CONTEXT() REPRESENTATION_CONTEXT('2D SPACE',''
  ) );
#2742 = PCURVE('',#2743,#2748);
#2743 = PLANE('',#2744);
#2744 = AXIS2_PLACEMENT_3D('',#2745,#2746,#2747);
#2745 = CARTESIAN_POINT('',(1.1925E+04,407.,110.));
#2746 = DIRECTION('',(-1.,-0.,-0.));
#2747 = DIRECTION('',(0.,0.,-1.));
#2748 = DEFINITIONAL_REPRESENTATION('',(#2749),#2753);
#2749 = LINE('',#2750,#2751);
#2750 = CARTESIAN_POINT('',(0.,0.));
#2751 = VECTOR('',#2752,1.);
#2752 = DIRECTION('',(1.,0.));
#2753 = ( GEOMETRIC_REPRESENTATION_CONTEXT(2) 
PARAMETRIC_REPRESENTATION_CONTEXT() REPRESENTATION_CONTEXT('2D SPACE',''
  ) );
#2754 = ORIENTED_EDGE('',*,*,#2755,.T.);
#2755 = EDGE_CURVE('',#2728,#1270,#2756,.T.);
#2756 = SURFACE_CURVE('',#2757,(#2761,#2768),.PCURVE_S1.);
#2757 = LINE('',#2758,#2759);
#2758 = CARTESIAN_POINT('',(1.1925E+04,407.,40.));
#2759 = VECTOR('',#2760,1.);
#2760 = DIRECTION('',(1.,0.,0.));
#2761 = PCURVE('',#1285,#2762);
#2762 = DEFINITIONAL_REPRESENTATION('',(#2763),#2767);
#2763 = LINE('',#2764,#2765);
#2764 = CARTESIAN_POINT('',(-57.5,-35.));
#2765 = VECTOR('',#2766,1.);
#2766 = DIRECTION('',(1.,0.));
#2767 = ( GEOMETRIC_REPRESENTATION_CONTEXT(2) 
PARAMETRIC_REPRESENTATION_CONTEXT() REPRESENTATION_CONTEXT('2D SPACE',''
  ) );
#2768 = PCURVE('',#2475,#2769);
#2769 = DEFINITIONAL_REPRESENTATION('',(#2770),#2774);
#2770 = LINE('',#2771,#2772);
#2771 = CARTESIAN_POINT('',(0.,0.));
#2772 = VECTOR('',#2773,1.);
#2773 = DIRECTION('',(1.,0.));
#2774 = ( GEOMETRIC_REPRESENTATION_CONTEXT(2) 
PARAMETRIC_REPRESENTATION_CONTEXT() REPRESENTATION_CONTEXT('2D SPACE',''
  ) );
#2775 = ORIENTED_EDGE('',*,*,#1269,.F.);
#2776 = ORIENTED_EDGE('',*,*,#2777,.T.);
#2777 = EDGE_CURVE('',#1247,#2726,#2778,.T.);
#2778 = SURFACE_CURVE('',#2779,(#2783,#2790),.PCURVE_S1.);
#2779 = LINE('',#2780,#2781);
#2780 = CARTESIAN_POINT('',(1.204E+04,407.,110.));
#2781 = VECTOR('',#2782,1.);
#2782 = DIRECTION('',(-1.,0.,0.));
#2783 = PCURVE('',#1285,#2784);
#2784 = DEFINITIONAL_REPRESENTATION('',(#2785),#2789);
#2785 = LINE('',#2786,#2787);
#2786 = CARTESIAN_POINT('',(57.5,35.));
#2787 = VECTOR('',#2788,1.);
#2788 = DIRECTION('',(-1.,0.));
#2789 = ( GEOMETRIC_REPRESENTATION_CONTEXT(2) 
PARAMETRIC_REPRESENTATION_CONTEXT() REPRESENTATION_CONTEXT('2D SPACE',''
  ) );
#2790 = PCURVE('',#2421,#2791);
#2791 = DEFINITIONAL_REPRESENTATION('',(#2792),#2796);
#2792 = LINE('',#2793,#2794);
#2793 = CARTESIAN_POINT('',(0.,0.));
#2794 = VECTOR('',#2795,1.);
#2795 = DIRECTION('',(1.,0.));
#2796 = ( GEOMETRIC_REPRESENTATION_CONTEXT(2) 
PARAMETRIC_REPRESENTATION_CONTEXT() REPRESENTATION_CONTEXT('2D SPACE',''
  ) );
#2797 = FACE_BOUND('',#2798,.T.);
#2798 = EDGE_LOOP('',(#2799));
#2799 = ORIENTED_EDGE('',*,*,#2800,.F.);
#2800 = EDGE_CURVE('',#2801,#2801,#2803,.T.);
#2801 = VERTEX_POINT('',#2802);
#2802 = CARTESIAN_POINT('',(1.19645E+04,407.,75.));
#2803 = SURFACE_CURVE('',#2804,(#2809,#2816),.PCURVE_S1.);
#2804 = CIRCLE('',#2805,9.5);
#2805 = AXIS2_PLACEMENT_3D('',#2806,#2807,#2808);
#2806 = CARTESIAN_POINT('',(1.1955E+04,407.,75.));
#2807 = DIRECTION('',(0.,-1.,2.22044604925E-16));
#2808 = DIRECTION('',(1.,0.,0.));
#2809 = PCURVE('',#1285,#2810);
#2810 = DEFINITIONAL_REPRESENTATION('',(#2811),#2815);
#2811 = CIRCLE('',#2812,9.5);
#2812 = AXIS2_PLACEMENT_2D('',#2813,#2814);
#2813 = CARTESIAN_POINT('',(-27.5,0.));
#2814 = DIRECTION('',(1.,0.));
#2815 = ( GEOMETRIC_REPRESENTATION_CONTEXT(2) 
PARAMETRIC_REPRESENTATION_CONTEXT() REPRESENTATION_CONTEXT('2D SPACE',''
  ) );
#2816 = PCURVE('',#2817,#2822);
#2817 = CYLINDRICAL_SURFACE('',#2818,9.5);
#2818 = AXIS2_PLACEMENT_3D('',#2819,#2820,#2821);
#2819 = CARTESIAN_POINT('',(1.1955E+04,418.,75.));
#2820 = DIRECTION('',(0.,-1.,2.22044604925E-16));
#2821 = DIRECTION('',(1.,0.,0.));
#2822 = DEFINITIONAL_REPRESENTATION('',(#2823),#2827);
#2823 = LINE('',#2824,#2825);
#2824 = CARTESIAN_POINT('',(0.,11.));
#2825 = VECTOR('',#2826,1.);
#2826 = DIRECTION('',(1.,0.));
#2827 = ( GEOMETRIC_REPRESENTATION_CONTEXT(2) 
PARAMETRIC_REPRESENTATION_CONTEXT() REPRESENTATION_CONTEXT('2D SPACE',''
  ) );
#2828 = ADVANCED_FACE('',(#2829),#1234,.T.);
#2829 = FACE_BOUND('',#2830,.T.);
#2830 = EDGE_LOOP('',(#2831,#2854,#2882,#2910,#2938,#2959,#2960,#2961));
#2831 = ORIENTED_EDGE('',*,*,#2832,.T.);
#2832 = EDGE_CURVE('',#2025,#2833,#2835,.T.);
#2833 = VERTEX_POINT('',#2834);
#2834 = CARTESIAN_POINT('',(1.2745E+04,195.,305.));
#2835 = SURFACE_CURVE('',#2836,(#2840,#2847),.PCURVE_S1.);
#2836 = LINE('',#2837,#2838);
#2837 = CARTESIAN_POINT('',(1.2745E+04,193.,305.));
#2838 = VECTOR('',#2839,1.);
#2839 = DIRECTION('',(-0.,1.,-0.));
#2840 = PCURVE('',#1234,#2841);
#2841 = DEFINITIONAL_REPRESENTATION('',(#2842),#2846);
#2842 = LINE('',#2843,#2844);
#2843 = CARTESIAN_POINT('',(0.,0.));
#2844 = VECTOR('',#2845,1.);
#2845 = DIRECTION('',(0.,-1.));
#2846 = ( GEOMETRIC_REPRESENTATION_CONTEXT(2) 
PARAMETRIC_REPRESENTATION_CONTEXT() REPRESENTATION_CONTEXT('2D SPACE',''
  ) );
#2847 = PCURVE('',#1928,#2848);
#2848 = DEFINITIONAL_REPRESENTATION('',(#2849),#2853);
#2849 = LINE('',#2850,#2851);
#2850 = CARTESIAN_POINT('',(305.,23.));
#2851 = VECTOR('',#2852,1.);
#2852 = DIRECTION('',(0.,-1.));
#2853 = ( GEOMETRIC_REPRESENTATION_CONTEXT(2) 
PARAMETRIC_REPRESENTATION_CONTEXT() REPRESENTATION_CONTEXT('2D SPACE',''
  ) );
#2854 = ORIENTED_EDGE('',*,*,#2855,.T.);
#2855 = EDGE_CURVE('',#2833,#2856,#2858,.T.);
#2856 = VERTEX_POINT('',#2857);
#2857 = CARTESIAN_POINT('',(1.1902E+04,195.,305.));
#2858 = SURFACE_CURVE('',#2859,(#2863,#2870),.PCURVE_S1.);
#2859 = LINE('',#2860,#2861);
#2860 = CARTESIAN_POINT('',(1.2745E+04,195.,305.));
#2861 = VECTOR('',#2862,1.);
#2862 = DIRECTION('',(-1.,0.,0.));
#2863 = PCURVE('',#1234,#2864);
#2864 = DEFINITIONAL_REPRESENTATION('',(#2865),#2869);
#2865 = LINE('',#2866,#2867);
#2866 = CARTESIAN_POINT('',(0.,-2.));
#2867 = VECTOR('',#2868,1.);
#2868 = DIRECTION('',(1.,0.));
#2869 = ( GEOMETRIC_REPRESENTATION_CONTEXT(2) 
PARAMETRIC_REPRESENTATION_CONTEXT() REPRESENTATION_CONTEXT('2D SPACE',''
  ) );
#2870 = PCURVE('',#2871,#2876);
#2871 = PLANE('',#2872);
#2872 = AXIS2_PLACEMENT_3D('',#2873,#2874,#2875);
#2873 = CARTESIAN_POINT('',(1.234447333807E+04,195.,171.99317955291));
#2874 = DIRECTION('',(0.,-1.,0.));
#2875 = DIRECTION('',(1.,0.,0.));
#2876 = DEFINITIONAL_REPRESENTATION('',(#2877),#2881);
#2877 = LINE('',#2878,#2879);
#2878 = CARTESIAN_POINT('',(400.52666192761,133.00682044708));
#2879 = VECTOR('',#2880,1.);
#2880 = DIRECTION('',(-1.,0.));
#2881 = ( GEOMETRIC_REPRESENTATION_CONTEXT(2) 
PARAMETRIC_REPRESENTATION_CONTEXT() REPRESENTATION_CONTEXT('2D SPACE',''
  ) );
#2882 = ORIENTED_EDGE('',*,*,#2883,.T.);
#2883 = EDGE_CURVE('',#2856,#2884,#2886,.T.);
#2884 = VERTEX_POINT('',#2885);
#2885 = CARTESIAN_POINT('',(1.1902E+04,405.,305.));
#2886 = SURFACE_CURVE('',#2887,(#2891,#2898),.PCURVE_S1.);
#2887 = LINE('',#2888,#2889);
#2888 = CARTESIAN_POINT('',(1.1902E+04,195.,305.));
#2889 = VECTOR('',#2890,1.);
#2890 = DIRECTION('',(-0.,1.,-0.));
#2891 = PCURVE('',#1234,#2892);
#2892 = DEFINITIONAL_REPRESENTATION('',(#2893),#2897);
#2893 = LINE('',#2894,#2895);
#2894 = CARTESIAN_POINT('',(843.,-2.));
#2895 = VECTOR('',#2896,1.);
#2896 = DIRECTION('',(0.,-1.));
#2897 = ( GEOMETRIC_REPRESENTATION_CONTEXT(2) 
PARAMETRIC_REPRESENTATION_CONTEXT() REPRESENTATION_CONTEXT('2D SPACE',''
  ) );
#2898 = PCURVE('',#2899,#2904);
#2899 = PLANE('',#2900);
#2900 = AXIS2_PLACEMENT_3D('',#2901,#2902,#2903);
#2901 = CARTESIAN_POINT('',(1.201E+04,195.,25.));
#2902 = DIRECTION('',(0.933001658364,0.,0.359872068226));
#2903 = DIRECTION('',(-0.359872068226,0.,0.933001658364));
#2904 = DEFINITIONAL_REPRESENTATION('',(#2905),#2909);
#2905 = LINE('',#2906,#2907);
#2906 = CARTESIAN_POINT('',(300.10664771044,0.));
#2907 = VECTOR('',#2908,1.);
#2908 = DIRECTION('',(0.,-1.));
#2909 = ( GEOMETRIC_REPRESENTATION_CONTEXT(2) 
PARAMETRIC_REPRESENTATION_CONTEXT() REPRESENTATION_CONTEXT('2D SPACE',''
  ) );
#2910 = ORIENTED_EDGE('',*,*,#2911,.F.);
#2911 = EDGE_CURVE('',#2912,#2884,#2914,.T.);
#2912 = VERTEX_POINT('',#2913);
#2913 = CARTESIAN_POINT('',(1.2745E+04,405.,305.));
#2914 = SURFACE_CURVE('',#2915,(#2919,#2926),.PCURVE_S1.);
#2915 = LINE('',#2916,#2917);
#2916 = CARTESIAN_POINT('',(1.2745E+04,405.,305.));
#2917 = VECTOR('',#2918,1.);
#2918 = DIRECTION('',(-1.,0.,0.));
#2919 = PCURVE('',#1234,#2920);
#2920 = DEFINITIONAL_REPRESENTATION('',(#2921),#2925);
#2921 = LINE('',#2922,#2923);
#2922 = CARTESIAN_POINT('',(0.,-212.));
#2923 = VECTOR('',#2924,1.);
#2924 = DIRECTION('',(1.,0.));
#2925 = ( GEOMETRIC_REPRESENTATION_CONTEXT(2) 
PARAMETRIC_REPRESENTATION_CONTEXT() REPRESENTATION_CONTEXT('2D SPACE',''
  ) );
#2926 = PCURVE('',#2927,#2932);
#2927 = PLANE('',#2928);
#2928 = AXIS2_PLACEMENT_3D('',#2929,#2930,#2931);
#2929 = CARTESIAN_POINT('',(1.234447333807E+04,405.,171.99317955291));
#2930 = DIRECTION('',(0.,-1.,0.));
#2931 = DIRECTION('',(1.,0.,0.));
#2932 = DEFINITIONAL_REPRESENTATION('',(#2933),#2937);
#2933 = LINE('',#2934,#2935);
#2934 = CARTESIAN_POINT('',(400.52666192761,133.00682044708));
#2935 = VECTOR('',#2936,1.);
#2936 = DIRECTION('',(-1.,0.));
#2937 = ( GEOMETRIC_REPRESENTATION_CONTEXT(2) 
PARAMETRIC_REPRESENTATION_CONTEXT() REPRESENTATION_CONTEXT('2D SPACE',''
  ) );
#2938 = ORIENTED_EDGE('',*,*,#2939,.T.);
#2939 = EDGE_CURVE('',#2912,#2361,#2940,.T.);
#2940 = SURFACE_CURVE('',#2941,(#2945,#2952),.PCURVE_S1.);
#2941 = LINE('',#2942,#2943);
#2942 = CARTESIAN_POINT('',(1.2745E+04,405.,305.));
#2943 = VECTOR('',#2944,1.);
#2944 = DIRECTION('',(-0.,1.,-0.));
#2945 = PCURVE('',#1234,#2946);
#2946 = DEFINITIONAL_REPRESENTATION('',(#2947),#2951);
#2947 = LINE('',#2948,#2949);
#2948 = CARTESIAN_POINT('',(0.,-212.));
#2949 = VECTOR('',#2950,1.);
#2950 = DIRECTION('',(0.,-1.));
#2951 = ( GEOMETRIC_REPRESENTATION_CONTEXT(2) 
PARAMETRIC_REPRESENTATION_CONTEXT() REPRESENTATION_CONTEXT('2D SPACE',''
  ) );
#2952 = PCURVE('',#2264,#2953);
#2953 = DEFINITIONAL_REPRESENTATION('',(#2954),#2958);
#2954 = LINE('',#2955,#2956);
#2955 = CARTESIAN_POINT('',(305.,-189.));
#2956 = VECTOR('',#2957,1.);
#2957 = DIRECTION('',(0.,-1.));
#2958 = ( GEOMETRIC_REPRESENTATION_CONTEXT(2) 
PARAMETRIC_REPRESENTATION_CONTEXT() REPRESENTATION_CONTEXT('2D SPACE',''
  ) );
#2959 = ORIENTED_EDGE('',*,*,#2383,.T.);
#2960 = ORIENTED_EDGE('',*,*,#1218,.T.);
#2961 = ORIENTED_EDGE('',*,*,#2047,.F.);
#2962 = ADVANCED_FACE('',(#2963,#3038),#1183,.F.);
#2963 = FACE_BOUND('',#2964,.F.);
#2964 = EDGE_LOOP('',(#2965,#2995,#3016,#3017));
#2965 = ORIENTED_EDGE('',*,*,#2966,.T.);
#2966 = EDGE_CURVE('',#2967,#2969,#2971,.T.);
#2967 = VERTEX_POINT('',#2968);
#2968 = CARTESIAN_POINT('',(1.1925E+04,193.,110.));
#2969 = VERTEX_POINT('',#2970);
#2970 = CARTESIAN_POINT('',(1.1925E+04,193.,40.));
#2971 = SURFACE_CURVE('',#2972,(#2976,#2983),.PCURVE_S1.);
#2972 = LINE('',#2973,#2974);
#2973 = CARTESIAN_POINT('',(1.1925E+04,193.,110.));
#2974 = VECTOR('',#2975,1.);
#2975 = DIRECTION('',(0.,0.,-1.));
#2976 = PCURVE('',#1183,#2977);
#2977 = DEFINITIONAL_REPRESENTATION('',(#2978),#2982);
#2978 = LINE('',#2979,#2980);
#2979 = CARTESIAN_POINT('',(-57.5,35.));
#2980 = VECTOR('',#2981,1.);
#2981 = DIRECTION('',(0.,-1.));
#2982 = ( GEOMETRIC_REPRESENTATION_CONTEXT(2) 
PARAMETRIC_REPRESENTATION_CONTEXT() REPRESENTATION_CONTEXT('2D SPACE',''
  ) );
#2983 = PCURVE('',#2984,#2989);
#2984 = PLANE('',#2985);
#2985 = AXIS2_PLACEMENT_3D('',#2986,#2987,#2988);
#2986 = CARTESIAN_POINT('',(1.1925E+04,183.,110.));
#2987 = DIRECTION('',(-1.,-0.,-0.));
#2988 = DIRECTION('',(0.,0.,-1.));
#2989 = DEFINITIONAL_REPRESENTATION('',(#2990),#2994);
#2990 = LINE('',#2991,#2992);
#2991 = CARTESIAN_POINT('',(0.,-10.));
#2992 = VECTOR('',#2993,1.);
#2993 = DIRECTION('',(1.,0.));
#2994 = ( GEOMETRIC_REPRESENTATION_CONTEXT(2) 
PARAMETRIC_REPRESENTATION_CONTEXT() REPRESENTATION_CONTEXT('2D SPACE',''
  ) );
#2995 = ORIENTED_EDGE('',*,*,#2996,.T.);
#2996 = EDGE_CURVE('',#2969,#1145,#2997,.T.);
#2997 = SURFACE_CURVE('',#2998,(#3002,#3009),.PCURVE_S1.);
#2998 = LINE('',#2999,#3000);
#2999 = CARTESIAN_POINT('',(1.1925E+04,193.,40.));
#3000 = VECTOR('',#3001,1.);
#3001 = DIRECTION('',(1.,0.,0.));
#3002 = PCURVE('',#1183,#3003);
#3003 = DEFINITIONAL_REPRESENTATION('',(#3004),#3008);
#3004 = LINE('',#3005,#3006);
#3005 = CARTESIAN_POINT('',(-57.5,-35.));
#3006 = VECTOR('',#3007,1.);
#3007 = DIRECTION('',(1.,0.));
#3008 = ( GEOMETRIC_REPRESENTATION_CONTEXT(2) 
PARAMETRIC_REPRESENTATION_CONTEXT() REPRESENTATION_CONTEXT('2D SPACE',''
  ) );
#3009 = PCURVE('',#2139,#3010);
#3010 = DEFINITIONAL_REPRESENTATION('',(#3011),#3015);
#3011 = LINE('',#3012,#3013);
#3012 = CARTESIAN_POINT('',(0.,-10.));
#3013 = VECTOR('',#3014,1.);
#3014 = DIRECTION('',(1.,0.));
#3015 = ( GEOMETRIC_REPRESENTATION_CONTEXT(2) 
PARAMETRIC_REPRESENTATION_CONTEXT() REPRESENTATION_CONTEXT('2D SPACE',''
  ) );
#3016 = ORIENTED_EDGE('',*,*,#1167,.F.);
#3017 = ORIENTED_EDGE('',*,*,#3018,.T.);
#3018 = EDGE_CURVE('',#1168,#2967,#3019,.T.);
#3019 = SURFACE_CURVE('',#3020,(#3024,#3031),.PCURVE_S1.);
#3020 = LINE('',#3021,#3022);
#3021 = CARTESIAN_POINT('',(1.204E+04,193.,110.));
#3022 = VECTOR('',#3023,1.);
#3023 = DIRECTION('',(-1.,0.,0.));
#3024 = PCURVE('',#1183,#3025);
#3025 = DEFINITIONAL_REPRESENTATION('',(#3026),#3030);
#3026 = LINE('',#3027,#3028);
#3027 = CARTESIAN_POINT('',(57.5,35.));
#3028 = VECTOR('',#3029,1.);
#3029 = DIRECTION('',(-1.,0.));
#3030 = ( GEOMETRIC_REPRESENTATION_CONTEXT(2) 
PARAMETRIC_REPRESENTATION_CONTEXT() REPRESENTATION_CONTEXT('2D SPACE',''
  ) );
#3031 = PCURVE('',#2085,#3032);
#3032 = DEFINITIONAL_REPRESENTATION('',(#3033),#3037);
#3033 = LINE('',#3034,#3035);
#3034 = CARTESIAN_POINT('',(0.,-10.));
#3035 = VECTOR('',#3036,1.);
#3036 = DIRECTION('',(1.,0.));
#3037 = ( GEOMETRIC_REPRESENTATION_CONTEXT(2) 
PARAMETRIC_REPRESENTATION_CONTEXT() REPRESENTATION_CONTEXT('2D SPACE',''
  ) );
#3038 = FACE_BOUND('',#3039,.F.);
#3039 = EDGE_LOOP('',(#3040));
#3040 = ORIENTED_EDGE('',*,*,#3041,.F.);
#3041 = EDGE_CURVE('',#3042,#3042,#3044,.T.);
#3042 = VERTEX_POINT('',#3043);
#3043 = CARTESIAN_POINT('',(1.19645E+04,193.,75.));
#3044 = SURFACE_CURVE('',#3045,(#3050,#3057),.PCURVE_S1.);
#3045 = CIRCLE('',#3046,9.5);
#3046 = AXIS2_PLACEMENT_3D('',#3047,#3048,#3049);
#3047 = CARTESIAN_POINT('',(1.1955E+04,193.,75.));
#3048 = DIRECTION('',(0.,-1.,2.22044604925E-16));
#3049 = DIRECTION('',(1.,0.,0.));
#3050 = PCURVE('',#1183,#3051);
#3051 = DEFINITIONAL_REPRESENTATION('',(#3052),#3056);
#3052 = CIRCLE('',#3053,9.5);
#3053 = AXIS2_PLACEMENT_2D('',#3054,#3055);
#3054 = CARTESIAN_POINT('',(-27.5,0.));
#3055 = DIRECTION('',(1.,0.));
#3056 = ( GEOMETRIC_REPRESENTATION_CONTEXT(2) 
PARAMETRIC_REPRESENTATION_CONTEXT() REPRESENTATION_CONTEXT('2D SPACE',''
  ) );
#3057 = PCURVE('',#3058,#3063);
#3058 = CYLINDRICAL_SURFACE('',#3059,9.5);
#3059 = AXIS2_PLACEMENT_3D('',#3060,#3061,#3062);
#3060 = CARTESIAN_POINT('',(1.1955E+04,194.,75.));
#3061 = DIRECTION('',(0.,-1.,2.22044604925E-16));
#3062 = DIRECTION('',(1.,0.,0.));
#3063 = DEFINITIONAL_REPRESENTATION('',(#3064),#3068);
#3064 = LINE('',#3065,#3066);
#3065 = CARTESIAN_POINT('',(0.,1.));
#3066 = VECTOR('',#3067,1.);
#3067 = DIRECTION('',(1.,0.));
#3068 = ( GEOMETRIC_REPRESENTATION_CONTEXT(2) 
PARAMETRIC_REPRESENTATION_CONTEXT() REPRESENTATION_CONTEXT('2D SPACE',''
  ) );
#3069 = ADVANCED_FACE('',(#3070),#1367,.T.);
#3070 = FACE_BOUND('',#3071,.T.);
#3071 = EDGE_LOOP('',(#3072,#3073,#3096,#3123,#3124,#3125));
#3072 = ORIENTED_EDGE('',*,*,#1390,.T.);
#3073 = ORIENTED_EDGE('',*,*,#3074,.T.);
#3074 = EDGE_CURVE('',#1349,#3075,#3077,.T.);
#3075 = VERTEX_POINT('',#3076);
#3076 = CARTESIAN_POINT('',(1.184238444637E+04,300.,345.98076644097));
#3077 = SEAM_CURVE('',#3078,(#3082,#3089),.PCURVE_S1.);
#3078 = LINE('',#3079,#3080);
#3079 = CARTESIAN_POINT('',(1.194845046355E+04,300.,239.91474926299));
#3080 = VECTOR('',#3081,1.);
#3081 = DIRECTION('',(-0.707106781187,0.,0.707106781187));
#3082 = PCURVE('',#1367,#3083);
#3083 = DEFINITIONAL_REPRESENTATION('',(#3084),#3088);
#3084 = LINE('',#3085,#3086);
#3085 = CARTESIAN_POINT('',(0.,-0.));
#3086 = VECTOR('',#3087,1.);
#3087 = DIRECTION('',(0.,1.));
#3088 = ( GEOMETRIC_REPRESENTATION_CONTEXT(2) 
PARAMETRIC_REPRESENTATION_CONTEXT() REPRESENTATION_CONTEXT('2D SPACE',''
  ) );
#3089 = PCURVE('',#1367,#3090);
#3090 = DEFINITIONAL_REPRESENTATION('',(#3091),#3095);
#3091 = LINE('',#3092,#3093);
#3092 = CARTESIAN_POINT('',(6.28318530718,-0.));
#3093 = VECTOR('',#3094,1.);
#3094 = DIRECTION('',(0.,1.));
#3095 = ( GEOMETRIC_REPRESENTATION_CONTEXT(2) 
PARAMETRIC_REPRESENTATION_CONTEXT() REPRESENTATION_CONTEXT('2D SPACE',''
  ) );
#3096 = ORIENTED_EDGE('',*,*,#3097,.F.);
#3097 = EDGE_CURVE('',#3075,#3075,#3098,.T.);
#3098 = SURFACE_CURVE('',#3099,(#3104,#3111),.PCURVE_S1.);
#3099 = CIRCLE('',#3100,16.85);
#3100 = AXIS2_PLACEMENT_3D('',#3101,#3102,#3103);
#3101 = CARTESIAN_POINT('',(1.183046969711E+04,300.,334.06601717798));
#3102 = DIRECTION('',(-0.707106781187,0.,0.707106781187));
#3103 = DIRECTION('',(0.707106781187,0.,0.707106781187));
#3104 = PCURVE('',#1367,#3105);
#3105 = DEFINITIONAL_REPRESENTATION('',(#3106),#3110);
#3106 = LINE('',#3107,#3108);
#3107 = CARTESIAN_POINT('',(0.,150.));
#3108 = VECTOR('',#3109,1.);
#3109 = DIRECTION('',(1.,0.));
#3110 = ( GEOMETRIC_REPRESENTATION_CONTEXT(2) 
PARAMETRIC_REPRESENTATION_CONTEXT() REPRESENTATION_CONTEXT('2D SPACE',''
  ) );
#3111 = PCURVE('',#3112,#3117);
#3112 = PLANE('',#3113);
#3113 = AXIS2_PLACEMENT_3D('',#3114,#3115,#3116);
#3114 = CARTESIAN_POINT('',(1.183046969711E+04,300.,334.06601717798));
#3115 = DIRECTION('',(-0.707106781187,0.,0.707106781187));
#3116 = DIRECTION('',(0.707106781187,0.,0.707106781187));
#3117 = DEFINITIONAL_REPRESENTATION('',(#3118),#3122);
#3118 = CIRCLE('',#3119,16.85);
#3119 = AXIS2_PLACEMENT_2D('',#3120,#3121);
#3120 = CARTESIAN_POINT('',(0.,0.));
#3121 = DIRECTION('',(1.,0.));
#3122 = ( GEOMETRIC_REPRESENTATION_CONTEXT(2) 
PARAMETRIC_REPRESENTATION_CONTEXT() REPRESENTATION_CONTEXT('2D SPACE',''
  ) );
#3123 = ORIENTED_EDGE('',*,*,#3074,.F.);
#3124 = ORIENTED_EDGE('',*,*,#1348,.T.);
#3125 = ORIENTED_EDGE('',*,*,#3126,.T.);
#3126 = EDGE_CURVE('',#1351,#1391,#3127,.T.);
#3127 = SURFACE_CURVE('',#3128,(#3133,#3140),.PCURVE_S1.);
#3128 = CIRCLE('',#3129,16.85);
#3129 = AXIS2_PLACEMENT_3D('',#3130,#3131,#3132);
#3130 = CARTESIAN_POINT('',(1.193653571429E+04,300.,228.));
#3131 = DIRECTION('',(-0.707106781187,0.,0.707106781187));
#3132 = DIRECTION('',(0.707106781187,0.,0.707106781187));
#3133 = PCURVE('',#1367,#3134);
#3134 = DEFINITIONAL_REPRESENTATION('',(#3135),#3139);
#3135 = LINE('',#3136,#3137);
#3136 = CARTESIAN_POINT('',(0.,0.));
#3137 = VECTOR('',#3138,1.);
#3138 = DIRECTION('',(1.,0.));
#3139 = ( GEOMETRIC_REPRESENTATION_CONTEXT(2) 
PARAMETRIC_REPRESENTATION_CONTEXT() REPRESENTATION_CONTEXT('2D SPACE',''
  ) );
#3140 = PCURVE('',#1440,#3141);
#3141 = DEFINITIONAL_REPRESENTATION('',(#3142),#3146);
#3142 = CIRCLE('',#3143,16.85);
#3143 = AXIS2_PLACEMENT_2D('',#3144,#3145);
#3144 = CARTESIAN_POINT('',(0.,0.));
#3145 = DIRECTION('',(1.,0.));
#3146 = ( GEOMETRIC_REPRESENTATION_CONTEXT(2) 
PARAMETRIC_REPRESENTATION_CONTEXT() REPRESENTATION_CONTEXT('2D SPACE',''
  ) );
#3147 = ADVANCED_FACE('',(#3148),#1440,.F.);
#3148 = FACE_BOUND('',#3149,.F.);
#3149 = EDGE_LOOP('',(#3150,#3151,#3152,#3153));
#3150 = ORIENTED_EDGE('',*,*,#1530,.T.);
#3151 = ORIENTED_EDGE('',*,*,#3126,.T.);
#3152 = ORIENTED_EDGE('',*,*,#1425,.T.);
#3153 = ORIENTED_EDGE('',*,*,#3154,.F.);
#3154 = EDGE_CURVE('',#1494,#1426,#3155,.T.);
#3155 = SURFACE_CURVE('',#3156,(#3161,#3168),.PCURVE_S1.);
#3156 = CIRCLE('',#3157,13.65);
#3157 = AXIS2_PLACEMENT_3D('',#3158,#3159,#3160);
#3158 = CARTESIAN_POINT('',(1.193653571429E+04,300.,228.));
#3159 = DIRECTION('',(-0.707106781187,0.,0.707106781187));
#3160 = DIRECTION('',(0.707106781187,0.,0.707106781187));
#3161 = PCURVE('',#1440,#3162);
#3162 = DEFINITIONAL_REPRESENTATION('',(#3163),#3167);
#3163 = CIRCLE('',#3164,13.65);
#3164 = AXIS2_PLACEMENT_2D('',#3165,#3166);
#3165 = CARTESIAN_POINT('',(0.,0.));
#3166 = DIRECTION('',(1.,0.));
#3167 = ( GEOMETRIC_REPRESENTATION_CONTEXT(2) 
PARAMETRIC_REPRESENTATION_CONTEXT() REPRESENTATION_CONTEXT('2D SPACE',''
  ) );
#3168 = PCURVE('',#1468,#3169);
#3169 = DEFINITIONAL_REPRESENTATION('',(#3170),#3174);
#3170 = LINE('',#3171,#3172);
#3171 = CARTESIAN_POINT('',(0.,5.));
#3172 = VECTOR('',#3173,1.);
#3173 = DIRECTION('',(1.,0.));
#3174 = ( GEOMETRIC_REPRESENTATION_CONTEXT(2) 
PARAMETRIC_REPRESENTATION_CONTEXT() REPRESENTATION_CONTEXT('2D SPACE',''
  ) );
#3175 = ADVANCED_FACE('',(#3176),#1468,.F.);
#3176 = FACE_BOUND('',#3177,.F.);
#3177 = EDGE_LOOP('',(#3178,#3179,#3202,#3224,#3225,#3226));
#3178 = ORIENTED_EDGE('',*,*,#1451,.T.);
#3179 = ORIENTED_EDGE('',*,*,#3180,.T.);
#3180 = EDGE_CURVE('',#1452,#3181,#3183,.T.);
#3181 = VERTEX_POINT('',#3182);
#3182 = CARTESIAN_POINT('',(1.184012170467E+04,300.,343.71802474117));
#3183 = SEAM_CURVE('',#3184,(#3188,#3195),.PCURVE_S1.);
#3184 = LINE('',#3185,#3186);
#3185 = CARTESIAN_POINT('',(1.194972325575E+04,300.,234.11647365726));
#3186 = VECTOR('',#3187,1.);
#3187 = DIRECTION('',(-0.707106781187,0.,0.707106781187));
#3188 = PCURVE('',#1468,#3189);
#3189 = DEFINITIONAL_REPRESENTATION('',(#3190),#3194);
#3190 = LINE('',#3191,#3192);
#3191 = CARTESIAN_POINT('',(0.,-0.));
#3192 = VECTOR('',#3193,1.);
#3193 = DIRECTION('',(0.,1.));
#3194 = ( GEOMETRIC_REPRESENTATION_CONTEXT(2) 
PARAMETRIC_REPRESENTATION_CONTEXT() REPRESENTATION_CONTEXT('2D SPACE',''
  ) );
#3195 = PCURVE('',#1468,#3196);
#3196 = DEFINITIONAL_REPRESENTATION('',(#3197),#3201);
#3197 = LINE('',#3198,#3199);
#3198 = CARTESIAN_POINT('',(6.28318530718,-0.));
#3199 = VECTOR('',#3200,1.);
#3200 = DIRECTION('',(0.,1.));
#3201 = ( GEOMETRIC_REPRESENTATION_CONTEXT(2) 
PARAMETRIC_REPRESENTATION_CONTEXT() REPRESENTATION_CONTEXT('2D SPACE',''
  ) );
#3202 = ORIENTED_EDGE('',*,*,#3203,.F.);
#3203 = EDGE_CURVE('',#3181,#3181,#3204,.T.);
#3204 = SURFACE_CURVE('',#3205,(#3210,#3217),.PCURVE_S1.);
#3205 = CIRCLE('',#3206,13.65);
#3206 = AXIS2_PLACEMENT_3D('',#3207,#3208,#3209);
#3207 = CARTESIAN_POINT('',(1.183046969711E+04,300.,334.06601717798));
#3208 = DIRECTION('',(-0.707106781187,0.,0.707106781187));
#3209 = DIRECTION('',(0.707106781187,0.,0.707106781187));
#3210 = PCURVE('',#1468,#3211);
#3211 = DEFINITIONAL_REPRESENTATION('',(#3212),#3216);
#3212 = LINE('',#3213,#3214);
#3213 = CARTESIAN_POINT('',(0.,155.));
#3214 = VECTOR('',#3215,1.);
#3215 = DIRECTION('',(1.,0.));
#3216 = ( GEOMETRIC_REPRESENTATION_CONTEXT(2) 
PARAMETRIC_REPRESENTATION_CONTEXT() REPRESENTATION_CONTEXT('2D SPACE',''
  ) );
#3217 = PCURVE('',#3112,#3218);
#3218 = DEFINITIONAL_REPRESENTATION('',(#3219),#3223);
#3219 = CIRCLE('',#3220,13.65);
#3220 = AXIS2_PLACEMENT_2D('',#3221,#3222);
#3221 = CARTESIAN_POINT('',(2.009718347115E-14,0.));
#3222 = DIRECTION('',(1.,0.));
#3223 = ( GEOMETRIC_REPRESENTATION_CONTEXT(2) 
PARAMETRIC_REPRESENTATION_CONTEXT() REPRESENTATION_CONTEXT('2D SPACE',''
  ) );
#3224 = ORIENTED_EDGE('',*,*,#3180,.F.);
#3225 = ORIENTED_EDGE('',*,*,#1493,.T.);
#3226 = ORIENTED_EDGE('',*,*,#3154,.T.);
#3227 = ADVANCED_FACE('',(#3228),#1618,.F.);
#3228 = FACE_BOUND('',#3229,.F.);
#3229 = EDGE_LOOP('',(#3230,#3253,#3254,#3255,#3276,#3277,#3278));
#3230 = ORIENTED_EDGE('',*,*,#3231,.T.);
#3231 = EDGE_CURVE('',#3232,#1577,#3234,.T.);
#3232 = VERTEX_POINT('',#3233);
#3233 = CARTESIAN_POINT('',(1.2015E+04,384.,0.));
#3234 = SURFACE_CURVE('',#3235,(#3239,#3246),.PCURVE_S1.);
#3235 = LINE('',#3236,#3237);
#3236 = CARTESIAN_POINT('',(1.2015E+04,384.,0.));
#3237 = VECTOR('',#3238,1.);
#3238 = DIRECTION('',(1.,0.,0.));
#3239 = PCURVE('',#1618,#3240);
#3240 = DEFINITIONAL_REPRESENTATION('',(#3241),#3245);
#3241 = LINE('',#3242,#3243);
#3242 = CARTESIAN_POINT('',(-356.1611652351,-12.70221886326));
#3243 = VECTOR('',#3244,1.);
#3244 = DIRECTION('',(1.,0.));
#3245 = ( GEOMETRIC_REPRESENTATION_CONTEXT(2) 
PARAMETRIC_REPRESENTATION_CONTEXT() REPRESENTATION_CONTEXT('2D SPACE',''
  ) );
#3246 = PCURVE('',#1592,#3247);
#3247 = DEFINITIONAL_REPRESENTATION('',(#3248),#3252);
#3248 = LINE('',#3249,#3250);
#3249 = CARTESIAN_POINT('',(0.,-8.));
#3250 = VECTOR('',#3251,1.);
#3251 = DIRECTION('',(1.,0.));
#3252 = ( GEOMETRIC_REPRESENTATION_CONTEXT(2) 
PARAMETRIC_REPRESENTATION_CONTEXT() REPRESENTATION_CONTEXT('2D SPACE',''
  ) );
#3253 = ORIENTED_EDGE('',*,*,#1604,.T.);
#3254 = ORIENTED_EDGE('',*,*,#1680,.T.);
#3255 = ORIENTED_EDGE('',*,*,#3256,.T.);
#3256 = EDGE_CURVE('',#1681,#2578,#3257,.T.);
#3257 = SURFACE_CURVE('',#3258,(#3262,#3269),.PCURVE_S1.);
#3258 = LINE('',#3259,#3260);
#3259 = CARTESIAN_POINT('',(1.2745E+04,384.,25.));
#3260 = VECTOR('',#3261,1.);
#3261 = DIRECTION('',(-1.,0.,0.));
#3262 = PCURVE('',#1618,#3263);
#3263 = DEFINITIONAL_REPRESENTATION('',(#3264),#3268);
#3264 = LINE('',#3265,#3266);
#3265 = CARTESIAN_POINT('',(373.83883476483,12.297781136738));
#3266 = VECTOR('',#3267,1.);
#3267 = DIRECTION('',(-1.,0.));
#3268 = ( GEOMETRIC_REPRESENTATION_CONTEXT(2) 
PARAMETRIC_REPRESENTATION_CONTEXT() REPRESENTATION_CONTEXT('2D SPACE',''
  ) );
#3269 = PCURVE('',#1717,#3270);
#3270 = DEFINITIONAL_REPRESENTATION('',(#3271),#3275);
#3271 = LINE('',#3272,#3273);
#3272 = CARTESIAN_POINT('',(735.,189.));
#3273 = VECTOR('',#3274,1.);
#3274 = DIRECTION('',(-1.,0.));
#3275 = ( GEOMETRIC_REPRESENTATION_CONTEXT(2) 
PARAMETRIC_REPRESENTATION_CONTEXT() REPRESENTATION_CONTEXT('2D SPACE',''
  ) );
#3276 = ORIENTED_EDGE('',*,*,#2577,.T.);
#3277 = ORIENTED_EDGE('',*,*,#2650,.T.);
#3278 = ORIENTED_EDGE('',*,*,#3279,.T.);
#3279 = EDGE_CURVE('',#2651,#3232,#3280,.T.);
#3280 = SURFACE_CURVE('',#3281,(#3285,#3292),.PCURVE_S1.);
#3281 = LINE('',#3282,#3283);
#3282 = CARTESIAN_POINT('',(1.199E+04,384.,25.));
#3283 = VECTOR('',#3284,1.);
#3284 = DIRECTION('',(0.707106781187,0.,-0.707106781187));
#3285 = PCURVE('',#1618,#3286);
#3286 = DEFINITIONAL_REPRESENTATION('',(#3287),#3291);
#3287 = LINE('',#3288,#3289);
#3288 = CARTESIAN_POINT('',(-381.1611652351,12.297781136738));
#3289 = VECTOR('',#3290,1.);
#3290 = DIRECTION('',(0.707106781187,-0.707106781187));
#3291 = ( GEOMETRIC_REPRESENTATION_CONTEXT(2) 
PARAMETRIC_REPRESENTATION_CONTEXT() REPRESENTATION_CONTEXT('2D SPACE',''
  ) );
#3292 = PCURVE('',#2562,#3293);
#3293 = DEFINITIONAL_REPRESENTATION('',(#3294),#3298);
#3294 = LINE('',#3295,#3296);
#3295 = CARTESIAN_POINT('',(0.,-8.));
#3296 = VECTOR('',#3297,1.);
#3297 = DIRECTION('',(1.,0.));
#3298 = ( GEOMETRIC_REPRESENTATION_CONTEXT(2) 
PARAMETRIC_REPRESENTATION_CONTEXT() REPRESENTATION_CONTEXT('2D SPACE',''
  ) );
#3299 = ADVANCED_FACE('',(#3300),#1592,.T.);
#3300 = FACE_BOUND('',#3301,.T.);
#3301 = EDGE_LOOP('',(#3302,#3323,#3324,#3325));
#3302 = ORIENTED_EDGE('',*,*,#3303,.T.);
#3303 = EDGE_CURVE('',#2499,#3232,#3304,.T.);
#3304 = SURFACE_CURVE('',#3305,(#3309,#3316),.PCURVE_S1.);
#3305 = LINE('',#3306,#3307);
#3306 = CARTESIAN_POINT('',(1.2015E+04,376.,0.));
#3307 = VECTOR('',#3308,1.);
#3308 = DIRECTION('',(-0.,1.,-0.));
#3309 = PCURVE('',#1592,#3310);
#3310 = DEFINITIONAL_REPRESENTATION('',(#3311),#3315);
#3311 = LINE('',#3312,#3313);
#3312 = CARTESIAN_POINT('',(0.,0.));
#3313 = VECTOR('',#3314,1.);
#3314 = DIRECTION('',(0.,-1.));
#3315 = ( GEOMETRIC_REPRESENTATION_CONTEXT(2) 
PARAMETRIC_REPRESENTATION_CONTEXT() REPRESENTATION_CONTEXT('2D SPACE',''
  ) );
#3316 = PCURVE('',#2562,#3317);
#3317 = DEFINITIONAL_REPRESENTATION('',(#3318),#3322);
#3318 = LINE('',#3319,#3320);
#3319 = CARTESIAN_POINT('',(35.355339059327,0.));
#3320 = VECTOR('',#3321,1.);
#3321 = DIRECTION('',(0.,-1.));
#3322 = ( GEOMETRIC_REPRESENTATION_CONTEXT(2) 
PARAMETRIC_REPRESENTATION_CONTEXT() REPRESENTATION_CONTEXT('2D SPACE',''
  ) );
#3323 = ORIENTED_EDGE('',*,*,#3231,.T.);
#3324 = ORIENTED_EDGE('',*,*,#1576,.F.);
#3325 = ORIENTED_EDGE('',*,*,#2498,.F.);
#3326 = ADVANCED_FACE('',(#3327),#1717,.F.);
#3327 = FACE_BOUND('',#3328,.F.);
#3328 = EDGE_LOOP('',(#3329,#3330,#3331,#3332));
#3329 = ORIENTED_EDGE('',*,*,#2624,.F.);
#3330 = ORIENTED_EDGE('',*,*,#3256,.F.);
#3331 = ORIENTED_EDGE('',*,*,#1703,.T.);
#3332 = ORIENTED_EDGE('',*,*,#2700,.F.);
#3333 = ADVANCED_FACE('',(#3334),#1772,.T.);
#3334 = FACE_BOUND('',#3335,.T.);
#3335 = EDGE_LOOP('',(#3336,#3337,#3338,#3359));
#3336 = ORIENTED_EDGE('',*,*,#1756,.T.);
#3337 = ORIENTED_EDGE('',*,*,#2179,.T.);
#3338 = ORIENTED_EDGE('',*,*,#3339,.F.);
#3339 = EDGE_CURVE('',#1834,#2180,#3340,.T.);
#3340 = SURFACE_CURVE('',#3341,(#3345,#3352),.PCURVE_S1.);
#3341 = LINE('',#3342,#3343);
#3342 = CARTESIAN_POINT('',(1.2805E+04,193.,2.5));
#3343 = VECTOR('',#3344,1.);
#3344 = DIRECTION('',(-0.,1.,-0.));
#3345 = PCURVE('',#1772,#3346);
#3346 = DEFINITIONAL_REPRESENTATION('',(#3347),#3351);
#3347 = LINE('',#3348,#3349);
#3348 = CARTESIAN_POINT('',(2.5,0.));
#3349 = VECTOR('',#3350,1.);
#3350 = DIRECTION('',(0.,-1.));
#3351 = ( GEOMETRIC_REPRESENTATION_CONTEXT(2) 
PARAMETRIC_REPRESENTATION_CONTEXT() REPRESENTATION_CONTEXT('2D SPACE',''
  ) );
#3352 = PCURVE('',#1872,#3353);
#3353 = DEFINITIONAL_REPRESENTATION('',(#3354),#3358);
#3354 = LINE('',#3355,#3356);
#3355 = CARTESIAN_POINT('',(0.,0.));
#3356 = VECTOR('',#3357,1.);
#3357 = DIRECTION('',(0.,-1.));
#3358 = ( GEOMETRIC_REPRESENTATION_CONTEXT(2) 
PARAMETRIC_REPRESENTATION_CONTEXT() REPRESENTATION_CONTEXT('2D SPACE',''
  ) );
#3359 = ORIENTED_EDGE('',*,*,#1833,.F.);
#3360 = ADVANCED_FACE('',(#3361),#2139,.T.);
#3361 = FACE_BOUND('',#3362,.T.);
#3362 = EDGE_LOOP('',(#3363,#3386,#3387,#3388,#3411));
#3363 = ORIENTED_EDGE('',*,*,#3364,.T.);
#3364 = EDGE_CURVE('',#3365,#2969,#3367,.T.);
#3365 = VERTEX_POINT('',#3366);
#3366 = CARTESIAN_POINT('',(1.1925E+04,183.,40.));
#3367 = SURFACE_CURVE('',#3368,(#3372,#3379),.PCURVE_S1.);
#3368 = LINE('',#3369,#3370);
#3369 = CARTESIAN_POINT('',(1.1925E+04,183.,40.));
#3370 = VECTOR('',#3371,1.);
#3371 = DIRECTION('',(-0.,1.,-0.));
#3372 = PCURVE('',#2139,#3373);
#3373 = DEFINITIONAL_REPRESENTATION('',(#3374),#3378);
#3374 = LINE('',#3375,#3376);
#3375 = CARTESIAN_POINT('',(0.,0.));
#3376 = VECTOR('',#3377,1.);
#3377 = DIRECTION('',(0.,-1.));
#3378 = ( GEOMETRIC_REPRESENTATION_CONTEXT(2) 
PARAMETRIC_REPRESENTATION_CONTEXT() REPRESENTATION_CONTEXT('2D SPACE',''
  ) );
#3379 = PCURVE('',#2984,#3380);
#3380 = DEFINITIONAL_REPRESENTATION('',(#3381),#3385);
#3381 = LINE('',#3382,#3383);
#3382 = CARTESIAN_POINT('',(70.,0.));
#3383 = VECTOR('',#3384,1.);
#3384 = DIRECTION('',(0.,-1.));
#3385 = ( GEOMETRIC_REPRESENTATION_CONTEXT(2) 
PARAMETRIC_REPRESENTATION_CONTEXT() REPRESENTATION_CONTEXT('2D SPACE',''
  ) );
#3386 = ORIENTED_EDGE('',*,*,#2996,.T.);
#3387 = ORIENTED_EDGE('',*,*,#2125,.T.);
#3388 = ORIENTED_EDGE('',*,*,#3389,.F.);
#3389 = EDGE_CURVE('',#3390,#2098,#3392,.T.);
#3390 = VERTEX_POINT('',#3391);
#3391 = CARTESIAN_POINT('',(1.204E+04,183.,40.));
#3392 = SURFACE_CURVE('',#3393,(#3397,#3404),.PCURVE_S1.);
#3393 = LINE('',#3394,#3395);
#3394 = CARTESIAN_POINT('',(1.204E+04,183.,40.));
#3395 = VECTOR('',#3396,1.);
#3396 = DIRECTION('',(-0.,1.,-0.));
#3397 = PCURVE('',#2139,#3398);
#3398 = DEFINITIONAL_REPRESENTATION('',(#3399),#3403);
#3399 = LINE('',#3400,#3401);
#3400 = CARTESIAN_POINT('',(115.,0.));
#3401 = VECTOR('',#3402,1.);
#3402 = DIRECTION('',(0.,-1.));
#3403 = ( GEOMETRIC_REPRESENTATION_CONTEXT(2) 
PARAMETRIC_REPRESENTATION_CONTEXT() REPRESENTATION_CONTEXT('2D SPACE',''
  ) );
#3404 = PCURVE('',#2113,#3405);
#3405 = DEFINITIONAL_REPRESENTATION('',(#3406),#3410);
#3406 = LINE('',#3407,#3408);
#3407 = CARTESIAN_POINT('',(0.,0.));
#3408 = VECTOR('',#3409,1.);
#3409 = DIRECTION('',(0.,-1.));
#3410 = ( GEOMETRIC_REPRESENTATION_CONTEXT(2) 
PARAMETRIC_REPRESENTATION_CONTEXT() REPRESENTATION_CONTEXT('2D SPACE',''
  ) );
#3411 = ORIENTED_EDGE('',*,*,#3412,.F.);
#3412 = EDGE_CURVE('',#3365,#3390,#3413,.T.);
#3413 = SURFACE_CURVE('',#3414,(#3418,#3425),.PCURVE_S1.);
#3414 = LINE('',#3415,#3416);
#3415 = CARTESIAN_POINT('',(1.1925E+04,183.,40.));
#3416 = VECTOR('',#3417,1.);
#3417 = DIRECTION('',(1.,0.,0.));
#3418 = PCURVE('',#2139,#3419);
#3419 = DEFINITIONAL_REPRESENTATION('',(#3420),#3424);
#3420 = LINE('',#3421,#3422);
#3421 = CARTESIAN_POINT('',(0.,0.));
#3422 = VECTOR('',#3423,1.);
#3423 = DIRECTION('',(1.,0.));
#3424 = ( GEOMETRIC_REPRESENTATION_CONTEXT(2) 
PARAMETRIC_REPRESENTATION_CONTEXT() REPRESENTATION_CONTEXT('2D SPACE',''
  ) );
#3425 = PCURVE('',#3426,#3431);
#3426 = PLANE('',#3427);
#3427 = AXIS2_PLACEMENT_3D('',#3428,#3429,#3430);
#3428 = CARTESIAN_POINT('',(1.19825E+04,183.,75.));
#3429 = DIRECTION('',(0.,-1.,0.));
#3430 = DIRECTION('',(1.,0.,0.));
#3431 = DEFINITIONAL_REPRESENTATION('',(#3432),#3436);
#3432 = LINE('',#3433,#3434);
#3433 = CARTESIAN_POINT('',(-57.5,-35.));
#3434 = VECTOR('',#3435,1.);
#3435 = DIRECTION('',(1.,0.));
#3436 = ( GEOMETRIC_REPRESENTATION_CONTEXT(2) 
PARAMETRIC_REPRESENTATION_CONTEXT() REPRESENTATION_CONTEXT('2D SPACE',''
  ) );
#3437 = ADVANCED_FACE('',(#3438),#2113,.T.);
#3438 = FACE_BOUND('',#3439,.T.);
#3439 = EDGE_LOOP('',(#3440,#3441,#3442,#3465));
#3440 = ORIENTED_EDGE('',*,*,#3389,.T.);
#3441 = ORIENTED_EDGE('',*,*,#2097,.T.);
#3442 = ORIENTED_EDGE('',*,*,#3443,.F.);
#3443 = EDGE_CURVE('',#3444,#2070,#3446,.T.);
#3444 = VERTEX_POINT('',#3445);
#3445 = CARTESIAN_POINT('',(1.204E+04,183.,110.));
#3446 = SURFACE_CURVE('',#3447,(#3451,#3458),.PCURVE_S1.);
#3447 = LINE('',#3448,#3449);
#3448 = CARTESIAN_POINT('',(1.204E+04,183.,110.));
#3449 = VECTOR('',#3450,1.);
#3450 = DIRECTION('',(-0.,1.,-0.));
#3451 = PCURVE('',#2113,#3452);
#3452 = DEFINITIONAL_REPRESENTATION('',(#3453),#3457);
#3453 = LINE('',#3454,#3455);
#3454 = CARTESIAN_POINT('',(70.,0.));
#3455 = VECTOR('',#3456,1.);
#3456 = DIRECTION('',(0.,-1.));
#3457 = ( GEOMETRIC_REPRESENTATION_CONTEXT(2) 
PARAMETRIC_REPRESENTATION_CONTEXT() REPRESENTATION_CONTEXT('2D SPACE',''
  ) );
#3458 = PCURVE('',#2085,#3459);
#3459 = DEFINITIONAL_REPRESENTATION('',(#3460),#3464);
#3460 = LINE('',#3461,#3462);
#3461 = CARTESIAN_POINT('',(0.,0.));
#3462 = VECTOR('',#3463,1.);
#3463 = DIRECTION('',(0.,-1.));
#3464 = ( GEOMETRIC_REPRESENTATION_CONTEXT(2) 
PARAMETRIC_REPRESENTATION_CONTEXT() REPRESENTATION_CONTEXT('2D SPACE',''
  ) );
#3465 = ORIENTED_EDGE('',*,*,#3466,.F.);
#3466 = EDGE_CURVE('',#3390,#3444,#3467,.T.);
#3467 = SURFACE_CURVE('',#3468,(#3472,#3479),.PCURVE_S1.);
#3468 = LINE('',#3469,#3470);
#3469 = CARTESIAN_POINT('',(1.204E+04,183.,40.));
#3470 = VECTOR('',#3471,1.);
#3471 = DIRECTION('',(0.,0.,1.));
#3472 = PCURVE('',#2113,#3473);
#3473 = DEFINITIONAL_REPRESENTATION('',(#3474),#3478);
#3474 = LINE('',#3475,#3476);
#3475 = CARTESIAN_POINT('',(0.,0.));
#3476 = VECTOR('',#3477,1.);
#3477 = DIRECTION('',(1.,0.));
#3478 = ( GEOMETRIC_REPRESENTATION_CONTEXT(2) 
PARAMETRIC_REPRESENTATION_CONTEXT() REPRESENTATION_CONTEXT('2D SPACE',''
  ) );
#3479 = PCURVE('',#3426,#3480);
#3480 = DEFINITIONAL_REPRESENTATION('',(#3481),#3485);
#3481 = LINE('',#3482,#3483);
#3482 = CARTESIAN_POINT('',(57.5,-35.));
#3483 = VECTOR('',#3484,1.);
#3484 = DIRECTION('',(0.,1.));
#3485 = ( GEOMETRIC_REPRESENTATION_CONTEXT(2) 
PARAMETRIC_REPRESENTATION_CONTEXT() REPRESENTATION_CONTEXT('2D SPACE',''
  ) );
#3486 = ADVANCED_FACE('',(#3487),#2085,.T.);
#3487 = FACE_BOUND('',#3488,.T.);
#3488 = EDGE_LOOP('',(#3489,#3490,#3491,#3492,#3515));
#3489 = ORIENTED_EDGE('',*,*,#3443,.T.);
#3490 = ORIENTED_EDGE('',*,*,#2069,.T.);
#3491 = ORIENTED_EDGE('',*,*,#3018,.T.);
#3492 = ORIENTED_EDGE('',*,*,#3493,.F.);
#3493 = EDGE_CURVE('',#3494,#2967,#3496,.T.);
#3494 = VERTEX_POINT('',#3495);
#3495 = CARTESIAN_POINT('',(1.1925E+04,183.,110.));
#3496 = SURFACE_CURVE('',#3497,(#3501,#3508),.PCURVE_S1.);
#3497 = LINE('',#3498,#3499);
#3498 = CARTESIAN_POINT('',(1.1925E+04,183.,110.));
#3499 = VECTOR('',#3500,1.);
#3500 = DIRECTION('',(-0.,1.,-0.));
#3501 = PCURVE('',#2085,#3502);
#3502 = DEFINITIONAL_REPRESENTATION('',(#3503),#3507);
#3503 = LINE('',#3504,#3505);
#3504 = CARTESIAN_POINT('',(115.,0.));
#3505 = VECTOR('',#3506,1.);
#3506 = DIRECTION('',(0.,-1.));
#3507 = ( GEOMETRIC_REPRESENTATION_CONTEXT(2) 
PARAMETRIC_REPRESENTATION_CONTEXT() REPRESENTATION_CONTEXT('2D SPACE',''
  ) );
#3508 = PCURVE('',#2984,#3509);
#3509 = DEFINITIONAL_REPRESENTATION('',(#3510),#3514);
#3510 = LINE('',#3511,#3512);
#3511 = CARTESIAN_POINT('',(0.,0.));
#3512 = VECTOR('',#3513,1.);
#3513 = DIRECTION('',(0.,-1.));
#3514 = ( GEOMETRIC_REPRESENTATION_CONTEXT(2) 
PARAMETRIC_REPRESENTATION_CONTEXT() REPRESENTATION_CONTEXT('2D SPACE',''
  ) );
#3515 = ORIENTED_EDGE('',*,*,#3516,.F.);
#3516 = EDGE_CURVE('',#3444,#3494,#3517,.T.);
#3517 = SURFACE_CURVE('',#3518,(#3522,#3529),.PCURVE_S1.);
#3518 = LINE('',#3519,#3520);
#3519 = CARTESIAN_POINT('',(1.204E+04,183.,110.));
#3520 = VECTOR('',#3521,1.);
#3521 = DIRECTION('',(-1.,0.,0.));
#3522 = PCURVE('',#2085,#3523);
#3523 = DEFINITIONAL_REPRESENTATION('',(#3524),#3528);
#3524 = LINE('',#3525,#3526);
#3525 = CARTESIAN_POINT('',(0.,0.));
#3526 = VECTOR('',#3527,1.);
#3527 = DIRECTION('',(1.,0.));
#3528 = ( GEOMETRIC_REPRESENTATION_CONTEXT(2) 
PARAMETRIC_REPRESENTATION_CONTEXT() REPRESENTATION_CONTEXT('2D SPACE',''
  ) );
#3529 = PCURVE('',#3426,#3530);
#3530 = DEFINITIONAL_REPRESENTATION('',(#3531),#3535);
#3531 = LINE('',#3532,#3533);
#3532 = CARTESIAN_POINT('',(57.5,35.));
#3533 = VECTOR('',#3534,1.);
#3534 = DIRECTION('',(-1.,0.));
#3535 = ( GEOMETRIC_REPRESENTATION_CONTEXT(2) 
PARAMETRIC_REPRESENTATION_CONTEXT() REPRESENTATION_CONTEXT('2D SPACE',''
  ) );
#3536 = ADVANCED_FACE('',(#3537),#1928,.T.);
#3537 = FACE_BOUND('',#3538,.T.);
#3538 = EDGE_LOOP('',(#3539,#3540,#3563,#3584,#3585,#3586));
#3539 = ORIENTED_EDGE('',*,*,#1912,.F.);
#3540 = ORIENTED_EDGE('',*,*,#3541,.T.);
#3541 = EDGE_CURVE('',#1885,#3542,#3544,.T.);
#3542 = VERTEX_POINT('',#3543);
#3543 = CARTESIAN_POINT('',(1.2745E+04,195.,27.));
#3544 = SURFACE_CURVE('',#3545,(#3549,#3556),.PCURVE_S1.);
#3545 = LINE('',#3546,#3547);
#3546 = CARTESIAN_POINT('',(1.2745E+04,193.,27.));
#3547 = VECTOR('',#3548,1.);
#3548 = DIRECTION('',(-0.,1.,-0.));
#3549 = PCURVE('',#1928,#3550);
#3550 = DEFINITIONAL_REPRESENTATION('',(#3551),#3555);
#3551 = LINE('',#3552,#3553);
#3552 = CARTESIAN_POINT('',(27.,23.));
#3553 = VECTOR('',#3554,1.);
#3554 = DIRECTION('',(0.,-1.));
#3555 = ( GEOMETRIC_REPRESENTATION_CONTEXT(2) 
PARAMETRIC_REPRESENTATION_CONTEXT() REPRESENTATION_CONTEXT('2D SPACE',''
  ) );
#3556 = PCURVE('',#1900,#3557);
#3557 = DEFINITIONAL_REPRESENTATION('',(#3558),#3562);
#3558 = LINE('',#3559,#3560);
#3559 = CARTESIAN_POINT('',(8.,0.));
#3560 = VECTOR('',#3561,1.);
#3561 = DIRECTION('',(0.,-1.));
#3562 = ( GEOMETRIC_REPRESENTATION_CONTEXT(2) 
PARAMETRIC_REPRESENTATION_CONTEXT() REPRESENTATION_CONTEXT('2D SPACE',''
  ) );
#3563 = ORIENTED_EDGE('',*,*,#3564,.T.);
#3564 = EDGE_CURVE('',#3542,#2833,#3565,.T.);
#3565 = SURFACE_CURVE('',#3566,(#3570,#3577),.PCURVE_S1.);
#3566 = LINE('',#3567,#3568);
#3567 = CARTESIAN_POINT('',(1.2745E+04,195.,25.));
#3568 = VECTOR('',#3569,1.);
#3569 = DIRECTION('',(0.,0.,1.));
#3570 = PCURVE('',#1928,#3571);
#3571 = DEFINITIONAL_REPRESENTATION('',(#3572),#3576);
#3572 = LINE('',#3573,#3574);
#3573 = CARTESIAN_POINT('',(25.,21.));
#3574 = VECTOR('',#3575,1.);
#3575 = DIRECTION('',(1.,0.));
#3576 = ( GEOMETRIC_REPRESENTATION_CONTEXT(2) 
PARAMETRIC_REPRESENTATION_CONTEXT() REPRESENTATION_CONTEXT('2D SPACE',''
  ) );
#3577 = PCURVE('',#2871,#3578);
#3578 = DEFINITIONAL_REPRESENTATION('',(#3579),#3583);
#3579 = LINE('',#3580,#3581);
#3580 = CARTESIAN_POINT('',(400.52666192761,-146.9931795529));
#3581 = VECTOR('',#3582,1.);
#3582 = DIRECTION('',(0.,1.));
#3583 = ( GEOMETRIC_REPRESENTATION_CONTEXT(2) 
PARAMETRIC_REPRESENTATION_CONTEXT() REPRESENTATION_CONTEXT('2D SPACE',''
  ) );
#3584 = ORIENTED_EDGE('',*,*,#2832,.F.);
#3585 = ORIENTED_EDGE('',*,*,#2024,.F.);
#3586 = ORIENTED_EDGE('',*,*,#3587,.F.);
#3587 = EDGE_CURVE('',#1913,#1997,#3588,.T.);
#3588 = SURFACE_CURVE('',#3589,(#3593,#3600),.PCURVE_S1.);
#3589 = LINE('',#3590,#3591);
#3590 = CARTESIAN_POINT('',(1.2745E+04,193.,25.));
#3591 = VECTOR('',#3592,1.);
#3592 = DIRECTION('',(0.,0.,1.));
#3593 = PCURVE('',#1928,#3594);
#3594 = DEFINITIONAL_REPRESENTATION('',(#3595),#3599);
#3595 = LINE('',#3596,#3597);
#3596 = CARTESIAN_POINT('',(25.,23.));
#3597 = VECTOR('',#3598,1.);
#3598 = DIRECTION('',(1.,0.));
#3599 = ( GEOMETRIC_REPRESENTATION_CONTEXT(2) 
PARAMETRIC_REPRESENTATION_CONTEXT() REPRESENTATION_CONTEXT('2D SPACE',''
  ) );
#3600 = PCURVE('',#3601,#3606);
#3601 = PLANE('',#3602);
#3602 = AXIS2_PLACEMENT_3D('',#3603,#3604,#3605);
#3603 = CARTESIAN_POINT('',(1.2735E+04,193.,75.));
#3604 = DIRECTION('',(0.,-1.,0.));
#3605 = DIRECTION('',(1.,0.,0.));
#3606 = DEFINITIONAL_REPRESENTATION('',(#3607),#3611);
#3607 = LINE('',#3608,#3609);
#3608 = CARTESIAN_POINT('',(10.,-50.));
#3609 = VECTOR('',#3610,1.);
#3610 = DIRECTION('',(0.,1.));
#3611 = ( GEOMETRIC_REPRESENTATION_CONTEXT(2) 
PARAMETRIC_REPRESENTATION_CONTEXT() REPRESENTATION_CONTEXT('2D SPACE',''
  ) );
#3612 = ADVANCED_FACE('',(#3613),#2012,.T.);
#3613 = FACE_BOUND('',#3614,.T.);
#3614 = EDGE_LOOP('',(#3615,#3645,#3666,#3667,#3690));
#3615 = ORIENTED_EDGE('',*,*,#3616,.T.);
#3616 = EDGE_CURVE('',#3617,#3619,#3621,.T.);
#3617 = VERTEX_POINT('',#3618);
#3618 = CARTESIAN_POINT('',(1.2785E+04,183.,110.));
#3619 = VERTEX_POINT('',#3620);
#3620 = CARTESIAN_POINT('',(1.2785E+04,193.,110.));
#3621 = SURFACE_CURVE('',#3622,(#3626,#3633),.PCURVE_S1.);
#3622 = LINE('',#3623,#3624);
#3623 = CARTESIAN_POINT('',(1.2785E+04,183.,110.));
#3624 = VECTOR('',#3625,1.);
#3625 = DIRECTION('',(-0.,1.,-0.));
#3626 = PCURVE('',#2012,#3627);
#3627 = DEFINITIONAL_REPRESENTATION('',(#3628),#3632);
#3628 = LINE('',#3629,#3630);
#3629 = CARTESIAN_POINT('',(0.,0.));
#3630 = VECTOR('',#3631,1.);
#3631 = DIRECTION('',(0.,-1.));
#3632 = ( GEOMETRIC_REPRESENTATION_CONTEXT(2) 
PARAMETRIC_REPRESENTATION_CONTEXT() REPRESENTATION_CONTEXT('2D SPACE',''
  ) );
#3633 = PCURVE('',#3634,#3639);
#3634 = PLANE('',#3635);
#3635 = AXIS2_PLACEMENT_3D('',#3636,#3637,#3638);
#3636 = CARTESIAN_POINT('',(1.2785E+04,183.,40.));
#3637 = DIRECTION('',(1.,0.,-0.));
#3638 = DIRECTION('',(0.,0.,1.));
#3639 = DEFINITIONAL_REPRESENTATION('',(#3640),#3644);
#3640 = LINE('',#3641,#3642);
#3641 = CARTESIAN_POINT('',(70.,0.));
#3642 = VECTOR('',#3643,1.);
#3643 = DIRECTION('',(0.,-1.));
#3644 = ( GEOMETRIC_REPRESENTATION_CONTEXT(2) 
PARAMETRIC_REPRESENTATION_CONTEXT() REPRESENTATION_CONTEXT('2D SPACE',''
  ) );
#3645 = ORIENTED_EDGE('',*,*,#3646,.T.);
#3646 = EDGE_CURVE('',#3619,#1997,#3647,.T.);
#3647 = SURFACE_CURVE('',#3648,(#3652,#3659),.PCURVE_S1.);
#3648 = LINE('',#3649,#3650);
#3649 = CARTESIAN_POINT('',(1.2785E+04,193.,110.));
#3650 = VECTOR('',#3651,1.);
#3651 = DIRECTION('',(-1.,0.,0.));
#3652 = PCURVE('',#2012,#3653);
#3653 = DEFINITIONAL_REPRESENTATION('',(#3654),#3658);
#3654 = LINE('',#3655,#3656);
#3655 = CARTESIAN_POINT('',(0.,-10.));
#3656 = VECTOR('',#3657,1.);
#3657 = DIRECTION('',(1.,0.));
#3658 = ( GEOMETRIC_REPRESENTATION_CONTEXT(2) 
PARAMETRIC_REPRESENTATION_CONTEXT() REPRESENTATION_CONTEXT('2D SPACE',''
  ) );
#3659 = PCURVE('',#3601,#3660);
#3660 = DEFINITIONAL_REPRESENTATION('',(#3661),#3665);
#3661 = LINE('',#3662,#3663);
#3662 = CARTESIAN_POINT('',(50.,35.));
#3663 = VECTOR('',#3664,1.);
#3664 = DIRECTION('',(-1.,0.));
#3665 = ( GEOMETRIC_REPRESENTATION_CONTEXT(2) 
PARAMETRIC_REPRESENTATION_CONTEXT() REPRESENTATION_CONTEXT('2D SPACE',''
  ) );
#3666 = ORIENTED_EDGE('',*,*,#1996,.T.);
#3667 = ORIENTED_EDGE('',*,*,#3668,.F.);
#3668 = EDGE_CURVE('',#3669,#1969,#3671,.T.);
#3669 = VERTEX_POINT('',#3670);
#3670 = CARTESIAN_POINT('',(1.2685E+04,183.,110.));
#3671 = SURFACE_CURVE('',#3672,(#3676,#3683),.PCURVE_S1.);
#3672 = LINE('',#3673,#3674);
#3673 = CARTESIAN_POINT('',(1.2685E+04,183.,110.));
#3674 = VECTOR('',#3675,1.);
#3675 = DIRECTION('',(-0.,1.,-0.));
#3676 = PCURVE('',#2012,#3677);
#3677 = DEFINITIONAL_REPRESENTATION('',(#3678),#3682);
#3678 = LINE('',#3679,#3680);
#3679 = CARTESIAN_POINT('',(100.,0.));
#3680 = VECTOR('',#3681,1.);
#3681 = DIRECTION('',(0.,-1.));
#3682 = ( GEOMETRIC_REPRESENTATION_CONTEXT(2) 
PARAMETRIC_REPRESENTATION_CONTEXT() REPRESENTATION_CONTEXT('2D SPACE',''
  ) );
#3683 = PCURVE('',#1984,#3684);
#3684 = DEFINITIONAL_REPRESENTATION('',(#3685),#3689);
#3685 = LINE('',#3686,#3687);
#3686 = CARTESIAN_POINT('',(0.,0.));
#3687 = VECTOR('',#3688,1.);
#3688 = DIRECTION('',(0.,-1.));
#3689 = ( GEOMETRIC_REPRESENTATION_CONTEXT(2) 
PARAMETRIC_REPRESENTATION_CONTEXT() REPRESENTATION_CONTEXT('2D SPACE',''
  ) );
#3690 = ORIENTED_EDGE('',*,*,#3691,.F.);
#3691 = EDGE_CURVE('',#3617,#3669,#3692,.T.);
#3692 = SURFACE_CURVE('',#3693,(#3697,#3704),.PCURVE_S1.);
#3693 = LINE('',#3694,#3695);
#3694 = CARTESIAN_POINT('',(1.2785E+04,183.,110.));
#3695 = VECTOR('',#3696,1.);
#3696 = DIRECTION('',(-1.,0.,0.));
#3697 = PCURVE('',#2012,#3698);
#3698 = DEFINITIONAL_REPRESENTATION('',(#3699),#3703);
#3699 = LINE('',#3700,#3701);
#3700 = CARTESIAN_POINT('',(0.,0.));
#3701 = VECTOR('',#3702,1.);
#3702 = DIRECTION('',(1.,0.));
#3703 = ( GEOMETRIC_REPRESENTATION_CONTEXT(2) 
PARAMETRIC_REPRESENTATION_CONTEXT() REPRESENTATION_CONTEXT('2D SPACE',''
  ) );
#3704 = PCURVE('',#3705,#3710);
#3705 = PLANE('',#3706);
#3706 = AXIS2_PLACEMENT_3D('',#3707,#3708,#3709);
#3707 = CARTESIAN_POINT('',(1.2735E+04,183.,75.));
#3708 = DIRECTION('',(0.,-1.,0.));
#3709 = DIRECTION('',(1.,0.,0.));
#3710 = DEFINITIONAL_REPRESENTATION('',(#3711),#3715);
#3711 = LINE('',#3712,#3713);
#3712 = CARTESIAN_POINT('',(50.,35.));
#3713 = VECTOR('',#3714,1.);
#3714 = DIRECTION('',(-1.,0.));
#3715 = ( GEOMETRIC_REPRESENTATION_CONTEXT(2) 
PARAMETRIC_REPRESENTATION_CONTEXT() REPRESENTATION_CONTEXT('2D SPACE',''
  ) );
#3716 = ADVANCED_FACE('',(#3717),#1984,.T.);
#3717 = FACE_BOUND('',#3718,.T.);
#3718 = EDGE_LOOP('',(#3719,#3720,#3721,#3744));
#3719 = ORIENTED_EDGE('',*,*,#3668,.T.);
#3720 = ORIENTED_EDGE('',*,*,#1968,.T.);
#3721 = ORIENTED_EDGE('',*,*,#3722,.F.);
#3722 = EDGE_CURVE('',#3723,#1941,#3725,.T.);
#3723 = VERTEX_POINT('',#3724);
#3724 = CARTESIAN_POINT('',(1.2685E+04,183.,40.));
#3725 = SURFACE_CURVE('',#3726,(#3730,#3737),.PCURVE_S1.);
#3726 = LINE('',#3727,#3728);
#3727 = CARTESIAN_POINT('',(1.2685E+04,183.,40.));
#3728 = VECTOR('',#3729,1.);
#3729 = DIRECTION('',(-0.,1.,-0.));
#3730 = PCURVE('',#1984,#3731);
#3731 = DEFINITIONAL_REPRESENTATION('',(#3732),#3736);
#3732 = LINE('',#3733,#3734);
#3733 = CARTESIAN_POINT('',(70.,0.));
#3734 = VECTOR('',#3735,1.);
#3735 = DIRECTION('',(0.,-1.));
#3736 = ( GEOMETRIC_REPRESENTATION_CONTEXT(2) 
PARAMETRIC_REPRESENTATION_CONTEXT() REPRESENTATION_CONTEXT('2D SPACE',''
  ) );
#3737 = PCURVE('',#1956,#3738);
#3738 = DEFINITIONAL_REPRESENTATION('',(#3739),#3743);
#3739 = LINE('',#3740,#3741);
#3740 = CARTESIAN_POINT('',(0.,0.));
#3741 = VECTOR('',#3742,1.);
#3742 = DIRECTION('',(0.,-1.));
#3743 = ( GEOMETRIC_REPRESENTATION_CONTEXT(2) 
PARAMETRIC_REPRESENTATION_CONTEXT() REPRESENTATION_CONTEXT('2D SPACE',''
  ) );
#3744 = ORIENTED_EDGE('',*,*,#3745,.F.);
#3745 = EDGE_CURVE('',#3669,#3723,#3746,.T.);
#3746 = SURFACE_CURVE('',#3747,(#3751,#3758),.PCURVE_S1.);
#3747 = LINE('',#3748,#3749);
#3748 = CARTESIAN_POINT('',(1.2685E+04,183.,110.));
#3749 = VECTOR('',#3750,1.);
#3750 = DIRECTION('',(0.,0.,-1.));
#3751 = PCURVE('',#1984,#3752);
#3752 = DEFINITIONAL_REPRESENTATION('',(#3753),#3757);
#3753 = LINE('',#3754,#3755);
#3754 = CARTESIAN_POINT('',(0.,0.));
#3755 = VECTOR('',#3756,1.);
#3756 = DIRECTION('',(1.,0.));
#3757 = ( GEOMETRIC_REPRESENTATION_CONTEXT(2) 
PARAMETRIC_REPRESENTATION_CONTEXT() REPRESENTATION_CONTEXT('2D SPACE',''
  ) );
#3758 = PCURVE('',#3705,#3759);
#3759 = DEFINITIONAL_REPRESENTATION('',(#3760),#3764);
#3760 = LINE('',#3761,#3762);
#3761 = CARTESIAN_POINT('',(-50.,35.));
#3762 = VECTOR('',#3763,1.);
#3763 = DIRECTION('',(0.,-1.));
#3764 = ( GEOMETRIC_REPRESENTATION_CONTEXT(2) 
PARAMETRIC_REPRESENTATION_CONTEXT() REPRESENTATION_CONTEXT('2D SPACE',''
  ) );
#3765 = ADVANCED_FACE('',(#3766),#1956,.T.);
#3766 = FACE_BOUND('',#3767,.T.);
#3767 = EDGE_LOOP('',(#3768,#3769,#3770,#3793,#3816));
#3768 = ORIENTED_EDGE('',*,*,#3722,.T.);
#3769 = ORIENTED_EDGE('',*,*,#1940,.T.);
#3770 = ORIENTED_EDGE('',*,*,#3771,.T.);
#3771 = EDGE_CURVE('',#1913,#3772,#3774,.T.);
#3772 = VERTEX_POINT('',#3773);
#3773 = CARTESIAN_POINT('',(1.2785E+04,193.,40.));
#3774 = SURFACE_CURVE('',#3775,(#3779,#3786),.PCURVE_S1.);
#3775 = LINE('',#3776,#3777);
#3776 = CARTESIAN_POINT('',(1.2685E+04,193.,40.));
#3777 = VECTOR('',#3778,1.);
#3778 = DIRECTION('',(1.,0.,0.));
#3779 = PCURVE('',#1956,#3780);
#3780 = DEFINITIONAL_REPRESENTATION('',(#3781),#3785);
#3781 = LINE('',#3782,#3783);
#3782 = CARTESIAN_POINT('',(0.,-10.));
#3783 = VECTOR('',#3784,1.);
#3784 = DIRECTION('',(1.,0.));
#3785 = ( GEOMETRIC_REPRESENTATION_CONTEXT(2) 
PARAMETRIC_REPRESENTATION_CONTEXT() REPRESENTATION_CONTEXT('2D SPACE',''
  ) );
#3786 = PCURVE('',#3601,#3787);
#3787 = DEFINITIONAL_REPRESENTATION('',(#3788),#3792);
#3788 = LINE('',#3789,#3790);
#3789 = CARTESIAN_POINT('',(-50.,-35.));
#3790 = VECTOR('',#3791,1.);
#3791 = DIRECTION('',(1.,0.));
#3792 = ( GEOMETRIC_REPRESENTATION_CONTEXT(2) 
PARAMETRIC_REPRESENTATION_CONTEXT() REPRESENTATION_CONTEXT('2D SPACE',''
  ) );
#3793 = ORIENTED_EDGE('',*,*,#3794,.F.);
#3794 = EDGE_CURVE('',#3795,#3772,#3797,.T.);
#3795 = VERTEX_POINT('',#3796);
#3796 = CARTESIAN_POINT('',(1.2785E+04,183.,40.));
#3797 = SURFACE_CURVE('',#3798,(#3802,#3809),.PCURVE_S1.);
#3798 = LINE('',#3799,#3800);
#3799 = CARTESIAN_POINT('',(1.2785E+04,183.,40.));
#3800 = VECTOR('',#3801,1.);
#3801 = DIRECTION('',(-0.,1.,-0.));
#3802 = PCURVE('',#1956,#3803);
#3803 = DEFINITIONAL_REPRESENTATION('',(#3804),#3808);
#3804 = LINE('',#3805,#3806);
#3805 = CARTESIAN_POINT('',(100.,0.));
#3806 = VECTOR('',#3807,1.);
#3807 = DIRECTION('',(0.,-1.));
#3808 = ( GEOMETRIC_REPRESENTATION_CONTEXT(2) 
PARAMETRIC_REPRESENTATION_CONTEXT() REPRESENTATION_CONTEXT('2D SPACE',''
  ) );
#3809 = PCURVE('',#3634,#3810);
#3810 = DEFINITIONAL_REPRESENTATION('',(#3811),#3815);
#3811 = LINE('',#3812,#3813);
#3812 = CARTESIAN_POINT('',(0.,0.));
#3813 = VECTOR('',#3814,1.);
#3814 = DIRECTION('',(0.,-1.));
#3815 = ( GEOMETRIC_REPRESENTATION_CONTEXT(2) 
PARAMETRIC_REPRESENTATION_CONTEXT() REPRESENTATION_CONTEXT('2D SPACE',''
  ) );
#3816 = ORIENTED_EDGE('',*,*,#3817,.F.);
#3817 = EDGE_CURVE('',#3723,#3795,#3818,.T.);
#3818 = SURFACE_CURVE('',#3819,(#3823,#3830),.PCURVE_S1.);
#3819 = LINE('',#3820,#3821);
#3820 = CARTESIAN_POINT('',(1.2685E+04,183.,40.));
#3821 = VECTOR('',#3822,1.);
#3822 = DIRECTION('',(1.,0.,0.));
#3823 = PCURVE('',#1956,#3824);
#3824 = DEFINITIONAL_REPRESENTATION('',(#3825),#3829);
#3825 = LINE('',#3826,#3827);
#3826 = CARTESIAN_POINT('',(0.,0.));
#3827 = VECTOR('',#3828,1.);
#3828 = DIRECTION('',(1.,0.));
#3829 = ( GEOMETRIC_REPRESENTATION_CONTEXT(2) 
PARAMETRIC_REPRESENTATION_CONTEXT() REPRESENTATION_CONTEXT('2D SPACE',''
  ) );
#3830 = PCURVE('',#3705,#3831);
#3831 = DEFINITIONAL_REPRESENTATION('',(#3832),#3836);
#3832 = LINE('',#3833,#3834);
#3833 = CARTESIAN_POINT('',(-50.,-35.));
#3834 = VECTOR('',#3835,1.);
#3835 = DIRECTION('',(1.,0.));
#3836 = ( GEOMETRIC_REPRESENTATION_CONTEXT(2) 
PARAMETRIC_REPRESENTATION_CONTEXT() REPRESENTATION_CONTEXT('2D SPACE',''
  ) );
#3837 = ADVANCED_FACE('',(#3838),#1900,.T.);
#3838 = FACE_BOUND('',#3839,.T.);
#3839 = EDGE_LOOP('',(#3840,#3861,#3862,#3885,#3908,#3936,#3957,#3958));
#3840 = ORIENTED_EDGE('',*,*,#3841,.T.);
#3841 = EDGE_CURVE('',#1857,#2203,#3842,.T.);
#3842 = SURFACE_CURVE('',#3843,(#3847,#3854),.PCURVE_S1.);
#3843 = LINE('',#3844,#3845);
#3844 = CARTESIAN_POINT('',(1.2753E+04,193.,27.));
#3845 = VECTOR('',#3846,1.);
#3846 = DIRECTION('',(-0.,1.,-0.));
#3847 = PCURVE('',#1900,#3848);
#3848 = DEFINITIONAL_REPRESENTATION('',(#3849),#3853);
#3849 = LINE('',#3850,#3851);
#3850 = CARTESIAN_POINT('',(0.,0.));
#3851 = VECTOR('',#3852,1.);
#3852 = DIRECTION('',(0.,-1.));
#3853 = ( GEOMETRIC_REPRESENTATION_CONTEXT(2) 
PARAMETRIC_REPRESENTATION_CONTEXT() REPRESENTATION_CONTEXT('2D SPACE',''
  ) );
#3854 = PCURVE('',#1872,#3855);
#3855 = DEFINITIONAL_REPRESENTATION('',(#3856),#3860);
#3856 = LINE('',#3857,#3858);
#3857 = CARTESIAN_POINT('',(57.482606064791,0.));
#3858 = VECTOR('',#3859,1.);
#3859 = DIRECTION('',(0.,-1.));
#3860 = ( GEOMETRIC_REPRESENTATION_CONTEXT(2) 
PARAMETRIC_REPRESENTATION_CONTEXT() REPRESENTATION_CONTEXT('2D SPACE',''
  ) );
#3861 = ORIENTED_EDGE('',*,*,#2225,.T.);
#3862 = ORIENTED_EDGE('',*,*,#3863,.F.);
#3863 = EDGE_CURVE('',#3864,#2226,#3866,.T.);
#3864 = VERTEX_POINT('',#3865);
#3865 = CARTESIAN_POINT('',(1.2745E+04,405.,27.));
#3866 = SURFACE_CURVE('',#3867,(#3871,#3878),.PCURVE_S1.);
#3867 = LINE('',#3868,#3869);
#3868 = CARTESIAN_POINT('',(1.2745E+04,193.,27.));
#3869 = VECTOR('',#3870,1.);
#3870 = DIRECTION('',(-0.,1.,-0.));
#3871 = PCURVE('',#1900,#3872);
#3872 = DEFINITIONAL_REPRESENTATION('',(#3873),#3877);
#3873 = LINE('',#3874,#3875);
#3874 = CARTESIAN_POINT('',(8.,0.));
#3875 = VECTOR('',#3876,1.);
#3876 = DIRECTION('',(0.,-1.));
#3877 = ( GEOMETRIC_REPRESENTATION_CONTEXT(2) 
PARAMETRIC_REPRESENTATION_CONTEXT() REPRESENTATION_CONTEXT('2D SPACE',''
  ) );
#3878 = PCURVE('',#2264,#3879);
#3879 = DEFINITIONAL_REPRESENTATION('',(#3880),#3884);
#3880 = LINE('',#3881,#3882);
#3881 = CARTESIAN_POINT('',(27.,23.));
#3882 = VECTOR('',#3883,1.);
#3883 = DIRECTION('',(0.,-1.));
#3884 = ( GEOMETRIC_REPRESENTATION_CONTEXT(2) 
PARAMETRIC_REPRESENTATION_CONTEXT() REPRESENTATION_CONTEXT('2D SPACE',''
  ) );
#3885 = ORIENTED_EDGE('',*,*,#3886,.F.);
#3886 = EDGE_CURVE('',#3887,#3864,#3889,.T.);
#3887 = VERTEX_POINT('',#3888);
#3888 = CARTESIAN_POINT('',(1.201E+04,405.,27.));
#3889 = SURFACE_CURVE('',#3890,(#3894,#3901),.PCURVE_S1.);
#3890 = LINE('',#3891,#3892);
#3891 = CARTESIAN_POINT('',(1.201E+04,405.,27.));
#3892 = VECTOR('',#3893,1.);
#3893 = DIRECTION('',(1.,0.,-0.));
#3894 = PCURVE('',#1900,#3895);
#3895 = DEFINITIONAL_REPRESENTATION('',(#3896),#3900);
#3896 = LINE('',#3897,#3898);
#3897 = CARTESIAN_POINT('',(743.,-212.));
#3898 = VECTOR('',#3899,1.);
#3899 = DIRECTION('',(-1.,0.));
#3900 = ( GEOMETRIC_REPRESENTATION_CONTEXT(2) 
PARAMETRIC_REPRESENTATION_CONTEXT() REPRESENTATION_CONTEXT('2D SPACE',''
  ) );
#3901 = PCURVE('',#2927,#3902);
#3902 = DEFINITIONAL_REPRESENTATION('',(#3903),#3907);
#3903 = LINE('',#3904,#3905);
#3904 = CARTESIAN_POINT('',(-334.4733380723,-144.9931795529));
#3905 = VECTOR('',#3906,1.);
#3906 = DIRECTION('',(1.,0.));
#3907 = ( GEOMETRIC_REPRESENTATION_CONTEXT(2) 
PARAMETRIC_REPRESENTATION_CONTEXT() REPRESENTATION_CONTEXT('2D SPACE',''
  ) );
#3908 = ORIENTED_EDGE('',*,*,#3909,.F.);
#3909 = EDGE_CURVE('',#3910,#3887,#3912,.T.);
#3910 = VERTEX_POINT('',#3911);
#3911 = CARTESIAN_POINT('',(1.201E+04,195.,27.));
#3912 = SURFACE_CURVE('',#3913,(#3917,#3924),.PCURVE_S1.);
#3913 = LINE('',#3914,#3915);
#3914 = CARTESIAN_POINT('',(1.201E+04,195.,27.));
#3915 = VECTOR('',#3916,1.);
#3916 = DIRECTION('',(-0.,1.,0.));
#3917 = PCURVE('',#1900,#3918);
#3918 = DEFINITIONAL_REPRESENTATION('',(#3919),#3923);
#3919 = LINE('',#3920,#3921);
#3920 = CARTESIAN_POINT('',(743.,-2.));
#3921 = VECTOR('',#3922,1.);
#3922 = DIRECTION('',(0.,-1.));
#3923 = ( GEOMETRIC_REPRESENTATION_CONTEXT(2) 
PARAMETRIC_REPRESENTATION_CONTEXT() REPRESENTATION_CONTEXT('2D SPACE',''
  ) );
#3924 = PCURVE('',#3925,#3930);
#3925 = PLANE('',#3926);
#3926 = AXIS2_PLACEMENT_3D('',#3927,#3928,#3929);
#3927 = CARTESIAN_POINT('',(1.201E+04,195.,25.));
#3928 = DIRECTION('',(1.,0.,-0.));
#3929 = DIRECTION('',(0.,0.,1.));
#3930 = DEFINITIONAL_REPRESENTATION('',(#3931),#3935);
#3931 = LINE('',#3932,#3933);
#3932 = CARTESIAN_POINT('',(2.,0.));
#3933 = VECTOR('',#3934,1.);
#3934 = DIRECTION('',(0.,-1.));
#3935 = ( GEOMETRIC_REPRESENTATION_CONTEXT(2) 
PARAMETRIC_REPRESENTATION_CONTEXT() REPRESENTATION_CONTEXT('2D SPACE',''
  ) );
#3936 = ORIENTED_EDGE('',*,*,#3937,.T.);
#3937 = EDGE_CURVE('',#3910,#3542,#3938,.T.);
#3938 = SURFACE_CURVE('',#3939,(#3943,#3950),.PCURVE_S1.);
#3939 = LINE('',#3940,#3941);
#3940 = CARTESIAN_POINT('',(1.201E+04,195.,27.));
#3941 = VECTOR('',#3942,1.);
#3942 = DIRECTION('',(1.,0.,-0.));
#3943 = PCURVE('',#1900,#3944);
#3944 = DEFINITIONAL_REPRESENTATION('',(#3945),#3949);
#3945 = LINE('',#3946,#3947);
#3946 = CARTESIAN_POINT('',(743.,-2.));
#3947 = VECTOR('',#3948,1.);
#3948 = DIRECTION('',(-1.,0.));
#3949 = ( GEOMETRIC_REPRESENTATION_CONTEXT(2) 
PARAMETRIC_REPRESENTATION_CONTEXT() REPRESENTATION_CONTEXT('2D SPACE',''
  ) );
#3950 = PCURVE('',#2871,#3951);
#3951 = DEFINITIONAL_REPRESENTATION('',(#3952),#3956);
#3952 = LINE('',#3953,#3954);
#3953 = CARTESIAN_POINT('',(-334.4733380723,-144.9931795529));
#3954 = VECTOR('',#3955,1.);
#3955 = DIRECTION('',(1.,0.));
#3956 = ( GEOMETRIC_REPRESENTATION_CONTEXT(2) 
PARAMETRIC_REPRESENTATION_CONTEXT() REPRESENTATION_CONTEXT('2D SPACE',''
  ) );
#3957 = ORIENTED_EDGE('',*,*,#3541,.F.);
#3958 = ORIENTED_EDGE('',*,*,#1884,.F.);
#3959 = ADVANCED_FACE('',(#3960),#1872,.T.);
#3960 = FACE_BOUND('',#3961,.T.);
#3961 = EDGE_LOOP('',(#3962,#3963,#3964,#3965));
#3962 = ORIENTED_EDGE('',*,*,#3339,.T.);
#3963 = ORIENTED_EDGE('',*,*,#2202,.T.);
#3964 = ORIENTED_EDGE('',*,*,#3841,.F.);
#3965 = ORIENTED_EDGE('',*,*,#1856,.F.);
#3966 = ADVANCED_FACE('',(#3967),#2475,.T.);
#3967 = FACE_BOUND('',#3968,.T.);
#3968 = EDGE_LOOP('',(#3969,#3992,#4020,#4041,#4042));
#3969 = ORIENTED_EDGE('',*,*,#3970,.T.);
#3970 = EDGE_CURVE('',#2728,#3971,#3973,.T.);
#3971 = VERTEX_POINT('',#3972);
#3972 = CARTESIAN_POINT('',(1.1925E+04,417.,40.));
#3973 = SURFACE_CURVE('',#3974,(#3978,#3985),.PCURVE_S1.);
#3974 = LINE('',#3975,#3976);
#3975 = CARTESIAN_POINT('',(1.1925E+04,407.,40.));
#3976 = VECTOR('',#3977,1.);
#3977 = DIRECTION('',(-0.,1.,-0.));
#3978 = PCURVE('',#2475,#3979);
#3979 = DEFINITIONAL_REPRESENTATION('',(#3980),#3984);
#3980 = LINE('',#3981,#3982);
#3981 = CARTESIAN_POINT('',(0.,0.));
#3982 = VECTOR('',#3983,1.);
#3983 = DIRECTION('',(0.,-1.));
#3984 = ( GEOMETRIC_REPRESENTATION_CONTEXT(2) 
PARAMETRIC_REPRESENTATION_CONTEXT() REPRESENTATION_CONTEXT('2D SPACE',''
  ) );
#3985 = PCURVE('',#2743,#3986);
#3986 = DEFINITIONAL_REPRESENTATION('',(#3987),#3991);
#3987 = LINE('',#3988,#3989);
#3988 = CARTESIAN_POINT('',(70.,0.));
#3989 = VECTOR('',#3990,1.);
#3990 = DIRECTION('',(0.,-1.));
#3991 = ( GEOMETRIC_REPRESENTATION_CONTEXT(2) 
PARAMETRIC_REPRESENTATION_CONTEXT() REPRESENTATION_CONTEXT('2D SPACE',''
  ) );
#3992 = ORIENTED_EDGE('',*,*,#3993,.T.);
#3993 = EDGE_CURVE('',#3971,#3994,#3996,.T.);
#3994 = VERTEX_POINT('',#3995);
#3995 = CARTESIAN_POINT('',(1.204E+04,417.,40.));
#3996 = SURFACE_CURVE('',#3997,(#4001,#4008),.PCURVE_S1.);
#3997 = LINE('',#3998,#3999);
#3998 = CARTESIAN_POINT('',(1.1925E+04,417.,40.));
#3999 = VECTOR('',#4000,1.);
#4000 = DIRECTION('',(1.,0.,0.));
#4001 = PCURVE('',#2475,#4002);
#4002 = DEFINITIONAL_REPRESENTATION('',(#4003),#4007);
#4003 = LINE('',#4004,#4005);
#4004 = CARTESIAN_POINT('',(0.,-10.));
#4005 = VECTOR('',#4006,1.);
#4006 = DIRECTION('',(1.,0.));
#4007 = ( GEOMETRIC_REPRESENTATION_CONTEXT(2) 
PARAMETRIC_REPRESENTATION_CONTEXT() REPRESENTATION_CONTEXT('2D SPACE',''
  ) );
#4008 = PCURVE('',#4009,#4014);
#4009 = PLANE('',#4010);
#4010 = AXIS2_PLACEMENT_3D('',#4011,#4012,#4013);
#4011 = CARTESIAN_POINT('',(1.19825E+04,417.,75.));
#4012 = DIRECTION('',(0.,-1.,0.));
#4013 = DIRECTION('',(1.,0.,0.));
#4014 = DEFINITIONAL_REPRESENTATION('',(#4015),#4019);
#4015 = LINE('',#4016,#4017);
#4016 = CARTESIAN_POINT('',(-57.5,-35.));
#4017 = VECTOR('',#4018,1.);
#4018 = DIRECTION('',(1.,0.));
#4019 = ( GEOMETRIC_REPRESENTATION_CONTEXT(2) 
PARAMETRIC_REPRESENTATION_CONTEXT() REPRESENTATION_CONTEXT('2D SPACE',''
  ) );
#4020 = ORIENTED_EDGE('',*,*,#4021,.F.);
#4021 = EDGE_CURVE('',#2434,#3994,#4022,.T.);
#4022 = SURFACE_CURVE('',#4023,(#4027,#4034),.PCURVE_S1.);
#4023 = LINE('',#4024,#4025);
#4024 = CARTESIAN_POINT('',(1.204E+04,407.,40.));
#4025 = VECTOR('',#4026,1.);
#4026 = DIRECTION('',(-0.,1.,-0.));
#4027 = PCURVE('',#2475,#4028);
#4028 = DEFINITIONAL_REPRESENTATION('',(#4029),#4033);
#4029 = LINE('',#4030,#4031);
#4030 = CARTESIAN_POINT('',(115.,0.));
#4031 = VECTOR('',#4032,1.);
#4032 = DIRECTION('',(0.,-1.));
#4033 = ( GEOMETRIC_REPRESENTATION_CONTEXT(2) 
PARAMETRIC_REPRESENTATION_CONTEXT() REPRESENTATION_CONTEXT('2D SPACE',''
  ) );
#4034 = PCURVE('',#2449,#4035);
#4035 = DEFINITIONAL_REPRESENTATION('',(#4036),#4040);
#4036 = LINE('',#4037,#4038);
#4037 = CARTESIAN_POINT('',(0.,0.));
#4038 = VECTOR('',#4039,1.);
#4039 = DIRECTION('',(0.,-1.));
#4040 = ( GEOMETRIC_REPRESENTATION_CONTEXT(2) 
PARAMETRIC_REPRESENTATION_CONTEXT() REPRESENTATION_CONTEXT('2D SPACE',''
  ) );
#4041 = ORIENTED_EDGE('',*,*,#2461,.F.);
#4042 = ORIENTED_EDGE('',*,*,#2755,.F.);
#4043 = ADVANCED_FACE('',(#4044),#2449,.T.);
#4044 = FACE_BOUND('',#4045,.T.);
#4045 = EDGE_LOOP('',(#4046,#4047,#4070,#4091));
#4046 = ORIENTED_EDGE('',*,*,#4021,.T.);
#4047 = ORIENTED_EDGE('',*,*,#4048,.T.);
#4048 = EDGE_CURVE('',#3994,#4049,#4051,.T.);
#4049 = VERTEX_POINT('',#4050);
#4050 = CARTESIAN_POINT('',(1.204E+04,417.,110.));
#4051 = SURFACE_CURVE('',#4052,(#4056,#4063),.PCURVE_S1.);
#4052 = LINE('',#4053,#4054);
#4053 = CARTESIAN_POINT('',(1.204E+04,417.,40.));
#4054 = VECTOR('',#4055,1.);
#4055 = DIRECTION('',(0.,0.,1.));
#4056 = PCURVE('',#2449,#4057);
#4057 = DEFINITIONAL_REPRESENTATION('',(#4058),#4062);
#4058 = LINE('',#4059,#4060);
#4059 = CARTESIAN_POINT('',(0.,-10.));
#4060 = VECTOR('',#4061,1.);
#4061 = DIRECTION('',(1.,0.));
#4062 = ( GEOMETRIC_REPRESENTATION_CONTEXT(2) 
PARAMETRIC_REPRESENTATION_CONTEXT() REPRESENTATION_CONTEXT('2D SPACE',''
  ) );
#4063 = PCURVE('',#4009,#4064);
#4064 = DEFINITIONAL_REPRESENTATION('',(#4065),#4069);
#4065 = LINE('',#4066,#4067);
#4066 = CARTESIAN_POINT('',(57.5,-35.));
#4067 = VECTOR('',#4068,1.);
#4068 = DIRECTION('',(0.,1.));
#4069 = ( GEOMETRIC_REPRESENTATION_CONTEXT(2) 
PARAMETRIC_REPRESENTATION_CONTEXT() REPRESENTATION_CONTEXT('2D SPACE',''
  ) );
#4070 = ORIENTED_EDGE('',*,*,#4071,.F.);
#4071 = EDGE_CURVE('',#2406,#4049,#4072,.T.);
#4072 = SURFACE_CURVE('',#4073,(#4077,#4084),.PCURVE_S1.);
#4073 = LINE('',#4074,#4075);
#4074 = CARTESIAN_POINT('',(1.204E+04,407.,110.));
#4075 = VECTOR('',#4076,1.);
#4076 = DIRECTION('',(-0.,1.,-0.));
#4077 = PCURVE('',#2449,#4078);
#4078 = DEFINITIONAL_REPRESENTATION('',(#4079),#4083);
#4079 = LINE('',#4080,#4081);
#4080 = CARTESIAN_POINT('',(70.,0.));
#4081 = VECTOR('',#4082,1.);
#4082 = DIRECTION('',(0.,-1.));
#4083 = ( GEOMETRIC_REPRESENTATION_CONTEXT(2) 
PARAMETRIC_REPRESENTATION_CONTEXT() REPRESENTATION_CONTEXT('2D SPACE',''
  ) );
#4084 = PCURVE('',#2421,#4085);
#4085 = DEFINITIONAL_REPRESENTATION('',(#4086),#4090);
#4086 = LINE('',#4087,#4088);
#4087 = CARTESIAN_POINT('',(0.,0.));
#4088 = VECTOR('',#4089,1.);
#4089 = DIRECTION('',(0.,-1.));
#4090 = ( GEOMETRIC_REPRESENTATION_CONTEXT(2) 
PARAMETRIC_REPRESENTATION_CONTEXT() REPRESENTATION_CONTEXT('2D SPACE',''
  ) );
#4091 = ORIENTED_EDGE('',*,*,#2433,.F.);
#4092 = ADVANCED_FACE('',(#4093),#2421,.T.);
#4093 = FACE_BOUND('',#4094,.T.);
#4094 = EDGE_LOOP('',(#4095,#4096,#4119,#4140,#4141));
#4095 = ORIENTED_EDGE('',*,*,#4071,.T.);
#4096 = ORIENTED_EDGE('',*,*,#4097,.T.);
#4097 = EDGE_CURVE('',#4049,#4098,#4100,.T.);
#4098 = VERTEX_POINT('',#4099);
#4099 = CARTESIAN_POINT('',(1.1925E+04,417.,110.));
#4100 = SURFACE_CURVE('',#4101,(#4105,#4112),.PCURVE_S1.);
#4101 = LINE('',#4102,#4103);
#4102 = CARTESIAN_POINT('',(1.204E+04,417.,110.));
#4103 = VECTOR('',#4104,1.);
#4104 = DIRECTION('',(-1.,0.,0.));
#4105 = PCURVE('',#2421,#4106);
#4106 = DEFINITIONAL_REPRESENTATION('',(#4107),#4111);
#4107 = LINE('',#4108,#4109);
#4108 = CARTESIAN_POINT('',(0.,-10.));
#4109 = VECTOR('',#4110,1.);
#4110 = DIRECTION('',(1.,0.));
#4111 = ( GEOMETRIC_REPRESENTATION_CONTEXT(2) 
PARAMETRIC_REPRESENTATION_CONTEXT() REPRESENTATION_CONTEXT('2D SPACE',''
  ) );
#4112 = PCURVE('',#4009,#4113);
#4113 = DEFINITIONAL_REPRESENTATION('',(#4114),#4118);
#4114 = LINE('',#4115,#4116);
#4115 = CARTESIAN_POINT('',(57.5,35.));
#4116 = VECTOR('',#4117,1.);
#4117 = DIRECTION('',(-1.,0.));
#4118 = ( GEOMETRIC_REPRESENTATION_CONTEXT(2) 
PARAMETRIC_REPRESENTATION_CONTEXT() REPRESENTATION_CONTEXT('2D SPACE',''
  ) );
#4119 = ORIENTED_EDGE('',*,*,#4120,.F.);
#4120 = EDGE_CURVE('',#2726,#4098,#4121,.T.);
#4121 = SURFACE_CURVE('',#4122,(#4126,#4133),.PCURVE_S1.);
#4122 = LINE('',#4123,#4124);
#4123 = CARTESIAN_POINT('',(1.1925E+04,407.,110.));
#4124 = VECTOR('',#4125,1.);
#4125 = DIRECTION('',(-0.,1.,-0.));
#4126 = PCURVE('',#2421,#4127);
#4127 = DEFINITIONAL_REPRESENTATION('',(#4128),#4132);
#4128 = LINE('',#4129,#4130);
#4129 = CARTESIAN_POINT('',(115.,0.));
#4130 = VECTOR('',#4131,1.);
#4131 = DIRECTION('',(0.,-1.));
#4132 = ( GEOMETRIC_REPRESENTATION_CONTEXT(2) 
PARAMETRIC_REPRESENTATION_CONTEXT() REPRESENTATION_CONTEXT('2D SPACE',''
  ) );
#4133 = PCURVE('',#2743,#4134);
#4134 = DEFINITIONAL_REPRESENTATION('',(#4135),#4139);
#4135 = LINE('',#4136,#4137);
#4136 = CARTESIAN_POINT('',(0.,0.));
#4137 = VECTOR('',#4138,1.);
#4138 = DIRECTION('',(0.,-1.));
#4139 = ( GEOMETRIC_REPRESENTATION_CONTEXT(2) 
PARAMETRIC_REPRESENTATION_CONTEXT() REPRESENTATION_CONTEXT('2D SPACE',''
  ) );
#4140 = ORIENTED_EDGE('',*,*,#2777,.F.);
#4141 = ORIENTED_EDGE('',*,*,#2405,.F.);
#4142 = ADVANCED_FACE('',(#4143),#2264,.T.);
#4143 = FACE_BOUND('',#4144,.T.);
#4144 = EDGE_LOOP('',(#4145,#4166,#4167,#4168,#4194,#4195));
#4145 = ORIENTED_EDGE('',*,*,#4146,.F.);
#4146 = EDGE_CURVE('',#3864,#2912,#4147,.T.);
#4147 = SURFACE_CURVE('',#4148,(#4152,#4159),.PCURVE_S1.);
#4148 = LINE('',#4149,#4150);
#4149 = CARTESIAN_POINT('',(1.2745E+04,405.,25.));
#4150 = VECTOR('',#4151,1.);
#4151 = DIRECTION('',(0.,0.,1.));
#4152 = PCURVE('',#2264,#4153);
#4153 = DEFINITIONAL_REPRESENTATION('',(#4154),#4158);
#4154 = LINE('',#4155,#4156);
#4155 = CARTESIAN_POINT('',(25.,-189.));
#4156 = VECTOR('',#4157,1.);
#4157 = DIRECTION('',(1.,0.));
#4158 = ( GEOMETRIC_REPRESENTATION_CONTEXT(2) 
PARAMETRIC_REPRESENTATION_CONTEXT() REPRESENTATION_CONTEXT('2D SPACE',''
  ) );
#4159 = PCURVE('',#2927,#4160);
#4160 = DEFINITIONAL_REPRESENTATION('',(#4161),#4165);
#4161 = LINE('',#4162,#4163);
#4162 = CARTESIAN_POINT('',(400.52666192761,-146.9931795529));
#4163 = VECTOR('',#4164,1.);
#4164 = DIRECTION('',(0.,1.));
#4165 = ( GEOMETRIC_REPRESENTATION_CONTEXT(2) 
PARAMETRIC_REPRESENTATION_CONTEXT() REPRESENTATION_CONTEXT('2D SPACE',''
  ) );
#4166 = ORIENTED_EDGE('',*,*,#3863,.T.);
#4167 = ORIENTED_EDGE('',*,*,#2248,.T.);
#4168 = ORIENTED_EDGE('',*,*,#4169,.T.);
#4169 = EDGE_CURVE('',#2249,#2333,#4170,.T.);
#4170 = SURFACE_CURVE('',#4171,(#4175,#4182),.PCURVE_S1.);
#4171 = LINE('',#4172,#4173);
#4172 = CARTESIAN_POINT('',(1.2745E+04,407.,25.));
#4173 = VECTOR('',#4174,1.);
#4174 = DIRECTION('',(0.,0.,1.));
#4175 = PCURVE('',#2264,#4176);
#4176 = DEFINITIONAL_REPRESENTATION('',(#4177),#4181);
#4177 = LINE('',#4178,#4179);
#4178 = CARTESIAN_POINT('',(25.,-191.));
#4179 = VECTOR('',#4180,1.);
#4180 = DIRECTION('',(1.,0.));
#4181 = ( GEOMETRIC_REPRESENTATION_CONTEXT(2) 
PARAMETRIC_REPRESENTATION_CONTEXT() REPRESENTATION_CONTEXT('2D SPACE',''
  ) );
#4182 = PCURVE('',#4183,#4188);
#4183 = PLANE('',#4184);
#4184 = AXIS2_PLACEMENT_3D('',#4185,#4186,#4187);
#4185 = CARTESIAN_POINT('',(1.2735E+04,407.,75.));
#4186 = DIRECTION('',(0.,-1.,0.));
#4187 = DIRECTION('',(1.,0.,0.));
#4188 = DEFINITIONAL_REPRESENTATION('',(#4189),#4193);
#4189 = LINE('',#4190,#4191);
#4190 = CARTESIAN_POINT('',(10.,-50.));
#4191 = VECTOR('',#4192,1.);
#4192 = DIRECTION('',(0.,1.));
#4193 = ( GEOMETRIC_REPRESENTATION_CONTEXT(2) 
PARAMETRIC_REPRESENTATION_CONTEXT() REPRESENTATION_CONTEXT('2D SPACE',''
  ) );
#4194 = ORIENTED_EDGE('',*,*,#2360,.T.);
#4195 = ORIENTED_EDGE('',*,*,#2939,.F.);
#4196 = ADVANCED_FACE('',(#4197),#2348,.T.);
#4197 = FACE_BOUND('',#4198,.T.);
#4198 = EDGE_LOOP('',(#4199,#4229,#4257,#4278,#4279));
#4199 = ORIENTED_EDGE('',*,*,#4200,.T.);
#4200 = EDGE_CURVE('',#4201,#4203,#4205,.T.);
#4201 = VERTEX_POINT('',#4202);
#4202 = CARTESIAN_POINT('',(1.2785E+04,407.,110.));
#4203 = VERTEX_POINT('',#4204);
#4204 = CARTESIAN_POINT('',(1.2785E+04,417.,110.));
#4205 = SURFACE_CURVE('',#4206,(#4210,#4217),.PCURVE_S1.);
#4206 = LINE('',#4207,#4208);
#4207 = CARTESIAN_POINT('',(1.2785E+04,407.,110.));
#4208 = VECTOR('',#4209,1.);
#4209 = DIRECTION('',(-0.,1.,-0.));
#4210 = PCURVE('',#2348,#4211);
#4211 = DEFINITIONAL_REPRESENTATION('',(#4212),#4216);
#4212 = LINE('',#4213,#4214);
#4213 = CARTESIAN_POINT('',(0.,0.));
#4214 = VECTOR('',#4215,1.);
#4215 = DIRECTION('',(0.,-1.));
#4216 = ( GEOMETRIC_REPRESENTATION_CONTEXT(2) 
PARAMETRIC_REPRESENTATION_CONTEXT() REPRESENTATION_CONTEXT('2D SPACE',''
  ) );
#4217 = PCURVE('',#4218,#4223);
#4218 = PLANE('',#4219);
#4219 = AXIS2_PLACEMENT_3D('',#4220,#4221,#4222);
#4220 = CARTESIAN_POINT('',(1.2785E+04,407.,40.));
#4221 = DIRECTION('',(1.,0.,-0.));
#4222 = DIRECTION('',(0.,0.,1.));
#4223 = DEFINITIONAL_REPRESENTATION('',(#4224),#4228);
#4224 = LINE('',#4225,#4226);
#4225 = CARTESIAN_POINT('',(70.,0.));
#4226 = VECTOR('',#4227,1.);
#4227 = DIRECTION('',(0.,-1.));
#4228 = ( GEOMETRIC_REPRESENTATION_CONTEXT(2) 
PARAMETRIC_REPRESENTATION_CONTEXT() REPRESENTATION_CONTEXT('2D SPACE',''
  ) );
#4229 = ORIENTED_EDGE('',*,*,#4230,.T.);
#4230 = EDGE_CURVE('',#4203,#4231,#4233,.T.);
#4231 = VERTEX_POINT('',#4232);
#4232 = CARTESIAN_POINT('',(1.2685E+04,417.,110.));
#4233 = SURFACE_CURVE('',#4234,(#4238,#4245),.PCURVE_S1.);
#4234 = LINE('',#4235,#4236);
#4235 = CARTESIAN_POINT('',(1.2785E+04,417.,110.));
#4236 = VECTOR('',#4237,1.);
#4237 = DIRECTION('',(-1.,0.,0.));
#4238 = PCURVE('',#2348,#4239);
#4239 = DEFINITIONAL_REPRESENTATION('',(#4240),#4244);
#4240 = LINE('',#4241,#4242);
#4241 = CARTESIAN_POINT('',(0.,-10.));
#4242 = VECTOR('',#4243,1.);
#4243 = DIRECTION('',(1.,0.));
#4244 = ( GEOMETRIC_REPRESENTATION_CONTEXT(2) 
PARAMETRIC_REPRESENTATION_CONTEXT() REPRESENTATION_CONTEXT('2D SPACE',''
  ) );
#4245 = PCURVE('',#4246,#4251);
#4246 = PLANE('',#4247);
#4247 = AXIS2_PLACEMENT_3D('',#4248,#4249,#4250);
#4248 = CARTESIAN_POINT('',(1.2735E+04,417.,75.));
#4249 = DIRECTION('',(0.,-1.,0.));
#4250 = DIRECTION('',(1.,0.,0.));
#4251 = DEFINITIONAL_REPRESENTATION('',(#4252),#4256);
#4252 = LINE('',#4253,#4254);
#4253 = CARTESIAN_POINT('',(50.,35.));
#4254 = VECTOR('',#4255,1.);
#4255 = DIRECTION('',(-1.,0.));
#4256 = ( GEOMETRIC_REPRESENTATION_CONTEXT(2) 
PARAMETRIC_REPRESENTATION_CONTEXT() REPRESENTATION_CONTEXT('2D SPACE',''
  ) );
#4257 = ORIENTED_EDGE('',*,*,#4258,.F.);
#4258 = EDGE_CURVE('',#2305,#4231,#4259,.T.);
#4259 = SURFACE_CURVE('',#4260,(#4264,#4271),.PCURVE_S1.);
#4260 = LINE('',#4261,#4262);
#4261 = CARTESIAN_POINT('',(1.2685E+04,407.,110.));
#4262 = VECTOR('',#4263,1.);
#4263 = DIRECTION('',(-0.,1.,-0.));
#4264 = PCURVE('',#2348,#4265);
#4265 = DEFINITIONAL_REPRESENTATION('',(#4266),#4270);
#4266 = LINE('',#4267,#4268);
#4267 = CARTESIAN_POINT('',(100.,0.));
#4268 = VECTOR('',#4269,1.);
#4269 = DIRECTION('',(0.,-1.));
#4270 = ( GEOMETRIC_REPRESENTATION_CONTEXT(2) 
PARAMETRIC_REPRESENTATION_CONTEXT() REPRESENTATION_CONTEXT('2D SPACE',''
  ) );
#4271 = PCURVE('',#2320,#4272);
#4272 = DEFINITIONAL_REPRESENTATION('',(#4273),#4277);
#4273 = LINE('',#4274,#4275);
#4274 = CARTESIAN_POINT('',(0.,0.));
#4275 = VECTOR('',#4276,1.);
#4276 = DIRECTION('',(0.,-1.));
#4277 = ( GEOMETRIC_REPRESENTATION_CONTEXT(2) 
PARAMETRIC_REPRESENTATION_CONTEXT() REPRESENTATION_CONTEXT('2D SPACE',''
  ) );
#4278 = ORIENTED_EDGE('',*,*,#2332,.F.);
#4279 = ORIENTED_EDGE('',*,*,#4280,.F.);
#4280 = EDGE_CURVE('',#4201,#2333,#4281,.T.);
#4281 = SURFACE_CURVE('',#4282,(#4286,#4293),.PCURVE_S1.);
#4282 = LINE('',#4283,#4284);
#4283 = CARTESIAN_POINT('',(1.2785E+04,407.,110.));
#4284 = VECTOR('',#4285,1.);
#4285 = DIRECTION('',(-1.,0.,0.));
#4286 = PCURVE('',#2348,#4287);
#4287 = DEFINITIONAL_REPRESENTATION('',(#4288),#4292);
#4288 = LINE('',#4289,#4290);
#4289 = CARTESIAN_POINT('',(0.,0.));
#4290 = VECTOR('',#4291,1.);
#4291 = DIRECTION('',(1.,0.));
#4292 = ( GEOMETRIC_REPRESENTATION_CONTEXT(2) 
PARAMETRIC_REPRESENTATION_CONTEXT() REPRESENTATION_CONTEXT('2D SPACE',''
  ) );
#4293 = PCURVE('',#4183,#4294);
#4294 = DEFINITIONAL_REPRESENTATION('',(#4295),#4299);
#4295 = LINE('',#4296,#4297);
#4296 = CARTESIAN_POINT('',(50.,35.));
#4297 = VECTOR('',#4298,1.);
#4298 = DIRECTION('',(-1.,0.));
#4299 = ( GEOMETRIC_REPRESENTATION_CONTEXT(2) 
PARAMETRIC_REPRESENTATION_CONTEXT() REPRESENTATION_CONTEXT('2D SPACE',''
  ) );
#4300 = ADVANCED_FACE('',(#4301),#2320,.T.);
#4301 = FACE_BOUND('',#4302,.T.);
#4302 = EDGE_LOOP('',(#4303,#4304,#4327,#4348));
#4303 = ORIENTED_EDGE('',*,*,#4258,.T.);
#4304 = ORIENTED_EDGE('',*,*,#4305,.T.);
#4305 = EDGE_CURVE('',#4231,#4306,#4308,.T.);
#4306 = VERTEX_POINT('',#4307);
#4307 = CARTESIAN_POINT('',(1.2685E+04,417.,40.));
#4308 = SURFACE_CURVE('',#4309,(#4313,#4320),.PCURVE_S1.);
#4309 = LINE('',#4310,#4311);
#4310 = CARTESIAN_POINT('',(1.2685E+04,417.,110.));
#4311 = VECTOR('',#4312,1.);
#4312 = DIRECTION('',(0.,0.,-1.));
#4313 = PCURVE('',#2320,#4314);
#4314 = DEFINITIONAL_REPRESENTATION('',(#4315),#4319);
#4315 = LINE('',#4316,#4317);
#4316 = CARTESIAN_POINT('',(0.,-10.));
#4317 = VECTOR('',#4318,1.);
#4318 = DIRECTION('',(1.,0.));
#4319 = ( GEOMETRIC_REPRESENTATION_CONTEXT(2) 
PARAMETRIC_REPRESENTATION_CONTEXT() REPRESENTATION_CONTEXT('2D SPACE',''
  ) );
#4320 = PCURVE('',#4246,#4321);
#4321 = DEFINITIONAL_REPRESENTATION('',(#4322),#4326);
#4322 = LINE('',#4323,#4324);
#4323 = CARTESIAN_POINT('',(-50.,35.));
#4324 = VECTOR('',#4325,1.);
#4325 = DIRECTION('',(0.,-1.));
#4326 = ( GEOMETRIC_REPRESENTATION_CONTEXT(2) 
PARAMETRIC_REPRESENTATION_CONTEXT() REPRESENTATION_CONTEXT('2D SPACE',''
  ) );
#4327 = ORIENTED_EDGE('',*,*,#4328,.F.);
#4328 = EDGE_CURVE('',#2277,#4306,#4329,.T.);
#4329 = SURFACE_CURVE('',#4330,(#4334,#4341),.PCURVE_S1.);
#4330 = LINE('',#4331,#4332);
#4331 = CARTESIAN_POINT('',(1.2685E+04,407.,40.));
#4332 = VECTOR('',#4333,1.);
#4333 = DIRECTION('',(-0.,1.,-0.));
#4334 = PCURVE('',#2320,#4335);
#4335 = DEFINITIONAL_REPRESENTATION('',(#4336),#4340);
#4336 = LINE('',#4337,#4338);
#4337 = CARTESIAN_POINT('',(70.,0.));
#4338 = VECTOR('',#4339,1.);
#4339 = DIRECTION('',(0.,-1.));
#4340 = ( GEOMETRIC_REPRESENTATION_CONTEXT(2) 
PARAMETRIC_REPRESENTATION_CONTEXT() REPRESENTATION_CONTEXT('2D SPACE',''
  ) );
#4341 = PCURVE('',#2292,#4342);
#4342 = DEFINITIONAL_REPRESENTATION('',(#4343),#4347);
#4343 = LINE('',#4344,#4345);
#4344 = CARTESIAN_POINT('',(0.,0.));
#4345 = VECTOR('',#4346,1.);
#4346 = DIRECTION('',(0.,-1.));
#4347 = ( GEOMETRIC_REPRESENTATION_CONTEXT(2) 
PARAMETRIC_REPRESENTATION_CONTEXT() REPRESENTATION_CONTEXT('2D SPACE',''
  ) );
#4348 = ORIENTED_EDGE('',*,*,#2304,.F.);
#4349 = ADVANCED_FACE('',(#4350),#2292,.T.);
#4350 = FACE_BOUND('',#4351,.T.);
#4351 = EDGE_LOOP('',(#4352,#4353,#4376,#4399,#4420));
#4352 = ORIENTED_EDGE('',*,*,#4328,.T.);
#4353 = ORIENTED_EDGE('',*,*,#4354,.T.);
#4354 = EDGE_CURVE('',#4306,#4355,#4357,.T.);
#4355 = VERTEX_POINT('',#4356);
#4356 = CARTESIAN_POINT('',(1.2785E+04,417.,40.));
#4357 = SURFACE_CURVE('',#4358,(#4362,#4369),.PCURVE_S1.);
#4358 = LINE('',#4359,#4360);
#4359 = CARTESIAN_POINT('',(1.2685E+04,417.,40.));
#4360 = VECTOR('',#4361,1.);
#4361 = DIRECTION('',(1.,0.,0.));
#4362 = PCURVE('',#2292,#4363);
#4363 = DEFINITIONAL_REPRESENTATION('',(#4364),#4368);
#4364 = LINE('',#4365,#4366);
#4365 = CARTESIAN_POINT('',(0.,-10.));
#4366 = VECTOR('',#4367,1.);
#4367 = DIRECTION('',(1.,0.));
#4368 = ( GEOMETRIC_REPRESENTATION_CONTEXT(2) 
PARAMETRIC_REPRESENTATION_CONTEXT() REPRESENTATION_CONTEXT('2D SPACE',''
  ) );
#4369 = PCURVE('',#4246,#4370);
#4370 = DEFINITIONAL_REPRESENTATION('',(#4371),#4375);
#4371 = LINE('',#4372,#4373);
#4372 = CARTESIAN_POINT('',(-50.,-35.));
#4373 = VECTOR('',#4374,1.);
#4374 = DIRECTION('',(1.,0.));
#4375 = ( GEOMETRIC_REPRESENTATION_CONTEXT(2) 
PARAMETRIC_REPRESENTATION_CONTEXT() REPRESENTATION_CONTEXT('2D SPACE',''
  ) );
#4376 = ORIENTED_EDGE('',*,*,#4377,.F.);
#4377 = EDGE_CURVE('',#4378,#4355,#4380,.T.);
#4378 = VERTEX_POINT('',#4379);
#4379 = CARTESIAN_POINT('',(1.2785E+04,407.,40.));
#4380 = SURFACE_CURVE('',#4381,(#4385,#4392),.PCURVE_S1.);
#4381 = LINE('',#4382,#4383);
#4382 = CARTESIAN_POINT('',(1.2785E+04,407.,40.));
#4383 = VECTOR('',#4384,1.);
#4384 = DIRECTION('',(-0.,1.,-0.));
#4385 = PCURVE('',#2292,#4386);
#4386 = DEFINITIONAL_REPRESENTATION('',(#4387),#4391);
#4387 = LINE('',#4388,#4389);
#4388 = CARTESIAN_POINT('',(100.,0.));
#4389 = VECTOR('',#4390,1.);
#4390 = DIRECTION('',(0.,-1.));
#4391 = ( GEOMETRIC_REPRESENTATION_CONTEXT(2) 
PARAMETRIC_REPRESENTATION_CONTEXT() REPRESENTATION_CONTEXT('2D SPACE',''
  ) );
#4392 = PCURVE('',#4218,#4393);
#4393 = DEFINITIONAL_REPRESENTATION('',(#4394),#4398);
#4394 = LINE('',#4395,#4396);
#4395 = CARTESIAN_POINT('',(0.,0.));
#4396 = VECTOR('',#4397,1.);
#4397 = DIRECTION('',(0.,-1.));
#4398 = ( GEOMETRIC_REPRESENTATION_CONTEXT(2) 
PARAMETRIC_REPRESENTATION_CONTEXT() REPRESENTATION_CONTEXT('2D SPACE',''
  ) );
#4399 = ORIENTED_EDGE('',*,*,#4400,.F.);
#4400 = EDGE_CURVE('',#2249,#4378,#4401,.T.);
#4401 = SURFACE_CURVE('',#4402,(#4406,#4413),.PCURVE_S1.);
#4402 = LINE('',#4403,#4404);
#4403 = CARTESIAN_POINT('',(1.2685E+04,407.,40.));
#4404 = VECTOR('',#4405,1.);
#4405 = DIRECTION('',(1.,0.,0.));
#4406 = PCURVE('',#2292,#4407);
#4407 = DEFINITIONAL_REPRESENTATION('',(#4408),#4412);
#4408 = LINE('',#4409,#4410);
#4409 = CARTESIAN_POINT('',(0.,0.));
#4410 = VECTOR('',#4411,1.);
#4411 = DIRECTION('',(1.,0.));
#4412 = ( GEOMETRIC_REPRESENTATION_CONTEXT(2) 
PARAMETRIC_REPRESENTATION_CONTEXT() REPRESENTATION_CONTEXT('2D SPACE',''
  ) );
#4413 = PCURVE('',#4183,#4414);
#4414 = DEFINITIONAL_REPRESENTATION('',(#4415),#4419);
#4415 = LINE('',#4416,#4417);
#4416 = CARTESIAN_POINT('',(-50.,-35.));
#4417 = VECTOR('',#4418,1.);
#4418 = DIRECTION('',(1.,0.));
#4419 = ( GEOMETRIC_REPRESENTATION_CONTEXT(2) 
PARAMETRIC_REPRESENTATION_CONTEXT() REPRESENTATION_CONTEXT('2D SPACE',''
  ) );
#4420 = ORIENTED_EDGE('',*,*,#2276,.F.);
#4421 = ADVANCED_FACE('',(#4422),#2562,.T.);
#4422 = FACE_BOUND('',#4423,.T.);
#4423 = EDGE_LOOP('',(#4424,#4425,#4426,#4427));
#4424 = ORIENTED_EDGE('',*,*,#2673,.T.);
#4425 = ORIENTED_EDGE('',*,*,#3279,.T.);
#4426 = ORIENTED_EDGE('',*,*,#3303,.F.);
#4427 = ORIENTED_EDGE('',*,*,#2548,.F.);
#4428 = ADVANCED_FACE('',(#4429),#2743,.T.);
#4429 = FACE_BOUND('',#4430,.T.);
#4430 = EDGE_LOOP('',(#4431,#4432,#4453,#4454));
#4431 = ORIENTED_EDGE('',*,*,#4120,.T.);
#4432 = ORIENTED_EDGE('',*,*,#4433,.T.);
#4433 = EDGE_CURVE('',#4098,#3971,#4434,.T.);
#4434 = SURFACE_CURVE('',#4435,(#4439,#4446),.PCURVE_S1.);
#4435 = LINE('',#4436,#4437);
#4436 = CARTESIAN_POINT('',(1.1925E+04,417.,110.));
#4437 = VECTOR('',#4438,1.);
#4438 = DIRECTION('',(0.,0.,-1.));
#4439 = PCURVE('',#2743,#4440);
#4440 = DEFINITIONAL_REPRESENTATION('',(#4441),#4445);
#4441 = LINE('',#4442,#4443);
#4442 = CARTESIAN_POINT('',(0.,-10.));
#4443 = VECTOR('',#4444,1.);
#4444 = DIRECTION('',(1.,0.));
#4445 = ( GEOMETRIC_REPRESENTATION_CONTEXT(2) 
PARAMETRIC_REPRESENTATION_CONTEXT() REPRESENTATION_CONTEXT('2D SPACE',''
  ) );
#4446 = PCURVE('',#4009,#4447);
#4447 = DEFINITIONAL_REPRESENTATION('',(#4448),#4452);
#4448 = LINE('',#4449,#4450);
#4449 = CARTESIAN_POINT('',(-57.5,35.));
#4450 = VECTOR('',#4451,1.);
#4451 = DIRECTION('',(0.,-1.));
#4452 = ( GEOMETRIC_REPRESENTATION_CONTEXT(2) 
PARAMETRIC_REPRESENTATION_CONTEXT() REPRESENTATION_CONTEXT('2D SPACE',''
  ) );
#4453 = ORIENTED_EDGE('',*,*,#3970,.F.);
#4454 = ORIENTED_EDGE('',*,*,#2725,.F.);
#4455 = ADVANCED_FACE('',(#4456),#2817,.F.);
#4456 = FACE_BOUND('',#4457,.F.);
#4457 = EDGE_LOOP('',(#4458,#4459,#4482,#4504));
#4458 = ORIENTED_EDGE('',*,*,#2800,.F.);
#4459 = ORIENTED_EDGE('',*,*,#4460,.F.);
#4460 = EDGE_CURVE('',#4461,#2801,#4463,.T.);
#4461 = VERTEX_POINT('',#4462);
#4462 = CARTESIAN_POINT('',(1.19645E+04,417.,75.));
#4463 = SEAM_CURVE('',#4464,(#4468,#4475),.PCURVE_S1.);
#4464 = LINE('',#4465,#4466);
#4465 = CARTESIAN_POINT('',(1.19645E+04,418.,75.));
#4466 = VECTOR('',#4467,1.);
#4467 = DIRECTION('',(0.,-1.,2.22044604925E-16));
#4468 = PCURVE('',#2817,#4469);
#4469 = DEFINITIONAL_REPRESENTATION('',(#4470),#4474);
#4470 = LINE('',#4471,#4472);
#4471 = CARTESIAN_POINT('',(6.28318530718,-0.));
#4472 = VECTOR('',#4473,1.);
#4473 = DIRECTION('',(0.,1.));
#4474 = ( GEOMETRIC_REPRESENTATION_CONTEXT(2) 
PARAMETRIC_REPRESENTATION_CONTEXT() REPRESENTATION_CONTEXT('2D SPACE',''
  ) );
#4475 = PCURVE('',#2817,#4476);
#4476 = DEFINITIONAL_REPRESENTATION('',(#4477),#4481);
#4477 = LINE('',#4478,#4479);
#4478 = CARTESIAN_POINT('',(0.,-0.));
#4479 = VECTOR('',#4480,1.);
#4480 = DIRECTION('',(0.,1.));
#4481 = ( GEOMETRIC_REPRESENTATION_CONTEXT(2) 
PARAMETRIC_REPRESENTATION_CONTEXT() REPRESENTATION_CONTEXT('2D SPACE',''
  ) );
#4482 = ORIENTED_EDGE('',*,*,#4483,.T.);
#4483 = EDGE_CURVE('',#4461,#4461,#4484,.T.);
#4484 = SURFACE_CURVE('',#4485,(#4490,#4497),.PCURVE_S1.);
#4485 = CIRCLE('',#4486,9.5);
#4486 = AXIS2_PLACEMENT_3D('',#4487,#4488,#4489);
#4487 = CARTESIAN_POINT('',(1.1955E+04,417.,75.));
#4488 = DIRECTION('',(0.,-1.,2.22044604925E-16));
#4489 = DIRECTION('',(1.,0.,0.));
#4490 = PCURVE('',#2817,#4491);
#4491 = DEFINITIONAL_REPRESENTATION('',(#4492),#4496);
#4492 = LINE('',#4493,#4494);
#4493 = CARTESIAN_POINT('',(0.,1.));
#4494 = VECTOR('',#4495,1.);
#4495 = DIRECTION('',(1.,0.));
#4496 = ( GEOMETRIC_REPRESENTATION_CONTEXT(2) 
PARAMETRIC_REPRESENTATION_CONTEXT() REPRESENTATION_CONTEXT('2D SPACE',''
  ) );
#4497 = PCURVE('',#4009,#4498);
#4498 = DEFINITIONAL_REPRESENTATION('',(#4499),#4503);
#4499 = CIRCLE('',#4500,9.5);
#4500 = AXIS2_PLACEMENT_2D('',#4501,#4502);
#4501 = CARTESIAN_POINT('',(-27.5,0.));
#4502 = DIRECTION('',(1.,0.));
#4503 = ( GEOMETRIC_REPRESENTATION_CONTEXT(2) 
PARAMETRIC_REPRESENTATION_CONTEXT() REPRESENTATION_CONTEXT('2D SPACE',''
  ) );
#4504 = ORIENTED_EDGE('',*,*,#4460,.T.);
#4505 = ADVANCED_FACE('',(#4506),#2871,.F.);
#4506 = FACE_BOUND('',#4507,.F.);
#4507 = EDGE_LOOP('',(#4508,#4529,#4550,#4551,#4552));
#4508 = ORIENTED_EDGE('',*,*,#4509,.F.);
#4509 = EDGE_CURVE('',#813,#2856,#4510,.T.);
#4510 = SURFACE_CURVE('',#4511,(#4515,#4522),.PCURVE_S1.);
#4511 = LINE('',#4512,#4513);
#4512 = CARTESIAN_POINT('',(1.201E+04,195.,25.));
#4513 = VECTOR('',#4514,1.);
#4514 = DIRECTION('',(-0.359872068226,0.,0.933001658364));
#4515 = PCURVE('',#2871,#4516);
#4516 = DEFINITIONAL_REPRESENTATION('',(#4517),#4521);
#4517 = LINE('',#4518,#4519);
#4518 = CARTESIAN_POINT('',(-334.4733380723,-146.9931795529));
#4519 = VECTOR('',#4520,1.);
#4520 = DIRECTION('',(-0.359872068226,0.933001658364));
#4521 = ( GEOMETRIC_REPRESENTATION_CONTEXT(2) 
PARAMETRIC_REPRESENTATION_CONTEXT() REPRESENTATION_CONTEXT('2D SPACE',''
  ) );
#4522 = PCURVE('',#2899,#4523);
#4523 = DEFINITIONAL_REPRESENTATION('',(#4524),#4528);
#4524 = LINE('',#4525,#4526);
#4525 = CARTESIAN_POINT('',(0.,0.));
#4526 = VECTOR('',#4527,1.);
#4527 = DIRECTION('',(1.,0.));
#4528 = ( GEOMETRIC_REPRESENTATION_CONTEXT(2) 
PARAMETRIC_REPRESENTATION_CONTEXT() REPRESENTATION_CONTEXT('2D SPACE',''
  ) );
#4529 = ORIENTED_EDGE('',*,*,#4530,.T.);
#4530 = EDGE_CURVE('',#813,#3910,#4531,.T.);
#4531 = SURFACE_CURVE('',#4532,(#4536,#4543),.PCURVE_S1.);
#4532 = LINE('',#4533,#4534);
#4533 = CARTESIAN_POINT('',(1.201E+04,195.,25.));
#4534 = VECTOR('',#4535,1.);
#4535 = DIRECTION('',(0.,0.,1.));
#4536 = PCURVE('',#2871,#4537);
#4537 = DEFINITIONAL_REPRESENTATION('',(#4538),#4542);
#4538 = LINE('',#4539,#4540);
#4539 = CARTESIAN_POINT('',(-334.4733380723,-146.9931795529));
#4540 = VECTOR('',#4541,1.);
#4541 = DIRECTION('',(0.,1.));
#4542 = ( GEOMETRIC_REPRESENTATION_CONTEXT(2) 
PARAMETRIC_REPRESENTATION_CONTEXT() REPRESENTATION_CONTEXT('2D SPACE',''
  ) );
#4543 = PCURVE('',#3925,#4544);
#4544 = DEFINITIONAL_REPRESENTATION('',(#4545),#4549);
#4545 = LINE('',#4546,#4547);
#4546 = CARTESIAN_POINT('',(0.,0.));
#4547 = VECTOR('',#4548,1.);
#4548 = DIRECTION('',(1.,0.));
#4549 = ( GEOMETRIC_REPRESENTATION_CONTEXT(2) 
PARAMETRIC_REPRESENTATION_CONTEXT() REPRESENTATION_CONTEXT('2D SPACE',''
  ) );
#4550 = ORIENTED_EDGE('',*,*,#3937,.T.);
#4551 = ORIENTED_EDGE('',*,*,#3564,.T.);
#4552 = ORIENTED_EDGE('',*,*,#2855,.T.);
#4553 = ADVANCED_FACE('',(#4554),#2899,.T.);
#4554 = FACE_BOUND('',#4555,.T.);
#4555 = EDGE_LOOP('',(#4556,#4557,#4578,#4579,#4600,#4601,#4622,#4623));
#4556 = ORIENTED_EDGE('',*,*,#812,.T.);
#4557 = ORIENTED_EDGE('',*,*,#4558,.T.);
#4558 = EDGE_CURVE('',#324,#435,#4559,.T.);
#4559 = SURFACE_CURVE('',#4560,(#4564,#4571),.PCURVE_S1.);
#4560 = LINE('',#4561,#4562);
#4561 = CARTESIAN_POINT('',(1.201E+04,195.,25.));
#4562 = VECTOR('',#4563,1.);
#4563 = DIRECTION('',(-0.,1.,0.));
#4564 = PCURVE('',#2899,#4565);
#4565 = DEFINITIONAL_REPRESENTATION('',(#4566),#4570);
#4566 = LINE('',#4567,#4568);
#4567 = CARTESIAN_POINT('',(0.,0.));
#4568 = VECTOR('',#4569,1.);
#4569 = DIRECTION('',(0.,-1.));
#4570 = ( GEOMETRIC_REPRESENTATION_CONTEXT(2) 
PARAMETRIC_REPRESENTATION_CONTEXT() REPRESENTATION_CONTEXT('2D SPACE',''
  ) );
#4571 = PCURVE('',#3925,#4572);
#4572 = DEFINITIONAL_REPRESENTATION('',(#4573),#4577);
#4573 = LINE('',#4574,#4575);
#4574 = CARTESIAN_POINT('',(0.,0.));
#4575 = VECTOR('',#4576,1.);
#4576 = DIRECTION('',(0.,-1.));
#4577 = ( GEOMETRIC_REPRESENTATION_CONTEXT(2) 
PARAMETRIC_REPRESENTATION_CONTEXT() REPRESENTATION_CONTEXT('2D SPACE',''
  ) );
#4578 = ORIENTED_EDGE('',*,*,#964,.T.);
#4579 = ORIENTED_EDGE('',*,*,#4580,.T.);
#4580 = EDGE_CURVE('',#965,#2578,#4581,.T.);
#4581 = SURFACE_CURVE('',#4582,(#4586,#4593),.PCURVE_S1.);
#4582 = LINE('',#4583,#4584);
#4583 = CARTESIAN_POINT('',(1.201E+04,195.,25.));
#4584 = VECTOR('',#4585,1.);
#4585 = DIRECTION('',(-0.,1.,0.));
#4586 = PCURVE('',#2899,#4587);
#4587 = DEFINITIONAL_REPRESENTATION('',(#4588),#4592);
#4588 = LINE('',#4589,#4590);
#4589 = CARTESIAN_POINT('',(0.,0.));
#4590 = VECTOR('',#4591,1.);
#4591 = DIRECTION('',(0.,-1.));
#4592 = ( GEOMETRIC_REPRESENTATION_CONTEXT(2) 
PARAMETRIC_REPRESENTATION_CONTEXT() REPRESENTATION_CONTEXT('2D SPACE',''
  ) );
#4593 = PCURVE('',#3925,#4594);
#4594 = DEFINITIONAL_REPRESENTATION('',(#4595),#4599);
#4595 = LINE('',#4596,#4597);
#4596 = CARTESIAN_POINT('',(0.,0.));
#4597 = VECTOR('',#4598,1.);
#4598 = DIRECTION('',(0.,-1.));
#4599 = ( GEOMETRIC_REPRESENTATION_CONTEXT(2) 
PARAMETRIC_REPRESENTATION_CONTEXT() REPRESENTATION_CONTEXT('2D SPACE',''
  ) );
#4600 = ORIENTED_EDGE('',*,*,#2624,.T.);
#4601 = ORIENTED_EDGE('',*,*,#4602,.T.);
#4602 = EDGE_CURVE('',#2602,#2884,#4603,.T.);
#4603 = SURFACE_CURVE('',#4604,(#4608,#4615),.PCURVE_S1.);
#4604 = LINE('',#4605,#4606);
#4605 = CARTESIAN_POINT('',(1.201E+04,405.,25.));
#4606 = VECTOR('',#4607,1.);
#4607 = DIRECTION('',(-0.359872068226,0.,0.933001658364));
#4608 = PCURVE('',#2899,#4609);
#4609 = DEFINITIONAL_REPRESENTATION('',(#4610),#4614);
#4610 = LINE('',#4611,#4612);
#4611 = CARTESIAN_POINT('',(0.,-210.));
#4612 = VECTOR('',#4613,1.);
#4613 = DIRECTION('',(1.,0.));
#4614 = ( GEOMETRIC_REPRESENTATION_CONTEXT(2) 
PARAMETRIC_REPRESENTATION_CONTEXT() REPRESENTATION_CONTEXT('2D SPACE',''
  ) );
#4615 = PCURVE('',#2927,#4616);
#4616 = DEFINITIONAL_REPRESENTATION('',(#4617),#4621);
#4617 = LINE('',#4618,#4619);
#4618 = CARTESIAN_POINT('',(-334.4733380723,-146.9931795529));
#4619 = VECTOR('',#4620,1.);
#4620 = DIRECTION('',(-0.359872068226,0.933001658364));
#4621 = ( GEOMETRIC_REPRESENTATION_CONTEXT(2) 
PARAMETRIC_REPRESENTATION_CONTEXT() REPRESENTATION_CONTEXT('2D SPACE',''
  ) );
#4622 = ORIENTED_EDGE('',*,*,#2883,.F.);
#4623 = ORIENTED_EDGE('',*,*,#4509,.F.);
#4624 = ADVANCED_FACE('',(#4625),#2927,.T.);
#4625 = FACE_BOUND('',#4626,.T.);
#4626 = EDGE_LOOP('',(#4627,#4628,#4649,#4650,#4651));
#4627 = ORIENTED_EDGE('',*,*,#4602,.F.);
#4628 = ORIENTED_EDGE('',*,*,#4629,.T.);
#4629 = EDGE_CURVE('',#2602,#3887,#4630,.T.);
#4630 = SURFACE_CURVE('',#4631,(#4635,#4642),.PCURVE_S1.);
#4631 = LINE('',#4632,#4633);
#4632 = CARTESIAN_POINT('',(1.201E+04,405.,25.));
#4633 = VECTOR('',#4634,1.);
#4634 = DIRECTION('',(0.,0.,1.));
#4635 = PCURVE('',#2927,#4636);
#4636 = DEFINITIONAL_REPRESENTATION('',(#4637),#4641);
#4637 = LINE('',#4638,#4639);
#4638 = CARTESIAN_POINT('',(-334.4733380723,-146.9931795529));
#4639 = VECTOR('',#4640,1.);
#4640 = DIRECTION('',(0.,1.));
#4641 = ( GEOMETRIC_REPRESENTATION_CONTEXT(2) 
PARAMETRIC_REPRESENTATION_CONTEXT() REPRESENTATION_CONTEXT('2D SPACE',''
  ) );
#4642 = PCURVE('',#3925,#4643);
#4643 = DEFINITIONAL_REPRESENTATION('',(#4644),#4648);
#4644 = LINE('',#4645,#4646);
#4645 = CARTESIAN_POINT('',(0.,-210.));
#4646 = VECTOR('',#4647,1.);
#4647 = DIRECTION('',(1.,0.));
#4648 = ( GEOMETRIC_REPRESENTATION_CONTEXT(2) 
PARAMETRIC_REPRESENTATION_CONTEXT() REPRESENTATION_CONTEXT('2D SPACE',''
  ) );
#4649 = ORIENTED_EDGE('',*,*,#3886,.T.);
#4650 = ORIENTED_EDGE('',*,*,#4146,.T.);
#4651 = ORIENTED_EDGE('',*,*,#2911,.T.);
#4652 = ADVANCED_FACE('',(#4653),#2984,.T.);
#4653 = FACE_BOUND('',#4654,.T.);
#4654 = EDGE_LOOP('',(#4655,#4656,#4657,#4658));
#4655 = ORIENTED_EDGE('',*,*,#3493,.T.);
#4656 = ORIENTED_EDGE('',*,*,#2966,.T.);
#4657 = ORIENTED_EDGE('',*,*,#3364,.F.);
#4658 = ORIENTED_EDGE('',*,*,#4659,.F.);
#4659 = EDGE_CURVE('',#3494,#3365,#4660,.T.);
#4660 = SURFACE_CURVE('',#4661,(#4665,#4672),.PCURVE_S1.);
#4661 = LINE('',#4662,#4663);
#4662 = CARTESIAN_POINT('',(1.1925E+04,183.,110.));
#4663 = VECTOR('',#4664,1.);
#4664 = DIRECTION('',(0.,0.,-1.));
#4665 = PCURVE('',#2984,#4666);
#4666 = DEFINITIONAL_REPRESENTATION('',(#4667),#4671);
#4667 = LINE('',#4668,#4669);
#4668 = CARTESIAN_POINT('',(0.,0.));
#4669 = VECTOR('',#4670,1.);
#4670 = DIRECTION('',(1.,0.));
#4671 = ( GEOMETRIC_REPRESENTATION_CONTEXT(2) 
PARAMETRIC_REPRESENTATION_CONTEXT() REPRESENTATION_CONTEXT('2D SPACE',''
  ) );
#4672 = PCURVE('',#3426,#4673);
#4673 = DEFINITIONAL_REPRESENTATION('',(#4674),#4678);
#4674 = LINE('',#4675,#4676);
#4675 = CARTESIAN_POINT('',(-57.5,35.));
#4676 = VECTOR('',#4677,1.);
#4677 = DIRECTION('',(0.,-1.));
#4678 = ( GEOMETRIC_REPRESENTATION_CONTEXT(2) 
PARAMETRIC_REPRESENTATION_CONTEXT() REPRESENTATION_CONTEXT('2D SPACE',''
  ) );
#4679 = ADVANCED_FACE('',(#4680),#3058,.F.);
#4680 = FACE_BOUND('',#4681,.F.);
#4681 = EDGE_LOOP('',(#4682,#4706,#4727,#4728));
#4682 = ORIENTED_EDGE('',*,*,#4683,.F.);
#4683 = EDGE_CURVE('',#4684,#4684,#4686,.T.);
#4684 = VERTEX_POINT('',#4685);
#4685 = CARTESIAN_POINT('',(1.19645E+04,183.,75.));
#4686 = SURFACE_CURVE('',#4687,(#4692,#4699),.PCURVE_S1.);
#4687 = CIRCLE('',#4688,9.5);
#4688 = AXIS2_PLACEMENT_3D('',#4689,#4690,#4691);
#4689 = CARTESIAN_POINT('',(1.1955E+04,183.,75.));
#4690 = DIRECTION('',(0.,-1.,2.22044604925E-16));
#4691 = DIRECTION('',(1.,0.,0.));
#4692 = PCURVE('',#3058,#4693);
#4693 = DEFINITIONAL_REPRESENTATION('',(#4694),#4698);
#4694 = LINE('',#4695,#4696);
#4695 = CARTESIAN_POINT('',(0.,11.));
#4696 = VECTOR('',#4697,1.);
#4697 = DIRECTION('',(1.,0.));
#4698 = ( GEOMETRIC_REPRESENTATION_CONTEXT(2) 
PARAMETRIC_REPRESENTATION_CONTEXT() REPRESENTATION_CONTEXT('2D SPACE',''
  ) );
#4699 = PCURVE('',#3426,#4700);
#4700 = DEFINITIONAL_REPRESENTATION('',(#4701),#4705);
#4701 = CIRCLE('',#4702,9.5);
#4702 = AXIS2_PLACEMENT_2D('',#4703,#4704);
#4703 = CARTESIAN_POINT('',(-27.5,0.));
#4704 = DIRECTION('',(1.,0.));
#4705 = ( GEOMETRIC_REPRESENTATION_CONTEXT(2) 
PARAMETRIC_REPRESENTATION_CONTEXT() REPRESENTATION_CONTEXT('2D SPACE',''
  ) );
#4706 = ORIENTED_EDGE('',*,*,#4707,.F.);
#4707 = EDGE_CURVE('',#3042,#4684,#4708,.T.);
#4708 = SEAM_CURVE('',#4709,(#4713,#4720),.PCURVE_S1.);
#4709 = LINE('',#4710,#4711);
#4710 = CARTESIAN_POINT('',(1.19645E+04,194.,75.));
#4711 = VECTOR('',#4712,1.);
#4712 = DIRECTION('',(0.,-1.,2.22044604925E-16));
#4713 = PCURVE('',#3058,#4714);
#4714 = DEFINITIONAL_REPRESENTATION('',(#4715),#4719);
#4715 = LINE('',#4716,#4717);
#4716 = CARTESIAN_POINT('',(6.28318530718,-0.));
#4717 = VECTOR('',#4718,1.);
#4718 = DIRECTION('',(0.,1.));
#4719 = ( GEOMETRIC_REPRESENTATION_CONTEXT(2) 
PARAMETRIC_REPRESENTATION_CONTEXT() REPRESENTATION_CONTEXT('2D SPACE',''
  ) );
#4720 = PCURVE('',#3058,#4721);
#4721 = DEFINITIONAL_REPRESENTATION('',(#4722),#4726);
#4722 = LINE('',#4723,#4724);
#4723 = CARTESIAN_POINT('',(0.,-0.));
#4724 = VECTOR('',#4725,1.);
#4725 = DIRECTION('',(0.,1.));
#4726 = ( GEOMETRIC_REPRESENTATION_CONTEXT(2) 
PARAMETRIC_REPRESENTATION_CONTEXT() REPRESENTATION_CONTEXT('2D SPACE',''
  ) );
#4727 = ORIENTED_EDGE('',*,*,#3041,.T.);
#4728 = ORIENTED_EDGE('',*,*,#4707,.T.);
#4729 = ADVANCED_FACE('',(#4730,#4733),#3112,.T.);
#4730 = FACE_BOUND('',#4731,.T.);
#4731 = EDGE_LOOP('',(#4732));
#4732 = ORIENTED_EDGE('',*,*,#3097,.T.);
#4733 = FACE_BOUND('',#4734,.T.);
#4734 = EDGE_LOOP('',(#4735));
#4735 = ORIENTED_EDGE('',*,*,#3203,.F.);
#4736 = ADVANCED_FACE('',(#4737,#4743),#3426,.T.);
#4737 = FACE_BOUND('',#4738,.T.);
#4738 = EDGE_LOOP('',(#4739,#4740,#4741,#4742));
#4739 = ORIENTED_EDGE('',*,*,#3412,.T.);
#4740 = ORIENTED_EDGE('',*,*,#3466,.T.);
#4741 = ORIENTED_EDGE('',*,*,#3516,.T.);
#4742 = ORIENTED_EDGE('',*,*,#4659,.T.);
#4743 = FACE_BOUND('',#4744,.T.);
#4744 = EDGE_LOOP('',(#4745));
#4745 = ORIENTED_EDGE('',*,*,#4683,.F.);
#4746 = ADVANCED_FACE('',(#4747,#4773),#3601,.F.);
#4747 = FACE_BOUND('',#4748,.F.);
#4748 = EDGE_LOOP('',(#4749,#4750,#4751,#4772));
#4749 = ORIENTED_EDGE('',*,*,#3587,.F.);
#4750 = ORIENTED_EDGE('',*,*,#3771,.T.);
#4751 = ORIENTED_EDGE('',*,*,#4752,.T.);
#4752 = EDGE_CURVE('',#3772,#3619,#4753,.T.);
#4753 = SURFACE_CURVE('',#4754,(#4758,#4765),.PCURVE_S1.);
#4754 = LINE('',#4755,#4756);
#4755 = CARTESIAN_POINT('',(1.2785E+04,193.,40.));
#4756 = VECTOR('',#4757,1.);
#4757 = DIRECTION('',(0.,0.,1.));
#4758 = PCURVE('',#3601,#4759);
#4759 = DEFINITIONAL_REPRESENTATION('',(#4760),#4764);
#4760 = LINE('',#4761,#4762);
#4761 = CARTESIAN_POINT('',(50.,-35.));
#4762 = VECTOR('',#4763,1.);
#4763 = DIRECTION('',(0.,1.));
#4764 = ( GEOMETRIC_REPRESENTATION_CONTEXT(2) 
PARAMETRIC_REPRESENTATION_CONTEXT() REPRESENTATION_CONTEXT('2D SPACE',''
  ) );
#4765 = PCURVE('',#3634,#4766);
#4766 = DEFINITIONAL_REPRESENTATION('',(#4767),#4771);
#4767 = LINE('',#4768,#4769);
#4768 = CARTESIAN_POINT('',(0.,-10.));
#4769 = VECTOR('',#4770,1.);
#4770 = DIRECTION('',(1.,0.));
#4771 = ( GEOMETRIC_REPRESENTATION_CONTEXT(2) 
PARAMETRIC_REPRESENTATION_CONTEXT() REPRESENTATION_CONTEXT('2D SPACE',''
  ) );
#4772 = ORIENTED_EDGE('',*,*,#3646,.T.);
#4773 = FACE_BOUND('',#4774,.F.);
#4774 = EDGE_LOOP('',(#4775));
#4775 = ORIENTED_EDGE('',*,*,#4776,.F.);
#4776 = EDGE_CURVE('',#4777,#4777,#4779,.T.);
#4777 = VERTEX_POINT('',#4778);
#4778 = CARTESIAN_POINT('',(1.27645E+04,193.,75.));
#4779 = SURFACE_CURVE('',#4780,(#4785,#4792),.PCURVE_S1.);
#4780 = CIRCLE('',#4781,9.5);
#4781 = AXIS2_PLACEMENT_3D('',#4782,#4783,#4784);
#4782 = CARTESIAN_POINT('',(1.2755E+04,193.,75.));
#4783 = DIRECTION('',(0.,-1.,2.22044604925E-16));
#4784 = DIRECTION('',(1.,0.,0.));
#4785 = PCURVE('',#3601,#4786);
#4786 = DEFINITIONAL_REPRESENTATION('',(#4787),#4791);
#4787 = CIRCLE('',#4788,9.5);
#4788 = AXIS2_PLACEMENT_2D('',#4789,#4790);
#4789 = CARTESIAN_POINT('',(20.,0.));
#4790 = DIRECTION('',(1.,0.));
#4791 = ( GEOMETRIC_REPRESENTATION_CONTEXT(2) 
PARAMETRIC_REPRESENTATION_CONTEXT() REPRESENTATION_CONTEXT('2D SPACE',''
  ) );
#4792 = PCURVE('',#4793,#4798);
#4793 = CYLINDRICAL_SURFACE('',#4794,9.5);
#4794 = AXIS2_PLACEMENT_3D('',#4795,#4796,#4797);
#4795 = CARTESIAN_POINT('',(1.2755E+04,194.,75.));
#4796 = DIRECTION('',(0.,-1.,2.22044604925E-16));
#4797 = DIRECTION('',(1.,0.,0.));
#4798 = DEFINITIONAL_REPRESENTATION('',(#4799),#4803);
#4799 = LINE('',#4800,#4801);
#4800 = CARTESIAN_POINT('',(0.,1.));
#4801 = VECTOR('',#4802,1.);
#4802 = DIRECTION('',(1.,0.));
#4803 = ( GEOMETRIC_REPRESENTATION_CONTEXT(2) 
PARAMETRIC_REPRESENTATION_CONTEXT() REPRESENTATION_CONTEXT('2D SPACE',''
  ) );
#4804 = ADVANCED_FACE('',(#4805),#3634,.T.);
#4805 = FACE_BOUND('',#4806,.T.);
#4806 = EDGE_LOOP('',(#4807,#4808,#4809,#4810));
#4807 = ORIENTED_EDGE('',*,*,#3794,.T.);
#4808 = ORIENTED_EDGE('',*,*,#4752,.T.);
#4809 = ORIENTED_EDGE('',*,*,#3616,.F.);
#4810 = ORIENTED_EDGE('',*,*,#4811,.F.);
#4811 = EDGE_CURVE('',#3795,#3617,#4812,.T.);
#4812 = SURFACE_CURVE('',#4813,(#4817,#4824),.PCURVE_S1.);
#4813 = LINE('',#4814,#4815);
#4814 = CARTESIAN_POINT('',(1.2785E+04,183.,40.));
#4815 = VECTOR('',#4816,1.);
#4816 = DIRECTION('',(0.,0.,1.));
#4817 = PCURVE('',#3634,#4818);
#4818 = DEFINITIONAL_REPRESENTATION('',(#4819),#4823);
#4819 = LINE('',#4820,#4821);
#4820 = CARTESIAN_POINT('',(0.,0.));
#4821 = VECTOR('',#4822,1.);
#4822 = DIRECTION('',(1.,0.));
#4823 = ( GEOMETRIC_REPRESENTATION_CONTEXT(2) 
PARAMETRIC_REPRESENTATION_CONTEXT() REPRESENTATION_CONTEXT('2D SPACE',''
  ) );
#4824 = PCURVE('',#3705,#4825);
#4825 = DEFINITIONAL_REPRESENTATION('',(#4826),#4830);
#4826 = LINE('',#4827,#4828);
#4827 = CARTESIAN_POINT('',(50.,-35.));
#4828 = VECTOR('',#4829,1.);
#4829 = DIRECTION('',(0.,1.));
#4830 = ( GEOMETRIC_REPRESENTATION_CONTEXT(2) 
PARAMETRIC_REPRESENTATION_CONTEXT() REPRESENTATION_CONTEXT('2D SPACE',''
  ) );
#4831 = ADVANCED_FACE('',(#4832,#4838),#3705,.T.);
#4832 = FACE_BOUND('',#4833,.T.);
#4833 = EDGE_LOOP('',(#4834,#4835,#4836,#4837));
#4834 = ORIENTED_EDGE('',*,*,#3817,.T.);
#4835 = ORIENTED_EDGE('',*,*,#4811,.T.);
#4836 = ORIENTED_EDGE('',*,*,#3691,.T.);
#4837 = ORIENTED_EDGE('',*,*,#3745,.T.);
#4838 = FACE_BOUND('',#4839,.T.);
#4839 = EDGE_LOOP('',(#4840));
#4840 = ORIENTED_EDGE('',*,*,#4841,.F.);
#4841 = EDGE_CURVE('',#4842,#4842,#4844,.T.);
#4842 = VERTEX_POINT('',#4843);
#4843 = CARTESIAN_POINT('',(1.27645E+04,183.,75.));
#4844 = SURFACE_CURVE('',#4845,(#4850,#4857),.PCURVE_S1.);
#4845 = CIRCLE('',#4846,9.5);
#4846 = AXIS2_PLACEMENT_3D('',#4847,#4848,#4849);
#4847 = CARTESIAN_POINT('',(1.2755E+04,183.,75.));
#4848 = DIRECTION('',(0.,-1.,2.22044604925E-16));
#4849 = DIRECTION('',(1.,0.,0.));
#4850 = PCURVE('',#3705,#4851);
#4851 = DEFINITIONAL_REPRESENTATION('',(#4852),#4856);
#4852 = CIRCLE('',#4853,9.5);
#4853 = AXIS2_PLACEMENT_2D('',#4854,#4855);
#4854 = CARTESIAN_POINT('',(20.,0.));
#4855 = DIRECTION('',(1.,0.));
#4856 = ( GEOMETRIC_REPRESENTATION_CONTEXT(2) 
PARAMETRIC_REPRESENTATION_CONTEXT() REPRESENTATION_CONTEXT('2D SPACE',''
  ) );
#4857 = PCURVE('',#4793,#4858);
#4858 = DEFINITIONAL_REPRESENTATION('',(#4859),#4863);
#4859 = LINE('',#4860,#4861);
#4860 = CARTESIAN_POINT('',(0.,11.));
#4861 = VECTOR('',#4862,1.);
#4862 = DIRECTION('',(1.,0.));
#4863 = ( GEOMETRIC_REPRESENTATION_CONTEXT(2) 
PARAMETRIC_REPRESENTATION_CONTEXT() REPRESENTATION_CONTEXT('2D SPACE',''
  ) );
#4864 = ADVANCED_FACE('',(#4865),#3925,.F.);
#4865 = FACE_BOUND('',#4866,.F.);
#4866 = EDGE_LOOP('',(#4867,#4868,#4869,#4870,#4871,#4872,#4873,#4874));
#4867 = ORIENTED_EDGE('',*,*,#4530,.F.);
#4868 = ORIENTED_EDGE('',*,*,#812,.T.);
#4869 = ORIENTED_EDGE('',*,*,#4558,.T.);
#4870 = ORIENTED_EDGE('',*,*,#964,.T.);
#4871 = ORIENTED_EDGE('',*,*,#4580,.T.);
#4872 = ORIENTED_EDGE('',*,*,#2624,.T.);
#4873 = ORIENTED_EDGE('',*,*,#4629,.T.);
#4874 = ORIENTED_EDGE('',*,*,#3909,.F.);
#4875 = ADVANCED_FACE('',(#4876,#4882),#4009,.F.);
#4876 = FACE_BOUND('',#4877,.F.);
#4877 = EDGE_LOOP('',(#4878,#4879,#4880,#4881));
#4878 = ORIENTED_EDGE('',*,*,#3993,.T.);
#4879 = ORIENTED_EDGE('',*,*,#4048,.T.);
#4880 = ORIENTED_EDGE('',*,*,#4097,.T.);
#4881 = ORIENTED_EDGE('',*,*,#4433,.T.);
#4882 = FACE_BOUND('',#4883,.F.);
#4883 = EDGE_LOOP('',(#4884));
#4884 = ORIENTED_EDGE('',*,*,#4483,.F.);
#4885 = ADVANCED_FACE('',(#4886,#4912),#4183,.T.);
#4886 = FACE_BOUND('',#4887,.T.);
#4887 = EDGE_LOOP('',(#4888,#4889,#4890,#4911));
#4888 = ORIENTED_EDGE('',*,*,#4169,.F.);
#4889 = ORIENTED_EDGE('',*,*,#4400,.T.);
#4890 = ORIENTED_EDGE('',*,*,#4891,.T.);
#4891 = EDGE_CURVE('',#4378,#4201,#4892,.T.);
#4892 = SURFACE_CURVE('',#4893,(#4897,#4904),.PCURVE_S1.);
#4893 = LINE('',#4894,#4895);
#4894 = CARTESIAN_POINT('',(1.2785E+04,407.,40.));
#4895 = VECTOR('',#4896,1.);
#4896 = DIRECTION('',(0.,0.,1.));
#4897 = PCURVE('',#4183,#4898);
#4898 = DEFINITIONAL_REPRESENTATION('',(#4899),#4903);
#4899 = LINE('',#4900,#4901);
#4900 = CARTESIAN_POINT('',(50.,-35.));
#4901 = VECTOR('',#4902,1.);
#4902 = DIRECTION('',(0.,1.));
#4903 = ( GEOMETRIC_REPRESENTATION_CONTEXT(2) 
PARAMETRIC_REPRESENTATION_CONTEXT() REPRESENTATION_CONTEXT('2D SPACE',''
  ) );
#4904 = PCURVE('',#4218,#4905);
#4905 = DEFINITIONAL_REPRESENTATION('',(#4906),#4910);
#4906 = LINE('',#4907,#4908);
#4907 = CARTESIAN_POINT('',(0.,0.));
#4908 = VECTOR('',#4909,1.);
#4909 = DIRECTION('',(1.,0.));
#4910 = ( GEOMETRIC_REPRESENTATION_CONTEXT(2) 
PARAMETRIC_REPRESENTATION_CONTEXT() REPRESENTATION_CONTEXT('2D SPACE',''
  ) );
#4911 = ORIENTED_EDGE('',*,*,#4280,.T.);
#4912 = FACE_BOUND('',#4913,.T.);
#4913 = EDGE_LOOP('',(#4914));
#4914 = ORIENTED_EDGE('',*,*,#4915,.F.);
#4915 = EDGE_CURVE('',#4916,#4916,#4918,.T.);
#4916 = VERTEX_POINT('',#4917);
#4917 = CARTESIAN_POINT('',(1.27645E+04,407.,75.));
#4918 = SURFACE_CURVE('',#4919,(#4924,#4931),.PCURVE_S1.);
#4919 = CIRCLE('',#4920,9.5);
#4920 = AXIS2_PLACEMENT_3D('',#4921,#4922,#4923);
#4921 = CARTESIAN_POINT('',(1.2755E+04,407.,75.));
#4922 = DIRECTION('',(0.,-1.,2.22044604925E-16));
#4923 = DIRECTION('',(1.,0.,0.));
#4924 = PCURVE('',#4183,#4925);
#4925 = DEFINITIONAL_REPRESENTATION('',(#4926),#4930);
#4926 = CIRCLE('',#4927,9.5);
#4927 = AXIS2_PLACEMENT_2D('',#4928,#4929);
#4928 = CARTESIAN_POINT('',(20.,0.));
#4929 = DIRECTION('',(1.,0.));
#4930 = ( GEOMETRIC_REPRESENTATION_CONTEXT(2) 
PARAMETRIC_REPRESENTATION_CONTEXT() REPRESENTATION_CONTEXT('2D SPACE',''
  ) );
#4931 = PCURVE('',#4932,#4937);
#4932 = CYLINDRICAL_SURFACE('',#4933,9.5);
#4933 = AXIS2_PLACEMENT_3D('',#4934,#4935,#4936);
#4934 = CARTESIAN_POINT('',(1.2755E+04,418.,75.));
#4935 = DIRECTION('',(0.,-1.,2.22044604925E-16));
#4936 = DIRECTION('',(1.,0.,0.));
#4937 = DEFINITIONAL_REPRESENTATION('',(#4938),#4942);
#4938 = LINE('',#4939,#4940);
#4939 = CARTESIAN_POINT('',(0.,11.));
#4940 = VECTOR('',#4941,1.);
#4941 = DIRECTION('',(1.,0.));
#4942 = ( GEOMETRIC_REPRESENTATION_CONTEXT(2) 
PARAMETRIC_REPRESENTATION_CONTEXT() REPRESENTATION_CONTEXT('2D SPACE',''
  ) );
#4943 = ADVANCED_FACE('',(#4944),#4218,.T.);
#4944 = FACE_BOUND('',#4945,.T.);
#4945 = EDGE_LOOP('',(#4946,#4947,#4968,#4969));
#4946 = ORIENTED_EDGE('',*,*,#4377,.T.);
#4947 = ORIENTED_EDGE('',*,*,#4948,.T.);
#4948 = EDGE_CURVE('',#4355,#4203,#4949,.T.);
#4949 = SURFACE_CURVE('',#4950,(#4954,#4961),.PCURVE_S1.);
#4950 = LINE('',#4951,#4952);
#4951 = CARTESIAN_POINT('',(1.2785E+04,417.,40.));
#4952 = VECTOR('',#4953,1.);
#4953 = DIRECTION('',(0.,0.,1.));
#4954 = PCURVE('',#4218,#4955);
#4955 = DEFINITIONAL_REPRESENTATION('',(#4956),#4960);
#4956 = LINE('',#4957,#4958);
#4957 = CARTESIAN_POINT('',(0.,-10.));
#4958 = VECTOR('',#4959,1.);
#4959 = DIRECTION('',(1.,0.));
#4960 = ( GEOMETRIC_REPRESENTATION_CONTEXT(2) 
PARAMETRIC_REPRESENTATION_CONTEXT() REPRESENTATION_CONTEXT('2D SPACE',''
  ) );
#4961 = PCURVE('',#4246,#4962);
#4962 = DEFINITIONAL_REPRESENTATION('',(#4963),#4967);
#4963 = LINE('',#4964,#4965);
#4964 = CARTESIAN_POINT('',(50.,-35.));
#4965 = VECTOR('',#4966,1.);
#4966 = DIRECTION('',(0.,1.));
#4967 = ( GEOMETRIC_REPRESENTATION_CONTEXT(2) 
PARAMETRIC_REPRESENTATION_CONTEXT() REPRESENTATION_CONTEXT('2D SPACE',''
  ) );
#4968 = ORIENTED_EDGE('',*,*,#4200,.F.);
#4969 = ORIENTED_EDGE('',*,*,#4891,.F.);
#4970 = ADVANCED_FACE('',(#4971,#4977),#4246,.F.);
#4971 = FACE_BOUND('',#4972,.F.);
#4972 = EDGE_LOOP('',(#4973,#4974,#4975,#4976));
#4973 = ORIENTED_EDGE('',*,*,#4354,.T.);
#4974 = ORIENTED_EDGE('',*,*,#4948,.T.);
#4975 = ORIENTED_EDGE('',*,*,#4230,.T.);
#4976 = ORIENTED_EDGE('',*,*,#4305,.T.);
#4977 = FACE_BOUND('',#4978,.F.);
#4978 = EDGE_LOOP('',(#4979));
#4979 = ORIENTED_EDGE('',*,*,#4980,.F.);
#4980 = EDGE_CURVE('',#4981,#4981,#4983,.T.);
#4981 = VERTEX_POINT('',#4982);
#4982 = CARTESIAN_POINT('',(1.27645E+04,417.,75.));
#4983 = SURFACE_CURVE('',#4984,(#4989,#4996),.PCURVE_S1.);
#4984 = CIRCLE('',#4985,9.5);
#4985 = AXIS2_PLACEMENT_3D('',#4986,#4987,#4988);
#4986 = CARTESIAN_POINT('',(1.2755E+04,417.,75.));
#4987 = DIRECTION('',(0.,-1.,2.22044604925E-16));
#4988 = DIRECTION('',(1.,0.,0.));
#4989 = PCURVE('',#4246,#4990);
#4990 = DEFINITIONAL_REPRESENTATION('',(#4991),#4995);
#4991 = CIRCLE('',#4992,9.5);
#4992 = AXIS2_PLACEMENT_2D('',#4993,#4994);
#4993 = CARTESIAN_POINT('',(20.,0.));
#4994 = DIRECTION('',(1.,0.));
#4995 = ( GEOMETRIC_REPRESENTATION_CONTEXT(2) 
PARAMETRIC_REPRESENTATION_CONTEXT() REPRESENTATION_CONTEXT('2D SPACE',''
  ) );
#4996 = PCURVE('',#4932,#4997);
#4997 = DEFINITIONAL_REPRESENTATION('',(#4998),#5002);
#4998 = LINE('',#4999,#5000);
#4999 = CARTESIAN_POINT('',(0.,1.));
#5000 = VECTOR('',#5001,1.);
#5001 = DIRECTION('',(1.,0.));
#5002 = ( GEOMETRIC_REPRESENTATION_CONTEXT(2) 
PARAMETRIC_REPRESENTATION_CONTEXT() REPRESENTATION_CONTEXT('2D SPACE',''
  ) );
#5003 = ADVANCED_FACE('',(#5004),#4793,.F.);
#5004 = FACE_BOUND('',#5005,.F.);
#5005 = EDGE_LOOP('',(#5006,#5007,#5028,#5029));
#5006 = ORIENTED_EDGE('',*,*,#4841,.F.);
#5007 = ORIENTED_EDGE('',*,*,#5008,.F.);
#5008 = EDGE_CURVE('',#4777,#4842,#5009,.T.);
#5009 = SEAM_CURVE('',#5010,(#5014,#5021),.PCURVE_S1.);
#5010 = LINE('',#5011,#5012);
#5011 = CARTESIAN_POINT('',(1.27645E+04,194.,75.));
#5012 = VECTOR('',#5013,1.);
#5013 = DIRECTION('',(0.,-1.,2.22044604925E-16));
#5014 = PCURVE('',#4793,#5015);
#5015 = DEFINITIONAL_REPRESENTATION('',(#5016),#5020);
#5016 = LINE('',#5017,#5018);
#5017 = CARTESIAN_POINT('',(6.28318530718,-0.));
#5018 = VECTOR('',#5019,1.);
#5019 = DIRECTION('',(0.,1.));
#5020 = ( GEOMETRIC_REPRESENTATION_CONTEXT(2) 
PARAMETRIC_REPRESENTATION_CONTEXT() REPRESENTATION_CONTEXT('2D SPACE',''
  ) );
#5021 = PCURVE('',#4793,#5022);
#5022 = DEFINITIONAL_REPRESENTATION('',(#5023),#5027);
#5023 = LINE('',#5024,#5025);
#5024 = CARTESIAN_POINT('',(0.,-0.));
#5025 = VECTOR('',#5026,1.);
#5026 = DIRECTION('',(0.,1.));
#5027 = ( GEOMETRIC_REPRESENTATION_CONTEXT(2) 
PARAMETRIC_REPRESENTATION_CONTEXT() REPRESENTATION_CONTEXT('2D SPACE',''
  ) );
#5028 = ORIENTED_EDGE('',*,*,#4776,.T.);
#5029 = ORIENTED_EDGE('',*,*,#5008,.T.);
#5030 = ADVANCED_FACE('',(#5031),#4932,.F.);
#5031 = FACE_BOUND('',#5032,.F.);
#5032 = EDGE_LOOP('',(#5033,#5034,#5055,#5056));
#5033 = ORIENTED_EDGE('',*,*,#4915,.F.);
#5034 = ORIENTED_EDGE('',*,*,#5035,.F.);
#5035 = EDGE_CURVE('',#4981,#4916,#5036,.T.);
#5036 = SEAM_CURVE('',#5037,(#5041,#5048),.PCURVE_S1.);
#5037 = LINE('',#5038,#5039);
#5038 = CARTESIAN_POINT('',(1.27645E+04,418.,75.));
#5039 = VECTOR('',#5040,1.);
#5040 = DIRECTION('',(0.,-1.,2.22044604925E-16));
#5041 = PCURVE('',#4932,#5042);
#5042 = DEFINITIONAL_REPRESENTATION('',(#5043),#5047);
#5043 = LINE('',#5044,#5045);
#5044 = CARTESIAN_POINT('',(6.28318530718,-0.));
#5045 = VECTOR('',#5046,1.);
#5046 = DIRECTION('',(0.,1.));
#5047 = ( GEOMETRIC_REPRESENTATION_CONTEXT(2) 
PARAMETRIC_REPRESENTATION_CONTEXT() REPRESENTATION_CONTEXT('2D SPACE',''
  ) );
#5048 = PCURVE('',#4932,#5049);
#5049 = DEFINITIONAL_REPRESENTATION('',(#5050),#5054);
#5050 = LINE('',#5051,#5052);
#5051 = CARTESIAN_POINT('',(0.,-0.));
#5052 = VECTOR('',#5053,1.);
#5053 = DIRECTION('',(0.,1.));
#5054 = ( GEOMETRIC_REPRESENTATION_CONTEXT(2) 
PARAMETRIC_REPRESENTATION_CONTEXT() REPRESENTATION_CONTEXT('2D SPACE',''
  ) );
#5055 = ORIENTED_EDGE('',*,*,#4980,.T.);
#5056 = ORIENTED_EDGE('',*,*,#5035,.T.);
#5057 = MANIFOLD_SOLID_BREP('',#5058);
#5058 = CLOSED_SHELL('',(#5059,#5147,#5182,#5212));
#5059 = ADVANCED_FACE('',(#5060),#5073,.T.);
#5060 = FACE_BOUND('',#5061,.T.);
#5061 = EDGE_LOOP('',(#5062,#5096,#5119,#5146));
#5062 = ORIENTED_EDGE('',*,*,#5063,.F.);
#5063 = EDGE_CURVE('',#5064,#5064,#5066,.T.);
#5064 = VERTEX_POINT('',#5065);
#5065 = CARTESIAN_POINT('',(1.125668789951E+04,300.,888.82664235788));
#5066 = SURFACE_CURVE('',#5067,(#5072,#5084),.PCURVE_S1.);
#5067 = CIRCLE('',#5068,13.45);
#5068 = AXIS2_PLACEMENT_3D('',#5069,#5070,#5071);
#5069 = CARTESIAN_POINT('',(1.126619848572E+04,300.,898.33722856484));
#5070 = DIRECTION('',(-0.707106781187,0.,0.707106781187));
#5071 = DIRECTION('',(-0.707106781187,0.,-0.707106781187));
#5072 = PCURVE('',#5073,#5078);
#5073 = CYLINDRICAL_SURFACE('',#5074,13.45);
#5074 = AXIS2_PLACEMENT_3D('',#5075,#5076,#5077);
#5075 = CARTESIAN_POINT('',(1.190259458879E+04,300.,261.94112549695));
#5076 = DIRECTION('',(-0.707106781187,0.,0.707106781187));
#5077 = DIRECTION('',(-0.707106781187,0.,-0.707106781187));
#5078 = DEFINITIONAL_REPRESENTATION('',(#5079),#5083);
#5079 = LINE('',#5080,#5081);
#5080 = CARTESIAN_POINT('',(0.,900.));
#5081 = VECTOR('',#5082,1.);
#5082 = DIRECTION('',(1.,0.));
#5083 = ( GEOMETRIC_REPRESENTATION_CONTEXT(2) 
PARAMETRIC_REPRESENTATION_CONTEXT() REPRESENTATION_CONTEXT('2D SPACE',''
  ) );
#5084 = PCURVE('',#5085,#5090);
#5085 = PLANE('',#5086);
#5086 = AXIS2_PLACEMENT_3D('',#5087,#5088,#5089);
#5087 = CARTESIAN_POINT('',(1.126619848572E+04,300.,898.33722856484));
#5088 = DIRECTION('',(-0.707106781187,0.,0.707106781187));
#5089 = DIRECTION('',(-0.707106781187,0.,-0.707106781187));
#5090 = DEFINITIONAL_REPRESENTATION('',(#5091),#5095);
#5091 = CIRCLE('',#5092,13.45);
#5092 = AXIS2_PLACEMENT_2D('',#5093,#5094);
#5093 = CARTESIAN_POINT('',(0.,0.));
#5094 = DIRECTION('',(1.,0.));
#5095 = ( GEOMETRIC_REPRESENTATION_CONTEXT(2) 
PARAMETRIC_REPRESENTATION_CONTEXT() REPRESENTATION_CONTEXT('2D SPACE',''
  ) );
#5096 = ORIENTED_EDGE('',*,*,#5097,.F.);
#5097 = EDGE_CURVE('',#5098,#5064,#5100,.T.);
#5098 = VERTEX_POINT('',#5099);
#5099 = CARTESIAN_POINT('',(1.189308400258E+04,300.,252.43053928999));
#5100 = SEAM_CURVE('',#5101,(#5105,#5112),.PCURVE_S1.);
#5101 = LINE('',#5102,#5103);
#5102 = CARTESIAN_POINT('',(1.189308400258E+04,300.,252.43053928999));
#5103 = VECTOR('',#5104,1.);
#5104 = DIRECTION('',(-0.707106781187,0.,0.707106781187));
#5105 = PCURVE('',#5073,#5106);
#5106 = DEFINITIONAL_REPRESENTATION('',(#5107),#5111);
#5107 = LINE('',#5108,#5109);
#5108 = CARTESIAN_POINT('',(6.28318530718,-0.));
#5109 = VECTOR('',#5110,1.);
#5110 = DIRECTION('',(0.,1.));
#5111 = ( GEOMETRIC_REPRESENTATION_CONTEXT(2) 
PARAMETRIC_REPRESENTATION_CONTEXT() REPRESENTATION_CONTEXT('2D SPACE',''
  ) );
#5112 = PCURVE('',#5073,#5113);
#5113 = DEFINITIONAL_REPRESENTATION('',(#5114),#5118);
#5114 = LINE('',#5115,#5116);
#5115 = CARTESIAN_POINT('',(0.,-0.));
#5116 = VECTOR('',#5117,1.);
#5117 = DIRECTION('',(0.,1.));
#5118 = ( GEOMETRIC_REPRESENTATION_CONTEXT(2) 
PARAMETRIC_REPRESENTATION_CONTEXT() REPRESENTATION_CONTEXT('2D SPACE',''
  ) );
#5119 = ORIENTED_EDGE('',*,*,#5120,.T.);
#5120 = EDGE_CURVE('',#5098,#5098,#5121,.T.);
#5121 = SURFACE_CURVE('',#5122,(#5127,#5134),.PCURVE_S1.);
#5122 = CIRCLE('',#5123,13.45);
#5123 = AXIS2_PLACEMENT_3D('',#5124,#5125,#5126);
#5124 = CARTESIAN_POINT('',(1.190259458879E+04,300.,261.94112549695));
#5125 = DIRECTION('',(-0.707106781187,0.,0.707106781187));
#5126 = DIRECTION('',(-0.707106781187,0.,-0.707106781187));
#5127 = PCURVE('',#5073,#5128);
#5128 = DEFINITIONAL_REPRESENTATION('',(#5129),#5133);
#5129 = LINE('',#5130,#5131);
#5130 = CARTESIAN_POINT('',(0.,0.));
#5131 = VECTOR('',#5132,1.);
#5132 = DIRECTION('',(1.,0.));
#5133 = ( GEOMETRIC_REPRESENTATION_CONTEXT(2) 
PARAMETRIC_REPRESENTATION_CONTEXT() REPRESENTATION_CONTEXT('2D SPACE',''
  ) );
#5134 = PCURVE('',#5135,#5140);
#5135 = PLANE('',#5136);
#5136 = AXIS2_PLACEMENT_3D('',#5137,#5138,#5139);
#5137 = CARTESIAN_POINT('',(1.190259458879E+04,300.,261.94112549695));
#5138 = DIRECTION('',(-0.707106781187,0.,0.707106781187));
#5139 = DIRECTION('',(-0.707106781187,0.,-0.707106781187));
#5140 = DEFINITIONAL_REPRESENTATION('',(#5141),#5145);
#5141 = CIRCLE('',#5142,13.45);
#5142 = AXIS2_PLACEMENT_2D('',#5143,#5144);
#5143 = CARTESIAN_POINT('',(0.,0.));
#5144 = DIRECTION('',(1.,0.));
#5145 = ( GEOMETRIC_REPRESENTATION_CONTEXT(2) 
PARAMETRIC_REPRESENTATION_CONTEXT() REPRESENTATION_CONTEXT('2D SPACE',''
  ) );
#5146 = ORIENTED_EDGE('',*,*,#5097,.T.);
#5147 = ADVANCED_FACE('',(#5148,#5151),#5085,.T.);
#5148 = FACE_BOUND('',#5149,.T.);
#5149 = EDGE_LOOP('',(#5150));
#5150 = ORIENTED_EDGE('',*,*,#5063,.T.);
#5151 = FACE_BOUND('',#5152,.T.);
#5152 = EDGE_LOOP('',(#5153));
#5153 = ORIENTED_EDGE('',*,*,#5154,.F.);
#5154 = EDGE_CURVE('',#5155,#5155,#5157,.T.);
#5155 = VERTEX_POINT('',#5156);
#5156 = CARTESIAN_POINT('',(1.125852637714E+04,300.,890.66511998897));
#5157 = SURFACE_CURVE('',#5158,(#5163,#5170),.PCURVE_S1.);
#5158 = CIRCLE('',#5159,10.85);
#5159 = AXIS2_PLACEMENT_3D('',#5160,#5161,#5162);
#5160 = CARTESIAN_POINT('',(1.126619848572E+04,300.,898.33722856484));
#5161 = DIRECTION('',(-0.707106781187,0.,0.707106781187));
#5162 = DIRECTION('',(-0.707106781187,0.,-0.707106781187));
#5163 = PCURVE('',#5085,#5164);
#5164 = DEFINITIONAL_REPRESENTATION('',(#5165),#5169);
#5165 = CIRCLE('',#5166,10.85);
#5166 = AXIS2_PLACEMENT_2D('',#5167,#5168);
#5167 = CARTESIAN_POINT('',(0.,0.));
#5168 = DIRECTION('',(1.,0.));
#5169 = ( GEOMETRIC_REPRESENTATION_CONTEXT(2) 
PARAMETRIC_REPRESENTATION_CONTEXT() REPRESENTATION_CONTEXT('2D SPACE',''
  ) );
#5170 = PCURVE('',#5171,#5176);
#5171 = CYLINDRICAL_SURFACE('',#5172,10.85);
#5172 = AXIS2_PLACEMENT_3D('',#5173,#5174,#5175);
#5173 = CARTESIAN_POINT('',(1.190259458879E+04,300.,261.94112549695));
#5174 = DIRECTION('',(-0.707106781187,0.,0.707106781187));
#5175 = DIRECTION('',(-0.707106781187,0.,-0.707106781187));
#5176 = DEFINITIONAL_REPRESENTATION('',(#5177),#5181);
#5177 = LINE('',#5178,#5179);
#5178 = CARTESIAN_POINT('',(0.,900.));
#5179 = VECTOR('',#5180,1.);
#5180 = DIRECTION('',(1.,0.));
#5181 = ( GEOMETRIC_REPRESENTATION_CONTEXT(2) 
PARAMETRIC_REPRESENTATION_CONTEXT() REPRESENTATION_CONTEXT('2D SPACE',''
  ) );
#5182 = ADVANCED_FACE('',(#5183,#5186),#5135,.F.);
#5183 = FACE_BOUND('',#5184,.F.);
#5184 = EDGE_LOOP('',(#5185));
#5185 = ORIENTED_EDGE('',*,*,#5120,.T.);
#5186 = FACE_BOUND('',#5187,.F.);
#5187 = EDGE_LOOP('',(#5188));
#5188 = ORIENTED_EDGE('',*,*,#5189,.F.);
#5189 = EDGE_CURVE('',#5190,#5190,#5192,.T.);
#5190 = VERTEX_POINT('',#5191);
#5191 = CARTESIAN_POINT('',(1.189492248021E+04,300.,254.26901692108));
#5192 = SURFACE_CURVE('',#5193,(#5198,#5205),.PCURVE_S1.);
#5193 = CIRCLE('',#5194,10.85);
#5194 = AXIS2_PLACEMENT_3D('',#5195,#5196,#5197);
#5195 = CARTESIAN_POINT('',(1.190259458879E+04,300.,261.94112549695));
#5196 = DIRECTION('',(-0.707106781187,0.,0.707106781187));
#5197 = DIRECTION('',(-0.707106781187,0.,-0.707106781187));
#5198 = PCURVE('',#5135,#5199);
#5199 = DEFINITIONAL_REPRESENTATION('',(#5200),#5204);
#5200 = CIRCLE('',#5201,10.85);
#5201 = AXIS2_PLACEMENT_2D('',#5202,#5203);
#5202 = CARTESIAN_POINT('',(0.,0.));
#5203 = DIRECTION('',(1.,0.));
#5204 = ( GEOMETRIC_REPRESENTATION_CONTEXT(2) 
PARAMETRIC_REPRESENTATION_CONTEXT() REPRESENTATION_CONTEXT('2D SPACE',''
  ) );
#5205 = PCURVE('',#5171,#5206);
#5206 = DEFINITIONAL_REPRESENTATION('',(#5207),#5211);
#5207 = LINE('',#5208,#5209);
#5208 = CARTESIAN_POINT('',(0.,0.));
#5209 = VECTOR('',#5210,1.);
#5210 = DIRECTION('',(1.,0.));
#5211 = ( GEOMETRIC_REPRESENTATION_CONTEXT(2) 
PARAMETRIC_REPRESENTATION_CONTEXT() REPRESENTATION_CONTEXT('2D SPACE',''
  ) );
#5212 = ADVANCED_FACE('',(#5213),#5171,.F.);
#5213 = FACE_BOUND('',#5214,.F.);
#5214 = EDGE_LOOP('',(#5215,#5216,#5237,#5238));
#5215 = ORIENTED_EDGE('',*,*,#5154,.F.);
#5216 = ORIENTED_EDGE('',*,*,#5217,.F.);
#5217 = EDGE_CURVE('',#5190,#5155,#5218,.T.);
#5218 = SEAM_CURVE('',#5219,(#5223,#5230),.PCURVE_S1.);
#5219 = LINE('',#5220,#5221);
#5220 = CARTESIAN_POINT('',(1.189492248021E+04,300.,254.26901692108));
#5221 = VECTOR('',#5222,1.);
#5222 = DIRECTION('',(-0.707106781187,0.,0.707106781187));
#5223 = PCURVE('',#5171,#5224);
#5224 = DEFINITIONAL_REPRESENTATION('',(#5225),#5229);
#5225 = LINE('',#5226,#5227);
#5226 = CARTESIAN_POINT('',(6.28318530718,-0.));
#5227 = VECTOR('',#5228,1.);
#5228 = DIRECTION('',(0.,1.));
#5229 = ( GEOMETRIC_REPRESENTATION_CONTEXT(2) 
PARAMETRIC_REPRESENTATION_CONTEXT() REPRESENTATION_CONTEXT('2D SPACE',''
  ) );
#5230 = PCURVE('',#5171,#5231);
#5231 = DEFINITIONAL_REPRESENTATION('',(#5232),#5236);
#5232 = LINE('',#5233,#5234);
#5233 = CARTESIAN_POINT('',(0.,-0.));
#5234 = VECTOR('',#5235,1.);
#5235 = DIRECTION('',(0.,1.));
#5236 = ( GEOMETRIC_REPRESENTATION_CONTEXT(2) 
PARAMETRIC_REPRESENTATION_CONTEXT() REPRESENTATION_CONTEXT('2D SPACE',''
  ) );
#5237 = ORIENTED_EDGE('',*,*,#5189,.T.);
#5238 = ORIENTED_EDGE('',*,*,#5217,.T.);
#5239 = MANIFOLD_SOLID_BREP('',#5240);
#5240 = CLOSED_SHELL('',(#5241,#5625,#5711,#5715,#5719));
#5241 = ADVANCED_FACE('',(#5242),#5256,.T.);
#5242 = FACE_BOUND('',#5243,.T.);
#5243 = EDGE_LOOP('',(#5244,#5274,#5301,#5302));
#5244 = ORIENTED_EDGE('',*,*,#5245,.T.);
#5245 = EDGE_CURVE('',#5246,#5248,#5250,.T.);
#5246 = VERTEX_POINT('',#5247);
#5247 = CARTESIAN_POINT('',(1.19455E+04,415.4309262591,75.));
#5248 = VERTEX_POINT('',#5249);
#5249 = CARTESIAN_POINT('',(1.159530072701E+04,309.69208760082,75.));
#5250 = SEAM_CURVE('',#5251,(#5255,#5267),.PCURVE_S1.);
#5251 = LINE('',#5252,#5253);
#5252 = CARTESIAN_POINT('',(1.195630072701E+04,418.69208760082,75.));
#5253 = VECTOR('',#5254,1.);
#5254 = DIRECTION('',(-0.957313866483,-0.289050447221,0.));
#5255 = PCURVE('',#5256,#5261);
#5256 = CYLINDRICAL_SURFACE('',#5257,4.5);
#5257 = AXIS2_PLACEMENT_3D('',#5258,#5259,#5260);
#5258 = CARTESIAN_POINT('',(1.1955E+04,423.,75.));
#5259 = DIRECTION('',(-0.957313866483,-0.289050447221,0.));
#5260 = DIRECTION('',(0.289050447221,-0.957313866483,0.));
#5261 = DEFINITIONAL_REPRESENTATION('',(#5262),#5266);
#5262 = LINE('',#5263,#5264);
#5263 = CARTESIAN_POINT('',(6.28318530718,-0.));
#5264 = VECTOR('',#5265,1.);
#5265 = DIRECTION('',(0.,1.));
#5266 = ( GEOMETRIC_REPRESENTATION_CONTEXT(2) 
PARAMETRIC_REPRESENTATION_CONTEXT() REPRESENTATION_CONTEXT('2D SPACE',''
  ) );
#5267 = PCURVE('',#5256,#5268);
#5268 = DEFINITIONAL_REPRESENTATION('',(#5269),#5273);
#5269 = LINE('',#5270,#5271);
#5270 = CARTESIAN_POINT('',(0.,-0.));
#5271 = VECTOR('',#5272,1.);
#5272 = DIRECTION('',(0.,1.));
#5273 = ( GEOMETRIC_REPRESENTATION_CONTEXT(2) 
PARAMETRIC_REPRESENTATION_CONTEXT() REPRESENTATION_CONTEXT('2D SPACE',''
  ) );
#5274 = ORIENTED_EDGE('',*,*,#5275,.F.);
#5275 = EDGE_CURVE('',#5248,#5248,#5276,.T.);
#5276 = SURFACE_CURVE('',#5277,(#5282,#5289),.PCURVE_S1.);
#5277 = CIRCLE('',#5278,4.5);
#5278 = AXIS2_PLACEMENT_3D('',#5279,#5280,#5281);
#5279 = CARTESIAN_POINT('',(1.1594E+04,314.,75.));
#5280 = DIRECTION('',(-0.957313866483,-0.289050447221,0.));
#5281 = DIRECTION('',(0.289050447221,-0.957313866483,0.));
#5282 = PCURVE('',#5256,#5283);
#5283 = DEFINITIONAL_REPRESENTATION('',(#5284),#5288);
#5284 = LINE('',#5285,#5286);
#5285 = CARTESIAN_POINT('',(0.,377.09680454758));
#5286 = VECTOR('',#5287,1.);
#5287 = DIRECTION('',(1.,0.));
#5288 = ( GEOMETRIC_REPRESENTATION_CONTEXT(2) 
PARAMETRIC_REPRESENTATION_CONTEXT() REPRESENTATION_CONTEXT('2D SPACE',''
  ) );
#5289 = PCURVE('',#5290,#5295);
#5290 = PLANE('',#5291);
#5291 = AXIS2_PLACEMENT_3D('',#5292,#5293,#5294);
#5292 = CARTESIAN_POINT('',(1.1594E+04,314.,75.));
#5293 = DIRECTION('',(-0.957313866483,-0.289050447221,0.));
#5294 = DIRECTION('',(0.289050447221,-0.957313866483,0.));
#5295 = DEFINITIONAL_REPRESENTATION('',(#5296),#5300);
#5296 = CIRCLE('',#5297,4.5);
#5297 = AXIS2_PLACEMENT_2D('',#5298,#5299);
#5298 = CARTESIAN_POINT('',(0.,0.));
#5299 = DIRECTION('',(1.,0.));
#5300 = ( GEOMETRIC_REPRESENTATION_CONTEXT(2) 
PARAMETRIC_REPRESENTATION_CONTEXT() REPRESENTATION_CONTEXT('2D SPACE',''
  ) );
#5301 = ORIENTED_EDGE('',*,*,#5245,.F.);
#5302 = ORIENTED_EDGE('',*,*,#5303,.T.);
#5303 = EDGE_CURVE('',#5246,#5246,#5304,.T.);
#5304 = SURFACE_CURVE('',#5305,(#5408,#5514),.PCURVE_S1.);
#5305 = B_SPLINE_CURVE_WITH_KNOTS('',6,(#5306,#5307,#5308,#5309,#5310,
    #5311,#5312,#5313,#5314,#5315,#5316,#5317,#5318,#5319,#5320,#5321,
    #5322,#5323,#5324,#5325,#5326,#5327,#5328,#5329,#5330,#5331,#5332,
    #5333,#5334,#5335,#5336,#5337,#5338,#5339,#5340,#5341,#5342,#5343,
    #5344,#5345,#5346,#5347,#5348,#5349,#5350,#5351,#5352,#5353,#5354,
    #5355,#5356,#5357,#5358,#5359,#5360,#5361,#5362,#5363,#5364,#5365,
    #5366,#5367,#5368,#5369,#5370,#5371,#5372,#5373,#5374,#5375,#5376,
    #5377,#5378,#5379,#5380,#5381,#5382,#5383,#5384,#5385,#5386,#5387,
    #5388,#5389,#5390,#5391,#5392,#5393,#5394,#5395,#5396,#5397,#5398,
    #5399,#5400,#5401,#5402,#5403,#5404,#5405,#5406,#5407),
  .UNSPECIFIED.,.T.,.F.,(7,5,5,5,5,5,5,5,5,5,5,5,5,5,5,5,5,5,5,5,7),(0.,
    4.942063581573E-02,0.100223394325,0.177549199228,0.265820468506,
    0.323771246495,0.410133922171,0.448974506277,0.477280724982,
    0.499848021579,0.533386807809,0.551768258265,0.590051074922,
    0.676454794183,0.734016353257,0.822054557433,0.898499574573,
    0.921528367564,0.949015078558,0.968858841704,1.),.UNSPECIFIED.);
#5306 = CARTESIAN_POINT('',(1.19455E+04,415.4309262591,75.));
#5307 = CARTESIAN_POINT('',(1.19455E+04,415.4309262591,75.299883970786)
  );
#5308 = CARTESIAN_POINT('',(1.194551135975E+04,415.45940763812,
    75.595850441498));
#5309 = CARTESIAN_POINT('',(1.194553352193E+04,415.51497054344,
    75.883572266697));
#5310 = CARTESIAN_POINT('',(1.194556495408E+04,415.59455721927,
    76.158851857643));
#5311 = CARTESIAN_POINT('',(1.194560325308E+04,415.69342490843,
    76.417735337997));
#5312 = CARTESIAN_POINT('',(1.194568902195E+04,415.91963191829,
    76.902064742028));
#5313 = CARTESIAN_POINT('',(1.194573739069E+04,416.0494637508,
    77.130168306324));
#5314 = CARTESIAN_POINT('',(1.194578884958E+04,416.19090446287,
    77.341721264527));
#5315 = CARTESIAN_POINT('',(1.19458420271E+04,416.34139244294,
    77.537885244738));
#5316 = CARTESIAN_POINT('',(1.194589596651E+04,416.499243964,
    77.719949824718));
#5317 = CARTESIAN_POINT('',(1.194603221355E+04,416.91371742975,
    78.146729328824));
#5318 = CARTESIAN_POINT('',(1.194611478358E+04,417.17934623405,
    78.375008520107));
#5319 = CARTESIAN_POINT('',(1.194619477146E+04,417.45586906505,
    78.576548837496));
#5320 = CARTESIAN_POINT('',(1.194627028041E+04,417.74097474096,
    78.753707524227));
#5321 = CARTESIAN_POINT('',(1.194633989055E+04,418.03391058431,
    78.908183622629));
#5322 = CARTESIAN_POINT('',(1.194647312033E+04,418.67820247928,
    79.191682659273));
#5323 = CARTESIAN_POINT('',(1.194653445607E+04,419.03175368019,
    79.313917599802));
#5324 = CARTESIAN_POINT('',(1.194658341314E+04,419.39315100071,
    79.407163987607));
#5325 = CARTESIAN_POINT('',(1.194661757339E+04,419.76065645017,
    79.470572527159));
#5326 = CARTESIAN_POINT('',(1.194663473151E+04,420.13274311812,
    79.502476182046));
#5327 = CARTESIAN_POINT('',(1.194663242101E+04,420.75386205352,
    79.498180261451));
#5328 = CARTESIAN_POINT('',(1.194662350967E+04,421.00117517694,
    79.481609324784));
#5329 = CARTESIAN_POINT('',(1.1946606176E+04,421.24852567,
    79.449348934435));
#5330 = CARTESIAN_POINT('',(1.194658025637E+04,421.4948305629,
    79.40057440365));
#5331 = CARTESIAN_POINT('',(1.194654590525E+04,421.73897517148,
    79.334420762083));
#5332 = CARTESIAN_POINT('',(1.194644067874E+04,422.33857276835,
    79.124055459152));
#5333 = CARTESIAN_POINT('',(1.194636021334E+04,422.68956602131,
    78.957597203883));
#5334 = CARTESIAN_POINT('',(1.194626420365E+04,423.02792476342,
    78.747894428091));
#5335 = CARTESIAN_POINT('',(1.194615669301E+04,423.34836071357,
    78.492610580926));
#5336 = CARTESIAN_POINT('',(1.194604407886E+04,423.64467927574,
    78.189996850531));
#5337 = CARTESIAN_POINT('',(1.194588507945E+04,424.02801565863,
    77.682433376999));
#5338 = CARTESIAN_POINT('',(1.194583632521E+04,424.14053990128,
    77.515294013314));
#5339 = CARTESIAN_POINT('',(1.194578893222E+04,424.24580905617,
    77.338625426643));
#5340 = CARTESIAN_POINT('',(1.194574374891E+04,424.34296740471,
    77.152692143496));
#5341 = CARTESIAN_POINT('',(1.194570164125E+04,424.43115632168,
    76.957874664512));
#5342 = CARTESIAN_POINT('',(1.194563562152E+04,424.56660642527,
    76.60658656446));
#5343 = CARTESIAN_POINT('',(1.194560987254E+04,424.61847916135,
    76.45405010969));
#5344 = CARTESIAN_POINT('',(1.194558657471E+04,424.6647018113,
    76.297487196743));
#5345 = CARTESIAN_POINT('',(1.194556606138E+04,424.70491381584,
    76.137361092773));
#5346 = CARTESIAN_POINT('',(1.194554861705E+04,424.73881299208,
    75.974175446505));
#5347 = CARTESIAN_POINT('',(1.194552318049E+04,424.78794748935,
    75.676366428625));
#5348 = CARTESIAN_POINT('',(1.19455139919E+04,424.80556769312,
    75.542694519252));
#5349 = CARTESIAN_POINT('',(1.194550701761E+04,424.81887523438,
    75.407834234532));
#5350 = CARTESIAN_POINT('',(1.19455023395E+04,424.82777871937,
    75.272169843021));
#5351 = CARTESIAN_POINT('',(1.19455E+04,424.83223163563,75.136092590063)
  );
#5352 = CARTESIAN_POINT('',(1.19455E+04,424.83223163563,74.797743594765)
  );
#5353 = CARTESIAN_POINT('',(1.194550516728E+04,424.82239671228,
    74.595601607888));
#5354 = CARTESIAN_POINT('',(1.194551549088E+04,424.80274777333,
    74.394812503399));
#5355 = CARTESIAN_POINT('',(1.194553077E+04,424.77350618209,
    74.196604922821));
#5356 = CARTESIAN_POINT('',(1.194555061756E+04,424.73508990936,
    74.002159490544));
#5357 = CARTESIAN_POINT('',(1.19455875922E+04,424.66238271774,
    73.708664521811));
#5358 = CARTESIAN_POINT('',(1.194560189927E+04,424.63406530998,
    73.606182807793));
#5359 = CARTESIAN_POINT('',(1.194561734474E+04,424.60325600999,
    73.505248083879));
#5360 = CARTESIAN_POINT('',(1.194563384226E+04,424.57004705166,
    73.405974921303));
#5361 = CARTESIAN_POINT('',(1.194565129904E+04,424.53453852633,
    73.308470482549));
#5362 = CARTESIAN_POINT('',(1.194570776883E+04,424.41832209529,
    73.013654612672));
#5363 = CARTESIAN_POINT('',(1.194574963734E+04,424.33034254944,
    72.822684630753));
#5364 = CARTESIAN_POINT('',(1.194579441373E+04,424.23373198695,
    72.64038752692));
#5365 = CARTESIAN_POINT('',(1.194584127094E+04,424.12931020429,
    72.467113198523));
#5366 = CARTESIAN_POINT('',(1.194588940076E+04,424.01789202081,
    72.30310330797));
#5367 = CARTESIAN_POINT('',(1.194604785274E+04,423.63487813181,
    71.799550147273));
#5368 = CARTESIAN_POINT('',(1.194616041874E+04,423.33770567399,
    71.498136221283));
#5369 = CARTESIAN_POINT('',(1.19462677217E+04,423.01654588643,
    71.244065858532));
#5370 = CARTESIAN_POINT('',(1.194636339189E+04,422.67758338637,
    71.035570112151));
#5371 = CARTESIAN_POINT('',(1.194644342239E+04,422.326096988,
    70.870297612427));
#5372 = CARTESIAN_POINT('',(1.194654751961E+04,421.72757645781,
    70.662464664973));
#5373 = CARTESIAN_POINT('',(1.194658132358E+04,421.48499366991,
    70.597411294805));
#5374 = CARTESIAN_POINT('',(1.194660680396E+04,421.2403142259,
    70.549479030797));
#5375 = CARTESIAN_POINT('',(1.194662381627E+04,420.99462759131,
    70.517820255237));
#5376 = CARTESIAN_POINT('',(1.194663252457E+04,420.74899283339,
    70.501627188016));
#5377 = CARTESIAN_POINT('',(1.194663460755E+04,420.13055439721,
    70.497754318262));
#5378 = CARTESIAN_POINT('',(1.194661742045E+04,419.75960144953,
    70.529711196513));
#5379 = CARTESIAN_POINT('',(1.194658335199E+04,419.39330277678,
    70.592959506894));
#5380 = CARTESIAN_POINT('',(1.194653459725E+04,419.03310351196,
    70.685833064673));
#5381 = CARTESIAN_POINT('',(1.194647352937E+04,418.68063352622,
    70.80751262465));
#5382 = CARTESIAN_POINT('',(1.194634134371E+04,418.04054869335,
    71.088667761518));
#5383 = CARTESIAN_POINT('',(1.194627266868E+04,417.75080246456,
    71.240926170726));
#5384 = CARTESIAN_POINT('',(1.194619820648E+04,417.46872642791,
    71.415325195837));
#5385 = CARTESIAN_POINT('',(1.194611933074E+04,417.19502590706,
    71.613482336233));
#5386 = CARTESIAN_POINT('',(1.194603785396E+04,416.9318727253,
    71.837660353729));
#5387 = CARTESIAN_POINT('',(1.194593206729E+04,416.60881516388,
    72.166452744179));
#5388 = CARTESIAN_POINT('',(1.194590757713E+04,416.53532662508,
    72.24520672449));
#5389 = CARTESIAN_POINT('',(1.194588315156E+04,416.46322649395,
    72.3267072318));
#5390 = CARTESIAN_POINT('',(1.194585886696E+04,416.39263470073,
    72.411063720022));
#5391 = CARTESIAN_POINT('',(1.19458348128E+04,416.32370361115,
    72.498385048691));
#5392 = CARTESIAN_POINT('',(1.19457827811E+04,416.17654525275,
    72.696672356106));
#5393 = CARTESIAN_POINT('',(1.194575493924E+04,416.09908374976,
    72.808967033258));
#5394 = CARTESIAN_POINT('',(1.194572774262E+04,416.02454642915,
    72.92585649074));
#5395 = CARTESIAN_POINT('',(1.194570140107E+04,415.9533255817,
    73.047516300843));
#5396 = CARTESIAN_POINT('',(1.194567615934E+04,415.88589257137,
    73.174103721062));
#5397 = CARTESIAN_POINT('',(1.194563507085E+04,415.77724726671,
    73.400802532623));
#5398 = CARTESIAN_POINT('',(1.194561855791E+04,415.73394346031,
    73.498518526348));
#5399 = CARTESIAN_POINT('',(1.194560288222E+04,415.69314215479,
    73.598865061505));
#5400 = CARTESIAN_POINT('',(1.19455881699E+04,415.65510002519,
    73.701793858991));
#5401 = CARTESIAN_POINT('',(1.194557454817E+04,415.62007537067,
    73.807248070699));
#5402 = CARTESIAN_POINT('',(1.194554267777E+04,415.53850827578,
    74.08451376385));
#5403 = CARTESIAN_POINT('',(1.194552615021E+04,415.4966078178,
    74.260443512714));
#5404 = CARTESIAN_POINT('',(1.194551323517E+04,415.46410914465,
    74.441473321403));
#5405 = CARTESIAN_POINT('',(1.194550442741E+04,415.44202662056,
    74.626095683732));
#5406 = CARTESIAN_POINT('',(1.19455E+04,415.4309262591,74.812782867565)
  );
#5407 = CARTESIAN_POINT('',(1.19455E+04,415.4309262591,75.));
#5408 = PCURVE('',#5256,#5409);
#5409 = DEFINITIONAL_REPRESENTATION('',(#5410),#5513);
#5410 = B_SPLINE_CURVE_WITH_KNOTS('',6,(#5411,#5412,#5413,#5414,#5415,
    #5416,#5417,#5418,#5419,#5420,#5421,#5422,#5423,#5424,#5425,#5426,
    #5427,#5428,#5429,#5430,#5431,#5432,#5433,#5434,#5435,#5436,#5437,
    #5438,#5439,#5440,#5441,#5442,#5443,#5444,#5445,#5446,#5447,#5448,
    #5449,#5450,#5451,#5452,#5453,#5454,#5455,#5456,#5457,#5458,#5459,
    #5460,#5461,#5462,#5463,#5464,#5465,#5466,#5467,#5468,#5469,#5470,
    #5471,#5472,#5473,#5474,#5475,#5476,#5477,#5478,#5479,#5480,#5481,
    #5482,#5483,#5484,#5485,#5486,#5487,#5488,#5489,#5490,#5491,#5492,
    #5493,#5494,#5495,#5496,#5497,#5498,#5499,#5500,#5501,#5502,#5503,
    #5504,#5505,#5506,#5507,#5508,#5509,#5510,#5511,#5512),
  .UNSPECIFIED.,.F.,.F.,(7,5,5,5,5,5,5,5,5,5,5,5,5,5,5,5,5,5,5,5,7),(0.,
    4.942063581573E-02,0.100223394325,0.177549199228,0.265820468506,
    0.323771246495,0.410133922171,0.448974506277,0.477280724982,
    0.499848021579,0.533386807809,0.551768258265,0.590051074922,
    0.676454794183,0.734016353257,0.822054557433,0.898499574573,
    0.921528367564,0.949015078558,0.968858841704,1.),.UNSPECIFIED.);
#5411 = CARTESIAN_POINT('',(0.,11.282325881446));
#5412 = CARTESIAN_POINT('',(6.664088239683E-02,11.282325881446));
#5413 = CARTESIAN_POINT('',(0.132411227604,11.263218477139));
#5414 = CARTESIAN_POINT('',(0.196882094804,11.225941830335));
#5415 = CARTESIAN_POINT('',(0.259583662826,11.172846838613));
#5416 = CARTESIAN_POINT('',(0.319910458555,11.10760492351));
#5417 = CARTESIAN_POINT('',(0.435668125139,10.96011195606));
#5418 = CARTESIAN_POINT('',(0.491822130835,10.876279940382));
#5419 = CARTESIAN_POINT('',(0.545755784075,10.786134133937));
#5420 = CARTESIAN_POINT('',(0.597750004665,10.691727941024));
#5421 = CARTESIAN_POINT('',(0.648104379019,10.594463941554));
#5422 = CARTESIAN_POINT('',(0.771807476094,10.344229018256));
#5423 = CARTESIAN_POINT('',(0.843575695534,10.18840345549));
#5424 = CARTESIAN_POINT('',(0.913130264309,10.031900908209));
#5425 = CARTESIAN_POINT('',(0.981101082822,9.87720521605));
#5426 = CARTESIAN_POINT('',(1.048153124402,9.725893225242));
#5427 = CARTESIAN_POINT('',(1.19127162192,9.412117651795));
#5428 = CARTESIAN_POINT('',(1.267225714435,9.251205963254));
#5429 = CARTESIAN_POINT('',(1.34335393857,9.099876626525));
#5430 = CARTESIAN_POINT('',(1.420152901676,8.960946933311));
#5431 = CARTESIAN_POINT('',(1.498154271337,8.83696940584));
#5432 = CARTESIAN_POINT('',(1.630440742542,8.659646569326));
#5433 = CARTESIAN_POINT('',(1.683650528768,8.59669155525));
#5434 = CARTESIAN_POINT('',(1.73769497646,8.541788542923));
#5435 = CARTESIAN_POINT('',(1.792650791444,8.495407225317));
#5436 = CARTESIAN_POINT('',(1.848619612555,8.457721927219));
#5437 = CARTESIAN_POINT('',(1.99083761978,8.385142767186));
#5438 = CARTESIAN_POINT('',(2.078398011331,8.360718654713));
#5439 = CARTESIAN_POINT('',(2.168630869411,8.354827315517));
#5440 = CARTESIAN_POINT('',(2.261830317607,8.365126583172));
#5441 = CARTESIAN_POINT('',(2.358342505192,8.38728266483));
#5442 = CARTESIAN_POINT('',(2.503746766898,8.428691449603));
#5443 = CARTESIAN_POINT('',(2.549641602796,8.442839379595));
#5444 = CARTESIAN_POINT('',(2.596315202833,8.457781242556));
#5445 = CARTESIAN_POINT('',(2.643766445351,8.472952189272));
#5446 = CARTESIAN_POINT('',(2.692002512956,8.487771391799));
#5447 = CARTESIAN_POINT('',(2.77677680345,8.511821078414));
#5448 = CARTESIAN_POINT('',(2.812938551068,8.521477095645));
#5449 = CARTESIAN_POINT('',(2.849476320975,8.530419761709));
#5450 = CARTESIAN_POINT('',(2.886348950989,8.538434153764));
#5451 = CARTESIAN_POINT('',(2.923519326154,8.545335283387));
#5452 = CARTESIAN_POINT('',(2.990793755101,8.555483705247));
#5453 = CARTESIAN_POINT('',(3.020794775345,8.559186939765));
#5454 = CARTESIAN_POINT('',(3.050913033831,8.56201698));
#5455 = CARTESIAN_POINT('',(3.081110465483,8.563921841356));
#5456 = CARTESIAN_POINT('',(3.111349855798,8.5648743579));
#5457 = CARTESIAN_POINT('',(3.18653852142,8.5648743579));
#5458 = CARTESIAN_POINT('',(3.231458961688,8.562770435032));
#5459 = CARTESIAN_POINT('',(3.276242203027,8.558567043922));
#5460 = CARTESIAN_POINT('',(3.320777688958,8.552392425076));
#5461 = CARTESIAN_POINT('',(3.364949225038,8.544496324077));
#5462 = CARTESIAN_POINT('',(3.43256687321,8.530116038799));
#5463 = CARTESIAN_POINT('',(3.456365534996,8.524604839569));
#5464 = CARTESIAN_POINT('',(3.480016476806,8.51872411343));
#5465 = CARTESIAN_POINT('',(3.503511748283,8.512529878472));
#5466 = CARTESIAN_POINT('',(3.52684270025,8.50608201823));
#5467 = CARTESIAN_POINT('',(3.59822848891,8.48561511579));
#5468 = CARTESIAN_POINT('',(3.645677258248,8.470964335452));
#5469 = CARTESIAN_POINT('',(3.69236242357,8.45602460045));
#5470 = CARTESIAN_POINT('',(3.738291879683,8.441350713138));
#5471 = CARTESIAN_POINT('',(3.783465816452,8.427480836014));
#5472 = CARTESIAN_POINT('',(3.928114093544,8.386502897277));
#5473 = CARTESIAN_POINT('',(4.024572848368,8.364639735104));
#5474 = CARTESIAN_POINT('',(4.117723783432,8.354748508477));
#5475 = CARTESIAN_POINT('',(4.207912405137,8.361139371868));
#5476 = CARTESIAN_POINT('',(4.295432795185,8.386122358679));
#5477 = CARTESIAN_POINT('',(4.43718157749,8.459471278933));
#5478 = CARTESIAN_POINT('',(4.492735039803,8.497228933624));
#5479 = CARTESIAN_POINT('',(4.547291454952,8.543560911187));
#5480 = CARTESIAN_POINT('',(4.60095044389,8.598290620426));
#5481 = CARTESIAN_POINT('',(4.653787346387,8.660954884527));
#5482 = CARTESIAN_POINT('',(4.785488330879,8.837720728523));
#5483 = CARTESIAN_POINT('',(4.863251839972,8.961398291374));
#5484 = CARTESIAN_POINT('',(4.939802291506,9.099891292846));
#5485 = CARTESIAN_POINT('',(5.015680440614,9.250680639856));
#5486 = CARTESIAN_POINT('',(5.091394168497,9.41102337285));
#5487 = CARTESIAN_POINT('',(5.233540022021,9.72258335145));
#5488 = CARTESIAN_POINT('',(5.299816016915,9.872078189468));
#5489 = CARTESIAN_POINT('',(5.366972667416,10.024896088045));
#5490 = CARTESIAN_POINT('',(5.435653411775,10.179518184396));
#5491 = CARTESIAN_POINT('',(5.506469807377,10.333581583029));
#5492 = CARTESIAN_POINT('',(5.602250534571,10.528232556317));
#5493 = CARTESIAN_POINT('',(5.624692308081,10.572919220904));
#5494 = CARTESIAN_POINT('',(5.647431009435,10.617142732894));
#5495 = CARTESIAN_POINT('',(5.670493836951,10.660795305631));
#5496 = CARTESIAN_POINT('',(5.69390735361,10.703747252713));
#5497 = CARTESIAN_POINT('',(5.746095425047,10.796094107188));
#5498 = CARTESIAN_POINT('',(5.775036644848,10.845137791126));
#5499 = CARTESIAN_POINT('',(5.804570146234,10.892718537834));
#5500 = CARTESIAN_POINT('',(5.834740335807,10.938522087575));
#5501 = CARTESIAN_POINT('',(5.865591571405,10.982177889222));
#5502 = CARTESIAN_POINT('',(5.919970431947,11.052916437543));
#5503 = CARTESIAN_POINT('',(5.943156338878,11.081241495407));
#5504 = CARTESIAN_POINT('',(5.966724950242,11.108041678947));
#5505 = CARTESIAN_POINT('',(5.990673742275,11.133122085794));
#5506 = CARTESIAN_POINT('',(6.015002176889,11.156286247536));
#5507 = CARTESIAN_POINT('',(6.078489232526,11.210373233668));
#5508 = CARTESIAN_POINT('',(6.118324621254,11.23830664044));
#5509 = CARTESIAN_POINT('',(6.158938648096,11.260064145163));
#5510 = CARTESIAN_POINT('',(6.200095458313,11.274878894942));
#5511 = CARTESIAN_POINT('',(6.241581499972,11.282325881446));
#5512 = CARTESIAN_POINT('',(6.28318530718,11.282325881446));
#5513 = ( GEOMETRIC_REPRESENTATION_CONTEXT(2) 
PARAMETRIC_REPRESENTATION_CONTEXT() REPRESENTATION_CONTEXT('2D SPACE',''
  ) );
#5514 = PCURVE('',#5515,#5520);
#5515 = CYLINDRICAL_SURFACE('',#5516,9.5);
#5516 = AXIS2_PLACEMENT_3D('',#5517,#5518,#5519);
#5517 = CARTESIAN_POINT('',(1.1955E+04,429.,75.));
#5518 = DIRECTION('',(0.,-1.,2.22044604925E-16));
#5519 = DIRECTION('',(1.,0.,0.));
#5520 = DEFINITIONAL_REPRESENTATION('',(#5521),#5624);
#5521 = B_SPLINE_CURVE_WITH_KNOTS('',6,(#5522,#5523,#5524,#5525,#5526,
    #5527,#5528,#5529,#5530,#5531,#5532,#5533,#5534,#5535,#5536,#5537,
    #5538,#5539,#5540,#5541,#5542,#5543,#5544,#5545,#5546,#5547,#5548,
    #5549,#5550,#5551,#5552,#5553,#5554,#5555,#5556,#5557,#5558,#5559,
    #5560,#5561,#5562,#5563,#5564,#5565,#5566,#5567,#5568,#5569,#5570,
    #5571,#5572,#5573,#5574,#5575,#5576,#5577,#5578,#5579,#5580,#5581,
    #5582,#5583,#5584,#5585,#5586,#5587,#5588,#5589,#5590,#5591,#5592,
    #5593,#5594,#5595,#5596,#5597,#5598,#5599,#5600,#5601,#5602,#5603,
    #5604,#5605,#5606,#5607,#5608,#5609,#5610,#5611,#5612,#5613,#5614,
    #5615,#5616,#5617,#5618,#5619,#5620,#5621,#5622,#5623),
  .UNSPECIFIED.,.T.,.F.,(7,5,5,5,5,5,5,5,5,5,5,5,5,5,5,5,5,5,5,5,7),(0.,
    4.942063581573E-02,0.100223394325,0.177549199228,0.265820468506,
    0.323771246495,0.410133922171,0.448974506277,0.477280724982,
    0.499848021579,0.533386807809,0.551768258265,0.590051074922,
    0.676454794183,0.734016353257,0.822054557433,0.898499574573,
    0.921528367564,0.949015078558,0.968858841704,1.),.UNSPECIFIED.);
#5522 = CARTESIAN_POINT('',(3.14159265359,13.569073740898));
#5523 = CARTESIAN_POINT('',(3.110025919823,13.569073740898));
#5524 = CARTESIAN_POINT('',(3.07887152701,13.540592361879));
#5525 = CARTESIAN_POINT('',(3.048528536727,13.485029456554));
#5526 = CARTESIAN_POINT('',(3.019388899181,13.405442780726));
#5527 = CARTESIAN_POINT('',(2.991852495899,13.306575091564));
#5528 = CARTESIAN_POINT('',(2.94007722282,13.080368081708));
#5529 = CARTESIAN_POINT('',(2.91554636569,12.950536249191));
#5530 = CARTESIAN_POINT('',(2.892641716161,12.809095537124));
#5531 = CARTESIAN_POINT('',(2.87125681026,12.658607557054));
#5532 = CARTESIAN_POINT('',(2.851273138191,12.500756035996));
#5533 = CARTESIAN_POINT('',(2.804115243266,12.08628257025));
#5534 = CARTESIAN_POINT('',(2.778580715895,11.820653765943));
#5535 = CARTESIAN_POINT('',(2.755768857372,11.544130934943));
#5536 = CARTESIAN_POINT('',(2.735504353331,11.259025259039));
#5537 = CARTESIAN_POINT('',(2.717671262742,10.966089415682));
#5538 = CARTESIAN_POINT('',(2.684698197718,10.321797520713));
#5539 = CARTESIAN_POINT('',(2.670307137386,9.968246319808));
#5540 = CARTESIAN_POINT('',(2.659222104121,9.606848999287));
#5541 = CARTESIAN_POINT('',(2.651640428386,9.239343549826));
#5542 = CARTESIAN_POINT('',(2.647827300876,8.867256881879));
#5543 = CARTESIAN_POINT('',(2.648340757728,8.246137946474));
#5544 = CARTESIAN_POINT('',(2.650321214384,7.998824823052));
#5545 = CARTESIAN_POINT('',(2.654176401019,7.751474329999));
#5546 = CARTESIAN_POINT('',(2.659990246438,7.505169437094));
#5547 = CARTESIAN_POINT('',(2.667835815481,7.261024828511));
#5548 = CARTESIAN_POINT('',(2.692595307526,6.661427231645));
#5549 = CARTESIAN_POINT('',(2.712055165906,6.310433978685));
#5550 = CARTESIAN_POINT('',(2.736324585149,5.972075236574));
#5551 = CARTESIAN_POINT('',(2.765455121247,5.651639286428));
#5552 = CARTESIAN_POINT('',(2.79939611209,5.355320724258));
#5553 = CARTESIAN_POINT('',(2.855383990803,4.97198434137));
#5554 = CARTESIAN_POINT('',(2.873707278846,4.859460098712));
#5555 = CARTESIAN_POINT('',(2.892954282014,4.754190943824));
#5556 = CARTESIAN_POINT('',(2.913086561625,4.657032595285));
#5557 = CARTESIAN_POINT('',(2.934059476293,4.568843678311));
#5558 = CARTESIAN_POINT('',(2.971684530349,4.433393574729));
#5559 = CARTESIAN_POINT('',(2.987965369514,4.381520838649));
#5560 = CARTESIAN_POINT('',(3.004622246023,4.335298188698));
#5561 = CARTESIAN_POINT('',(3.02160992111,4.295086184158));
#5562 = CARTESIAN_POINT('',(3.038881301194,4.261187007912));
#5563 = CARTESIAN_POINT('',(3.070343758203,4.212052510646));
#5564 = CARTESIAN_POINT('',(3.084445753874,4.194432306876));
#5565 = CARTESIAN_POINT('',(3.098657440217,4.181124765619));
#5566 = CARTESIAN_POINT('',(3.112943197725,4.17222128063));
#5567 = CARTESIAN_POINT('',(3.127267117794,4.167768364365));
#5568 = CARTESIAN_POINT('',(3.162882801509,4.167768364365));
#5569 = CARTESIAN_POINT('',(3.184160907747,4.177603287715));
#5570 = CARTESIAN_POINT('',(3.205313961686,4.197252226665));
#5571 = CARTESIAN_POINT('',(3.226229962211,4.226493817906));
#5572 = CARTESIAN_POINT('',(3.246798525147,4.264910090631));
#5573 = CARTESIAN_POINT('',(3.277936929499,4.33761728226));
#5574 = CARTESIAN_POINT('',(3.288828118014,4.365934690012));
#5575 = CARTESIAN_POINT('',(3.299575134581,4.396743990003));
#5576 = CARTESIAN_POINT('',(3.310166992251,4.429952948332));
#5577 = CARTESIAN_POINT('',(3.320593052388,4.465461473668));
#5578 = CARTESIAN_POINT('',(3.35219045654,4.581677904708));
#5579 = CARTESIAN_POINT('',(3.372762721687,4.669657450553));
#5580 = CARTESIAN_POINT('',(3.392513533577,4.766268013045));
#5581 = CARTESIAN_POINT('',(3.411401268869,4.870689795708));
#5582 = CARTESIAN_POINT('',(3.429390118543,4.982107979188));
#5583 = CARTESIAN_POINT('',(3.484957981735,5.365121868186));
#5584 = CARTESIAN_POINT('',(3.518779243432,5.662294326001));
#5585 = CARTESIAN_POINT('',(3.547783992084,5.983454113561));
#5586 = CARTESIAN_POINT('',(3.571923197735,6.322416613624));
#5587 = CARTESIAN_POINT('',(3.591250813823,6.673903011991));
#5588 = CARTESIAN_POINT('',(3.615718728041,7.272423542181));
#5589 = CARTESIAN_POINT('',(3.623435006248,7.515006330089));
#5590 = CARTESIAN_POINT('',(3.629148875942,7.759685774095));
#5591 = CARTESIAN_POINT('',(3.632932258231,8.005372408686));
#5592 = CARTESIAN_POINT('',(3.634867563222,8.251007166607));
#5593 = CARTESIAN_POINT('',(3.635330456836,8.869445602788));
#5594 = CARTESIAN_POINT('',(3.631510951063,9.240398550466));
#5595 = CARTESIAN_POINT('',(3.623948709669,9.606697223213));
#5596 = CARTESIAN_POINT('',(3.612908310249,9.966896488038));
#5597 = CARTESIAN_POINT('',(3.598582086282,10.319366473775));
#5598 = CARTESIAN_POINT('',(3.565879064085,10.959451306647));
#5599 = CARTESIAN_POINT('',(3.548299156889,11.249197535432));
#5600 = CARTESIAN_POINT('',(3.52834479407,11.531273572083));
#5601 = CARTESIAN_POINT('',(3.505906519994,11.804974092935));
#5602 = CARTESIAN_POINT('',(3.480816061476,12.068127274697));
#5603 = CARTESIAN_POINT('',(3.444459066641,12.391184836115));
#5604 = CARTESIAN_POINT('',(3.43577801219,12.464673374919));
#5605 = CARTESIAN_POINT('',(3.426822749649,12.536773506042));
#5606 = CARTESIAN_POINT('',(3.417583371346,12.607365299268));
#5607 = CARTESIAN_POINT('',(3.408049991184,12.676296388842));
#5608 = CARTESIAN_POINT('',(3.386471004332,12.823454747248));
#5609 = CARTESIAN_POINT('',(3.374293740814,12.900916250235));
#5610 = CARTESIAN_POINT('',(3.361662970828,12.975453570842));
#5611 = CARTESIAN_POINT('',(3.348562451342,13.046674418294));
#5612 = CARTESIAN_POINT('',(3.3349772171,13.114107428628));
#5613 = CARTESIAN_POINT('',(3.310725395433,13.222752733284));
#5614 = CARTESIAN_POINT('',(3.300294403538,13.266056539689));
#5615 = CARTESIAN_POINT('',(3.289604778989,13.306857845208));
#5616 = CARTESIAN_POINT('',(3.27866150331,13.344899974801));
#5617 = CARTESIAN_POINT('',(3.267469935508,13.379924629322));
#5618 = CARTESIAN_POINT('',(3.238091897594,13.461491724215));
#5619 = CARTESIAN_POINT('',(3.219495447625,13.503392182197));
#5620 = CARTESIAN_POINT('',(3.200398700968,13.535890855342));
#5621 = CARTESIAN_POINT('',(3.180951005497,13.557973379435));
#5622 = CARTESIAN_POINT('',(3.161299720162,13.569073740898));
#5623 = CARTESIAN_POINT('',(3.14159265359,13.569073740898));
#5624 = ( GEOMETRIC_REPRESENTATION_CONTEXT(2) 
PARAMETRIC_REPRESENTATION_CONTEXT() REPRESENTATION_CONTEXT('2D SPACE',''
  ) );
#5625 = ADVANCED_FACE('',(#5626,#5708),#5515,.T.);
#5626 = FACE_BOUND('',#5627,.T.);
#5627 = EDGE_LOOP('',(#5628,#5653,#5680,#5681));
#5628 = ORIENTED_EDGE('',*,*,#5629,.T.);
#5629 = EDGE_CURVE('',#5630,#5632,#5634,.T.);
#5630 = VERTEX_POINT('',#5631);
#5631 = CARTESIAN_POINT('',(1.19645E+04,429.,75.));
#5632 = VERTEX_POINT('',#5633);
#5633 = CARTESIAN_POINT('',(1.19645E+04,407.,75.));
#5634 = SEAM_CURVE('',#5635,(#5639,#5646),.PCURVE_S1.);
#5635 = LINE('',#5636,#5637);
#5636 = CARTESIAN_POINT('',(1.19645E+04,429.,75.));
#5637 = VECTOR('',#5638,1.);
#5638 = DIRECTION('',(0.,-1.,2.22044604925E-16));
#5639 = PCURVE('',#5515,#5640);
#5640 = DEFINITIONAL_REPRESENTATION('',(#5641),#5645);
#5641 = LINE('',#5642,#5643);
#5642 = CARTESIAN_POINT('',(6.28318530718,-0.));
#5643 = VECTOR('',#5644,1.);
#5644 = DIRECTION('',(0.,1.));
#5645 = ( GEOMETRIC_REPRESENTATION_CONTEXT(2) 
PARAMETRIC_REPRESENTATION_CONTEXT() REPRESENTATION_CONTEXT('2D SPACE',''
  ) );
#5646 = PCURVE('',#5515,#5647);
#5647 = DEFINITIONAL_REPRESENTATION('',(#5648),#5652);
#5648 = LINE('',#5649,#5650);
#5649 = CARTESIAN_POINT('',(0.,-0.));
#5650 = VECTOR('',#5651,1.);
#5651 = DIRECTION('',(0.,1.));
#5652 = ( GEOMETRIC_REPRESENTATION_CONTEXT(2) 
PARAMETRIC_REPRESENTATION_CONTEXT() REPRESENTATION_CONTEXT('2D SPACE',''
  ) );
#5653 = ORIENTED_EDGE('',*,*,#5654,.F.);
#5654 = EDGE_CURVE('',#5632,#5632,#5655,.T.);
#5655 = SURFACE_CURVE('',#5656,(#5661,#5668),.PCURVE_S1.);
#5656 = CIRCLE('',#5657,9.5);
#5657 = AXIS2_PLACEMENT_3D('',#5658,#5659,#5660);
#5658 = CARTESIAN_POINT('',(1.1955E+04,407.,75.));
#5659 = DIRECTION('',(0.,-1.,2.22044604925E-16));
#5660 = DIRECTION('',(1.,0.,0.));
#5661 = PCURVE('',#5515,#5662);
#5662 = DEFINITIONAL_REPRESENTATION('',(#5663),#5667);
#5663 = LINE('',#5664,#5665);
#5664 = CARTESIAN_POINT('',(0.,22.));
#5665 = VECTOR('',#5666,1.);
#5666 = DIRECTION('',(1.,0.));
#5667 = ( GEOMETRIC_REPRESENTATION_CONTEXT(2) 
PARAMETRIC_REPRESENTATION_CONTEXT() REPRESENTATION_CONTEXT('2D SPACE',''
  ) );
#5668 = PCURVE('',#5669,#5674);
#5669 = PLANE('',#5670);
#5670 = AXIS2_PLACEMENT_3D('',#5671,#5672,#5673);
#5671 = CARTESIAN_POINT('',(1.1955E+04,407.,75.));
#5672 = DIRECTION('',(0.,-1.,2.22044604925E-16));
#5673 = DIRECTION('',(1.,0.,0.));
#5674 = DEFINITIONAL_REPRESENTATION('',(#5675),#5679);
#5675 = CIRCLE('',#5676,9.5);
#5676 = AXIS2_PLACEMENT_2D('',#5677,#5678);
#5677 = CARTESIAN_POINT('',(0.,0.));
#5678 = DIRECTION('',(1.,0.));
#5679 = ( GEOMETRIC_REPRESENTATION_CONTEXT(2) 
PARAMETRIC_REPRESENTATION_CONTEXT() REPRESENTATION_CONTEXT('2D SPACE',''
  ) );
#5680 = ORIENTED_EDGE('',*,*,#5629,.F.);
#5681 = ORIENTED_EDGE('',*,*,#5682,.T.);
#5682 = EDGE_CURVE('',#5630,#5630,#5683,.T.);
#5683 = SURFACE_CURVE('',#5684,(#5689,#5696),.PCURVE_S1.);
#5684 = CIRCLE('',#5685,9.5);
#5685 = AXIS2_PLACEMENT_3D('',#5686,#5687,#5688);
#5686 = CARTESIAN_POINT('',(1.1955E+04,429.,75.));
#5687 = DIRECTION('',(0.,-1.,2.22044604925E-16));
#5688 = DIRECTION('',(1.,0.,0.));
#5689 = PCURVE('',#5515,#5690);
#5690 = DEFINITIONAL_REPRESENTATION('',(#5691),#5695);
#5691 = LINE('',#5692,#5693);
#5692 = CARTESIAN_POINT('',(0.,0.));
#5693 = VECTOR('',#5694,1.);
#5694 = DIRECTION('',(1.,0.));
#5695 = ( GEOMETRIC_REPRESENTATION_CONTEXT(2) 
PARAMETRIC_REPRESENTATION_CONTEXT() REPRESENTATION_CONTEXT('2D SPACE',''
  ) );
#5696 = PCURVE('',#5697,#5702);
#5697 = PLANE('',#5698);
#5698 = AXIS2_PLACEMENT_3D('',#5699,#5700,#5701);
#5699 = CARTESIAN_POINT('',(1.1955E+04,429.,75.));
#5700 = DIRECTION('',(0.,-1.,2.22044604925E-16));
#5701 = DIRECTION('',(1.,0.,0.));
#5702 = DEFINITIONAL_REPRESENTATION('',(#5703),#5707);
#5703 = CIRCLE('',#5704,9.5);
#5704 = AXIS2_PLACEMENT_2D('',#5705,#5706);
#5705 = CARTESIAN_POINT('',(0.,0.));
#5706 = DIRECTION('',(1.,0.));
#5707 = ( GEOMETRIC_REPRESENTATION_CONTEXT(2) 
PARAMETRIC_REPRESENTATION_CONTEXT() REPRESENTATION_CONTEXT('2D SPACE',''
  ) );
#5708 = FACE_BOUND('',#5709,.T.);
#5709 = EDGE_LOOP('',(#5710));
#5710 = ORIENTED_EDGE('',*,*,#5303,.F.);
#5711 = ADVANCED_FACE('',(#5712),#5290,.T.);
#5712 = FACE_BOUND('',#5713,.T.);
#5713 = EDGE_LOOP('',(#5714));
#5714 = ORIENTED_EDGE('',*,*,#5275,.T.);
#5715 = ADVANCED_FACE('',(#5716),#5697,.F.);
#5716 = FACE_BOUND('',#5717,.T.);
#5717 = EDGE_LOOP('',(#5718));
#5718 = ORIENTED_EDGE('',*,*,#5682,.F.);
#5719 = ADVANCED_FACE('',(#5720),#5669,.T.);
#5720 = FACE_BOUND('',#5721,.T.);
#5721 = EDGE_LOOP('',(#5722));
#5722 = ORIENTED_EDGE('',*,*,#5654,.T.);
#5723 = MANIFOLD_SOLID_BREP('',#5724);
#5724 = CLOSED_SHELL('',(#5725,#6079,#6165,#6169,#6173));
#5725 = ADVANCED_FACE('',(#5726),#5740,.T.);
#5726 = FACE_BOUND('',#5727,.T.);
#5727 = EDGE_LOOP('',(#5728,#5758,#5785,#5786));
#5728 = ORIENTED_EDGE('',*,*,#5729,.T.);
#5729 = EDGE_CURVE('',#5730,#5732,#5734,.T.);
#5730 = VERTEX_POINT('',#5731);
#5731 = CARTESIAN_POINT('',(1.19455E+04,175.16776836436,75.));
#5732 = VERTEX_POINT('',#5733);
#5733 = CARTESIAN_POINT('',(1.159269927299E+04,281.69208760082,75.));
#5734 = SEAM_CURVE('',#5735,(#5739,#5751),.PCURVE_S1.);
#5735 = LINE('',#5736,#5737);
#5736 = CARTESIAN_POINT('',(1.195369927299E+04,172.69208760082,75.));
#5737 = VECTOR('',#5738,1.);
#5738 = DIRECTION('',(-0.957313866483,0.289050447221,0.));
#5739 = PCURVE('',#5740,#5745);
#5740 = CYLINDRICAL_SURFACE('',#5741,4.5);
#5741 = AXIS2_PLACEMENT_3D('',#5742,#5743,#5744);
#5742 = CARTESIAN_POINT('',(1.1955E+04,177.,75.));
#5743 = DIRECTION('',(-0.957313866483,0.289050447221,0.));
#5744 = DIRECTION('',(-0.289050447221,-0.957313866483,0.));
#5745 = DEFINITIONAL_REPRESENTATION('',(#5746),#5750);
#5746 = LINE('',#5747,#5748);
#5747 = CARTESIAN_POINT('',(6.28318530718,-0.));
#5748 = VECTOR('',#5749,1.);
#5749 = DIRECTION('',(0.,1.));
#5750 = ( GEOMETRIC_REPRESENTATION_CONTEXT(2) 
PARAMETRIC_REPRESENTATION_CONTEXT() REPRESENTATION_CONTEXT('2D SPACE',''
  ) );
#5751 = PCURVE('',#5740,#5752);
#5752 = DEFINITIONAL_REPRESENTATION('',(#5753),#5757);
#5753 = LINE('',#5754,#5755);
#5754 = CARTESIAN_POINT('',(0.,-0.));
#5755 = VECTOR('',#5756,1.);
#5756 = DIRECTION('',(0.,1.));
#5757 = ( GEOMETRIC_REPRESENTATION_CONTEXT(2) 
PARAMETRIC_REPRESENTATION_CONTEXT() REPRESENTATION_CONTEXT('2D SPACE',''
  ) );
#5758 = ORIENTED_EDGE('',*,*,#5759,.F.);
#5759 = EDGE_CURVE('',#5732,#5732,#5760,.T.);
#5760 = SURFACE_CURVE('',#5761,(#5766,#5773),.PCURVE_S1.);
#5761 = CIRCLE('',#5762,4.5);
#5762 = AXIS2_PLACEMENT_3D('',#5763,#5764,#5765);
#5763 = CARTESIAN_POINT('',(1.1594E+04,286.,75.));
#5764 = DIRECTION('',(-0.957313866483,0.289050447221,0.));
#5765 = DIRECTION('',(-0.289050447221,-0.957313866483,0.));
#5766 = PCURVE('',#5740,#5767);
#5767 = DEFINITIONAL_REPRESENTATION('',(#5768),#5772);
#5768 = LINE('',#5769,#5770);
#5769 = CARTESIAN_POINT('',(0.,377.09680454758));
#5770 = VECTOR('',#5771,1.);
#5771 = DIRECTION('',(1.,0.));
#5772 = ( GEOMETRIC_REPRESENTATION_CONTEXT(2) 
PARAMETRIC_REPRESENTATION_CONTEXT() REPRESENTATION_CONTEXT('2D SPACE',''
  ) );
#5773 = PCURVE('',#5774,#5779);
#5774 = PLANE('',#5775);
#5775 = AXIS2_PLACEMENT_3D('',#5776,#5777,#5778);
#5776 = CARTESIAN_POINT('',(1.1594E+04,286.,75.));
#5777 = DIRECTION('',(-0.957313866483,0.289050447221,0.));
#5778 = DIRECTION('',(-0.289050447221,-0.957313866483,0.));
#5779 = DEFINITIONAL_REPRESENTATION('',(#5780),#5784);
#5780 = CIRCLE('',#5781,4.5);
#5781 = AXIS2_PLACEMENT_2D('',#5782,#5783);
#5782 = CARTESIAN_POINT('',(0.,0.));
#5783 = DIRECTION('',(1.,0.));
#5784 = ( GEOMETRIC_REPRESENTATION_CONTEXT(2) 
PARAMETRIC_REPRESENTATION_CONTEXT() REPRESENTATION_CONTEXT('2D SPACE',''
  ) );
#5785 = ORIENTED_EDGE('',*,*,#5729,.F.);
#5786 = ORIENTED_EDGE('',*,*,#5787,.T.);
#5787 = EDGE_CURVE('',#5730,#5730,#5788,.T.);
#5788 = SURFACE_CURVE('',#5789,(#5882,#5978),.PCURVE_S1.);
#5789 = B_SPLINE_CURVE_WITH_KNOTS('',6,(#5790,#5791,#5792,#5793,#5794,
    #5795,#5796,#5797,#5798,#5799,#5800,#5801,#5802,#5803,#5804,#5805,
    #5806,#5807,#5808,#5809,#5810,#5811,#5812,#5813,#5814,#5815,#5816,
    #5817,#5818,#5819,#5820,#5821,#5822,#5823,#5824,#5825,#5826,#5827,
    #5828,#5829,#5830,#5831,#5832,#5833,#5834,#5835,#5836,#5837,#5838,
    #5839,#5840,#5841,#5842,#5843,#5844,#5845,#5846,#5847,#5848,#5849,
    #5850,#5851,#5852,#5853,#5854,#5855,#5856,#5857,#5858,#5859,#5860,
    #5861,#5862,#5863,#5864,#5865,#5866,#5867,#5868,#5869,#5870,#5871,
    #5872,#5873,#5874,#5875,#5876,#5877,#5878,#5879,#5880,#5881),
  .UNSPECIFIED.,.T.,.F.,(7,5,5,5,5,5,5,5,5,5,5,5,5,5,5,5,5,5,7),(0.,
    5.160517670014E-02,8.970639374173E-02,0.175700245509,0.232988753699,
    0.320609336984,0.396691727054,0.419611279913,0.446967604053,
    0.476968159752,0.497692539582,0.547362088997,0.598420722352,
    0.676135988946,0.764851848203,0.823094502987,0.909892155755,
    0.948928365625,1.),.UNSPECIFIED.);
#5790 = CARTESIAN_POINT('',(1.19455E+04,175.16776836436,75.));
#5791 = CARTESIAN_POINT('',(1.19455E+04,175.16776836436,75.313394572305)
  );
#5792 = CARTESIAN_POINT('',(1.194551240625E+04,175.19138137095,
    75.625916425002));
#5793 = CARTESIAN_POINT('',(1.194553708919E+04,175.23835998734,
    75.933402547299));
#5794 = CARTESIAN_POINT('',(1.194557294275E+04,175.30752796394,
    76.231789315255));
#5795 = CARTESIAN_POINT('',(1.194561794422E+04,175.39681631153,
    76.517391635173));
#5796 = CARTESIAN_POINT('',(1.194570776883E+04,175.5816779047,
    76.986345387328));
#5797 = CARTESIAN_POINT('',(1.194574963734E+04,175.66965745055,
    77.177315369247));
#5798 = CARTESIAN_POINT('',(1.194579441373E+04,175.76626801304,
    77.35961247308));
#5799 = CARTESIAN_POINT('',(1.194584127094E+04,175.8706897957,
    77.532886801477));
#5800 = CARTESIAN_POINT('',(1.194588940076E+04,175.98210797918,
    77.69689669203));
#5801 = CARTESIAN_POINT('',(1.194604785274E+04,176.36512186818,
    78.200449852727));
#5802 = CARTESIAN_POINT('',(1.194616041874E+04,176.662294326,
    78.501863778718));
#5803 = CARTESIAN_POINT('',(1.19462677217E+04,176.98345411356,
    78.755934141467));
#5804 = CARTESIAN_POINT('',(1.194636339189E+04,177.32241661362,
    78.96442988785));
#5805 = CARTESIAN_POINT('',(1.194644342239E+04,177.67390301199,
    79.129702387573));
#5806 = CARTESIAN_POINT('',(1.194654751961E+04,178.27242354218,
    79.337535335027));
#5807 = CARTESIAN_POINT('',(1.194658132358E+04,178.51500633008,
    79.402588705195));
#5808 = CARTESIAN_POINT('',(1.194660680396E+04,178.75968577409,
    79.450520969203));
#5809 = CARTESIAN_POINT('',(1.194662381627E+04,179.00537240868,
    79.482179744763));
#5810 = CARTESIAN_POINT('',(1.194663252457E+04,179.2510071666,
    79.498372811984));
#5811 = CARTESIAN_POINT('',(1.194663460755E+04,179.86944560278,
    79.502245681738));
#5812 = CARTESIAN_POINT('',(1.194661742045E+04,180.24039855046,
    79.470288803487));
#5813 = CARTESIAN_POINT('',(1.194658335199E+04,180.60669722321,
    79.407040493106));
#5814 = CARTESIAN_POINT('',(1.194653459725E+04,180.96689648803,
    79.314166935327));
#5815 = CARTESIAN_POINT('',(1.194647352937E+04,181.31936647377,
    79.19248737535));
#5816 = CARTESIAN_POINT('',(1.194634134371E+04,181.95945130664,
    78.911332238482));
#5817 = CARTESIAN_POINT('',(1.194627266868E+04,182.24919753543,
    78.759073829274));
#5818 = CARTESIAN_POINT('',(1.194619820648E+04,182.53127357208,
    78.584674804163));
#5819 = CARTESIAN_POINT('',(1.194611933074E+04,182.80497409293,
    78.386517663768));
#5820 = CARTESIAN_POINT('',(1.194603785396E+04,183.06812727469,
    78.16233964627));
#5821 = CARTESIAN_POINT('',(1.194593206729E+04,183.39118483611,
    77.83354725582));
#5822 = CARTESIAN_POINT('',(1.194590757713E+04,183.46467337491,
    77.754793275509));
#5823 = CARTESIAN_POINT('',(1.194588315156E+04,183.53677350604,
    77.6732927682));
#5824 = CARTESIAN_POINT('',(1.194585886696E+04,183.60736529926,
    77.588936279978));
#5825 = CARTESIAN_POINT('',(1.19458348128E+04,183.67629638884,
    77.501614951309));
#5826 = CARTESIAN_POINT('',(1.19457827811E+04,183.82345474725,
    77.303327643889));
#5827 = CARTESIAN_POINT('',(1.194575493924E+04,183.90091625023,
    77.191032966744));
#5828 = CARTESIAN_POINT('',(1.194572774262E+04,183.97545357083,
    77.074143509267));
#5829 = CARTESIAN_POINT('',(1.194570140107E+04,184.04667441829,
    76.952483699159));
#5830 = CARTESIAN_POINT('',(1.194567615934E+04,184.11410742863,
    76.82589627893));
#5831 = CARTESIAN_POINT('',(1.194562612942E+04,184.24639549247,
    76.549864590743));
#5832 = CARTESIAN_POINT('',(1.194560156352E+04,184.31052282062,
    76.399077242546));
#5833 = CARTESIAN_POINT('',(1.194557908272E+04,184.36855043322,
    76.242198059224));
#5834 = CARTESIAN_POINT('',(1.194555916253E+04,184.41950718836,
    76.079588227985));
#5835 = CARTESIAN_POINT('',(1.19455422553E+04,184.4624774866,
    75.911652882485));
#5836 = CARTESIAN_POINT('',(1.19455194618E+04,184.52016214816,
    75.6194622529));
#5837 = CARTESIAN_POINT('',(1.194551179312E+04,184.53948246772,
    75.497870724585));
#5838 = CARTESIAN_POINT('',(1.19455059282E+04,184.55421102646,
    75.374595551666));
#5839 = CARTESIAN_POINT('',(1.194550197758E+04,184.56411538878,
    75.250168914086));
#5840 = CARTESIAN_POINT('',(1.19455E+04,184.56907374089,75.125125139819)
  );
#5841 = CARTESIAN_POINT('',(1.19455E+04,184.56907374089,74.700116029214)
  );
#5842 = CARTESIAN_POINT('',(1.194551135975E+04,184.54059236187,
    74.404149558502));
#5843 = CARTESIAN_POINT('',(1.194553352193E+04,184.48502945655,
    74.116427733304));
#5844 = CARTESIAN_POINT('',(1.194556495408E+04,184.40544278072,
    73.841148142357));
#5845 = CARTESIAN_POINT('',(1.194560325308E+04,184.30657509156,
    73.582264662002));
#5846 = CARTESIAN_POINT('',(1.194568902195E+04,184.0803680817,
    73.097935257972));
#5847 = CARTESIAN_POINT('',(1.194573739069E+04,183.95053624919,
    72.869831693676));
#5848 = CARTESIAN_POINT('',(1.194578884958E+04,183.80909553712,
    72.658278735473));
#5849 = CARTESIAN_POINT('',(1.19458420271E+04,183.65860755705,
    72.462114755262));
#5850 = CARTESIAN_POINT('',(1.194589596651E+04,183.50075603599,
    72.280050175282));
#5851 = CARTESIAN_POINT('',(1.194603221355E+04,183.08628257025,
    71.853270671176));
#5852 = CARTESIAN_POINT('',(1.194611478358E+04,182.82065376594,
    71.624991479893));
#5853 = CARTESIAN_POINT('',(1.194619477146E+04,182.54413093494,
    71.423451162504));
#5854 = CARTESIAN_POINT('',(1.194627028041E+04,182.25902525903,
    71.246292475772));
#5855 = CARTESIAN_POINT('',(1.194633989055E+04,181.96608941568,
    71.091816377371));
#5856 = CARTESIAN_POINT('',(1.194647312033E+04,181.32179752071,
    70.808317340728));
#5857 = CARTESIAN_POINT('',(1.194653445607E+04,180.9682463198,
    70.686082400198));
#5858 = CARTESIAN_POINT('',(1.194658341314E+04,180.60684899928,
    70.592836012393));
#5859 = CARTESIAN_POINT('',(1.194661757339E+04,180.23934354982,
    70.529427472841));
#5860 = CARTESIAN_POINT('',(1.194663473151E+04,179.86725688188,
    70.497523817954));
#5861 = CARTESIAN_POINT('',(1.194663242101E+04,179.24613794647,
    70.501819738549));
#5862 = CARTESIAN_POINT('',(1.194662350967E+04,178.99882482305,
    70.518390675216));
#5863 = CARTESIAN_POINT('',(1.1946606176E+04,178.75147432999,
    70.550651065565));
#5864 = CARTESIAN_POINT('',(1.194658025637E+04,178.50516943709,
    70.59942559635));
#5865 = CARTESIAN_POINT('',(1.194654590525E+04,178.26102482851,
    70.665579237917));
#5866 = CARTESIAN_POINT('',(1.194644067874E+04,177.66142723164,
    70.875944540848));
#5867 = CARTESIAN_POINT('',(1.194636021334E+04,177.31043397868,
    71.042402796117));
#5868 = CARTESIAN_POINT('',(1.194626420365E+04,176.97207523657,
    71.25210557191));
#5869 = CARTESIAN_POINT('',(1.194615669301E+04,176.65163928642,
    71.507389419073));
#5870 = CARTESIAN_POINT('',(1.194604407886E+04,176.35532072425,
    71.810003149469));
#5871 = CARTESIAN_POINT('',(1.194588507945E+04,175.97198434137,
    72.317566623001));
#5872 = CARTESIAN_POINT('',(1.194583632521E+04,175.85946009871,
    72.484705986686));
#5873 = CARTESIAN_POINT('',(1.194578893222E+04,175.75419094382,
    72.661374573357));
#5874 = CARTESIAN_POINT('',(1.194574374891E+04,175.65703259528,
    72.847307856504));
#5875 = CARTESIAN_POINT('',(1.194570164125E+04,175.56884367831,
    73.042125335488));
#5876 = CARTESIAN_POINT('',(1.194561348988E+04,175.3879869331,
    73.511174976093));
#5877 = CARTESIAN_POINT('',(1.194557010827E+04,175.30206079509,
    73.792048224009));
#5878 = CARTESIAN_POINT('',(1.194553562355E+04,175.23557048936,
    74.085022734159));
#5879 = CARTESIAN_POINT('',(1.194551191316E+04,175.19044284573,
    74.386589992467));
#5880 = CARTESIAN_POINT('',(1.19455E+04,175.16776836436,74.692896620489)
  );
#5881 = CARTESIAN_POINT('',(1.19455E+04,175.16776836436,75.));
#5882 = PCURVE('',#5740,#5883);
#5883 = DEFINITIONAL_REPRESENTATION('',(#5884),#5977);
#5884 = B_SPLINE_CURVE_WITH_KNOTS('',6,(#5885,#5886,#5887,#5888,#5889,
    #5890,#5891,#5892,#5893,#5894,#5895,#5896,#5897,#5898,#5899,#5900,
    #5901,#5902,#5903,#5904,#5905,#5906,#5907,#5908,#5909,#5910,#5911,
    #5912,#5913,#5914,#5915,#5916,#5917,#5918,#5919,#5920,#5921,#5922,
    #5923,#5924,#5925,#5926,#5927,#5928,#5929,#5930,#5931,#5932,#5933,
    #5934,#5935,#5936,#5937,#5938,#5939,#5940,#5941,#5942,#5943,#5944,
    #5945,#5946,#5947,#5948,#5949,#5950,#5951,#5952,#5953,#5954,#5955,
    #5956,#5957,#5958,#5959,#5960,#5961,#5962,#5963,#5964,#5965,#5966,
    #5967,#5968,#5969,#5970,#5971,#5972,#5973,#5974,#5975,#5976),
  .UNSPECIFIED.,.F.,.F.,(7,5,5,5,5,5,5,5,5,5,5,5,5,5,5,5,5,5,7),(0.,
    5.160517670014E-02,8.970639374173E-02,0.175700245509,0.232988753699,
    0.320609336984,0.396691727054,0.419611279913,0.446967604053,
    0.476968159752,0.497692539582,0.547362088997,0.598420722352,
    0.676135988946,0.764851848203,0.823094502987,0.909892155755,
    0.948928365625,1.),.UNSPECIFIED.);
#5885 = CARTESIAN_POINT('',(0.,8.5648743579));
#5886 = CARTESIAN_POINT('',(6.964323828994E-02,8.5648743579));
#5887 = CARTESIAN_POINT('',(0.139092519542,8.559823028421));
#5888 = CARTESIAN_POINT('',(0.208030883902,8.549772906074));
#5889 = CARTESIAN_POINT('',(0.276145794311,8.535442825779));
#5890 = CARTESIAN_POINT('',(0.343084846846,8.518171133545));
#5891 = CARTESIAN_POINT('',(0.45663583532,8.48561511579));
#5892 = CARTESIAN_POINT('',(0.504084604658,8.470964335452));
#5893 = CARTESIAN_POINT('',(0.550769769981,8.45602460045));
#5894 = CARTESIAN_POINT('',(0.596699226093,8.441350713138));
#5895 = CARTESIAN_POINT('',(0.641873162862,8.427480836014));
#5896 = CARTESIAN_POINT('',(0.786521439954,8.386502897277));
#5897 = CARTESIAN_POINT('',(0.882980194778,8.364639735104));
#5898 = CARTESIAN_POINT('',(0.976131129842,8.354748508477));
#5899 = CARTESIAN_POINT('',(1.066319751548,8.361139371868));
#5900 = CARTESIAN_POINT('',(1.153840141595,8.386122358679));
#5901 = CARTESIAN_POINT('',(1.2955889239,8.459471278933));
#5902 = CARTESIAN_POINT('',(1.351142386214,8.497228933624));
#5903 = CARTESIAN_POINT('',(1.405698801362,8.543560911187));
#5904 = CARTESIAN_POINT('',(1.4593577903,8.598290620426));
#5905 = CARTESIAN_POINT('',(1.512194692797,8.660954884527));
#5906 = CARTESIAN_POINT('',(1.64389567729,8.837720728523));
#5907 = CARTESIAN_POINT('',(1.721659186382,8.961398291374));
#5908 = CARTESIAN_POINT('',(1.798209637917,9.099891292846));
#5909 = CARTESIAN_POINT('',(1.874087787024,9.250680639856));
#5910 = CARTESIAN_POINT('',(1.949801514907,9.41102337285));
#5911 = CARTESIAN_POINT('',(2.091947368431,9.722583351451));
#5912 = CARTESIAN_POINT('',(2.158223363325,9.872078189468));
#5913 = CARTESIAN_POINT('',(2.225380013826,10.024896088044));
#5914 = CARTESIAN_POINT('',(2.294060758185,10.179518184396));
#5915 = CARTESIAN_POINT('',(2.364877153787,10.333581583029));
#5916 = CARTESIAN_POINT('',(2.460657880981,10.528232556317));
#5917 = CARTESIAN_POINT('',(2.483099654491,10.572919220904));
#5918 = CARTESIAN_POINT('',(2.505838355845,10.617142732894));
#5919 = CARTESIAN_POINT('',(2.528901183361,10.66079530563));
#5920 = CARTESIAN_POINT('',(2.55231470002,10.703747252713));
#5921 = CARTESIAN_POINT('',(2.604502771459,10.796094107191));
#5922 = CARTESIAN_POINT('',(2.633443991258,10.845137791125));
#5923 = CARTESIAN_POINT('',(2.662977492642,10.892718537831));
#5924 = CARTESIAN_POINT('',(2.693147682216,10.938522087575));
#5925 = CARTESIAN_POINT('',(2.723998917817,10.982177889225));
#5926 = CARTESIAN_POINT('',(2.790211389659,11.068310148932));
#5927 = CARTESIAN_POINT('',(2.825796201982,11.110363460658));
#5928 = CARTESIAN_POINT('',(2.862271897329,11.14865754669));
#5929 = CARTESIAN_POINT('',(2.899592900502,11.182456492218));
#5930 = CARTESIAN_POINT('',(2.93772803374,11.211062599753));
#5931 = CARTESIAN_POINT('',(3.003552572648,11.249556908643));
#5932 = CARTESIAN_POINT('',(3.030800182626,11.262482792873));
#5933 = CARTESIAN_POINT('',(3.058310501013,11.272354657711));
#5934 = CARTESIAN_POINT('',(3.085999561711,11.278999506555));
#5935 = CARTESIAN_POINT('',(3.113787066963,11.282325881446));
#5936 = CARTESIAN_POINT('',(3.208233535987,11.282325881446));
#5937 = CARTESIAN_POINT('',(3.274003881194,11.263218477139));
#5938 = CARTESIAN_POINT('',(3.338474748393,11.225941830335));
#5939 = CARTESIAN_POINT('',(3.401176316416,11.172846838613));
#5940 = CARTESIAN_POINT('',(3.461503112144,11.10760492351));
#5941 = CARTESIAN_POINT('',(3.577260778728,10.96011195606));
#5942 = CARTESIAN_POINT('',(3.633414784424,10.876279940382));
#5943 = CARTESIAN_POINT('',(3.687348437665,10.786134133937));
#5944 = CARTESIAN_POINT('',(3.739342658255,10.691727941024));
#5945 = CARTESIAN_POINT('',(3.789697032609,10.594463941554));
#5946 = CARTESIAN_POINT('',(3.913400129683,10.344229018256));
#5947 = CARTESIAN_POINT('',(3.985168349124,10.188403455489));
#5948 = CARTESIAN_POINT('',(4.054722917899,10.031900908209));
#5949 = CARTESIAN_POINT('',(4.122693736412,9.87720521605));
#5950 = CARTESIAN_POINT('',(4.189745777992,9.725893225242));
#5951 = CARTESIAN_POINT('',(4.33286427551,9.412117651795));
#5952 = CARTESIAN_POINT('',(4.408818368024,9.251205963254));
#5953 = CARTESIAN_POINT('',(4.48494659216,9.099876626525));
#5954 = CARTESIAN_POINT('',(4.561745555266,8.960946933311));
#5955 = CARTESIAN_POINT('',(4.639746924927,8.83696940584));
#5956 = CARTESIAN_POINT('',(4.772033396132,8.659646569326));
#5957 = CARTESIAN_POINT('',(4.825243182358,8.59669155525));
#5958 = CARTESIAN_POINT('',(4.879287630049,8.541788542923));
#5959 = CARTESIAN_POINT('',(4.934243445033,8.495407225317));
#5960 = CARTESIAN_POINT('',(4.990212266145,8.457721927219));
#5961 = CARTESIAN_POINT('',(5.13243027337,8.385142767186));
#5962 = CARTESIAN_POINT('',(5.219990664921,8.360718654713));
#5963 = CARTESIAN_POINT('',(5.310223523001,8.354827315517));
#5964 = CARTESIAN_POINT('',(5.403422971197,8.365126583172));
#5965 = CARTESIAN_POINT('',(5.499935158782,8.38728266483));
#5966 = CARTESIAN_POINT('',(5.645339420488,8.428691449603));
#5967 = CARTESIAN_POINT('',(5.691234256386,8.442839379595));
#5968 = CARTESIAN_POINT('',(5.737907856423,8.457781242556));
#5969 = CARTESIAN_POINT('',(5.785359098941,8.472952189272));
#5970 = CARTESIAN_POINT('',(5.833595166546,8.487771391799));
#5971 = CARTESIAN_POINT('',(5.946788156809,8.519883202195));
#5972 = CARTESIAN_POINT('',(6.012478167661,8.536576025908));
#5973 = CARTESIAN_POINT('',(6.079284826327,8.550369672828));
#5974 = CARTESIAN_POINT('',(6.14687198936,8.560023794169));
#5975 = CARTESIAN_POINT('',(6.214940111733,8.5648743579));
#5976 = CARTESIAN_POINT('',(6.28318530718,8.5648743579));
#5977 = ( GEOMETRIC_REPRESENTATION_CONTEXT(2) 
PARAMETRIC_REPRESENTATION_CONTEXT() REPRESENTATION_CONTEXT('2D SPACE',''
  ) );
#5978 = PCURVE('',#5979,#5984);
#5979 = CYLINDRICAL_SURFACE('',#5980,9.5);
#5980 = AXIS2_PLACEMENT_3D('',#5981,#5982,#5983);
#5981 = CARTESIAN_POINT('',(1.1955E+04,193.,75.));
#5982 = DIRECTION('',(0.,-1.,2.22044604925E-16));
#5983 = DIRECTION('',(1.,0.,0.));
#5984 = DEFINITIONAL_REPRESENTATION('',(#5985),#6078);
#5985 = B_SPLINE_CURVE_WITH_KNOTS('',6,(#5986,#5987,#5988,#5989,#5990,
    #5991,#5992,#5993,#5994,#5995,#5996,#5997,#5998,#5999,#6000,#6001,
    #6002,#6003,#6004,#6005,#6006,#6007,#6008,#6009,#6010,#6011,#6012,
    #6013,#6014,#6015,#6016,#6017,#6018,#6019,#6020,#6021,#6022,#6023,
    #6024,#6025,#6026,#6027,#6028,#6029,#6030,#6031,#6032,#6033,#6034,
    #6035,#6036,#6037,#6038,#6039,#6040,#6041,#6042,#6043,#6044,#6045,
    #6046,#6047,#6048,#6049,#6050,#6051,#6052,#6053,#6054,#6055,#6056,
    #6057,#6058,#6059,#6060,#6061,#6062,#6063,#6064,#6065,#6066,#6067,
    #6068,#6069,#6070,#6071,#6072,#6073,#6074,#6075,#6076,#6077),
  .UNSPECIFIED.,.T.,.F.,(7,5,5,5,5,5,5,5,5,5,5,5,5,5,5,5,5,5,7),(0.,
    5.160517670014E-02,8.970639374173E-02,0.175700245509,0.232988753699,
    0.320609336984,0.396691727054,0.419611279913,0.446967604053,
    0.476968159752,0.497692539582,0.547362088997,0.598420722352,
    0.676135988946,0.764851848203,0.823094502987,0.909892155755,
    0.948928365625,1.),.UNSPECIFIED.);
#5986 = CARTESIAN_POINT('',(3.14159265359,17.832231635635));
#5987 = CARTESIAN_POINT('',(3.108603751242,17.832231635635));
#5988 = CARTESIAN_POINT('',(3.075706679568,17.80861862905));
#5989 = CARTESIAN_POINT('',(3.043275270137,17.76164001266));
#5990 = CARTESIAN_POINT('',(3.011673590737,17.69247203606));
#5991 = CARTESIAN_POINT('',(2.981255785512,17.603183688465));
#5992 = CARTESIAN_POINT('',(2.93099485064,17.418322095292));
#5993 = CARTESIAN_POINT('',(2.910422585492,17.330342549447));
#5994 = CARTESIAN_POINT('',(2.890671773603,17.233731986955));
#5995 = CARTESIAN_POINT('',(2.871784038311,17.129310204292));
#5996 = CARTESIAN_POINT('',(2.853795188637,17.017892020812));
#5997 = CARTESIAN_POINT('',(2.798227325445,16.634878131814));
#5998 = CARTESIAN_POINT('',(2.764406063748,16.337705673998));
#5999 = CARTESIAN_POINT('',(2.735401315096,16.016545886439));
#6000 = CARTESIAN_POINT('',(2.711262109444,15.677583386376));
#6001 = CARTESIAN_POINT('',(2.691934493356,15.326096988009));
#6002 = CARTESIAN_POINT('',(2.667466579138,14.727576457819));
#6003 = CARTESIAN_POINT('',(2.659750300932,14.484993669911));
#6004 = CARTESIAN_POINT('',(2.654036431238,14.240314225905));
#6005 = CARTESIAN_POINT('',(2.650253048949,13.994627591314));
#6006 = CARTESIAN_POINT('',(2.648317743958,13.748992833393));
#6007 = CARTESIAN_POINT('',(2.647854850344,13.130554397212));
#6008 = CARTESIAN_POINT('',(2.651674356117,12.759601449534));
#6009 = CARTESIAN_POINT('',(2.659236597511,12.393302776787));
#6010 = CARTESIAN_POINT('',(2.670276996931,12.033103511962));
#6011 = CARTESIAN_POINT('',(2.684603220898,11.680633526225));
#6012 = CARTESIAN_POINT('',(2.717306243095,11.040548693353));
#6013 = CARTESIAN_POINT('',(2.73488615029,10.750802464568));
#6014 = CARTESIAN_POINT('',(2.754840513109,10.468726427917));
#6015 = CARTESIAN_POINT('',(2.777278787186,10.195025907065));
#6016 = CARTESIAN_POINT('',(2.802369245704,9.931872725303));
#6017 = CARTESIAN_POINT('',(2.838726240538,9.608815163885));
#6018 = CARTESIAN_POINT('',(2.84740729499,9.535326625081));
#6019 = CARTESIAN_POINT('',(2.85636255753,9.463226493958));
#6020 = CARTESIAN_POINT('',(2.865601935834,9.392634700733));
#6021 = CARTESIAN_POINT('',(2.875135315995,9.323703611158));
#6022 = CARTESIAN_POINT('',(2.896714302848,9.176545252748));
#6023 = CARTESIAN_POINT('',(2.908891566365,9.099083749767));
#6024 = CARTESIAN_POINT('',(2.921522336351,9.024546429162));
#6025 = CARTESIAN_POINT('',(2.934622855837,8.953325581707));
#6026 = CARTESIAN_POINT('',(2.94820809008,8.885892571368));
#6027 = CARTESIAN_POINT('',(2.977737452101,8.753604507522));
#6028 = CARTESIAN_POINT('',(2.993816530157,8.68947717938));
#6029 = CARTESIAN_POINT('',(3.010494024467,8.631449566773));
#6030 = CARTESIAN_POINT('',(3.027733046219,8.580492811639));
#6031 = CARTESIAN_POINT('',(3.045495310424,8.537522513393));
#6032 = CARTESIAN_POINT('',(3.07634566096,8.479837851832));
#6033 = CARTESIAN_POINT('',(3.089168784518,8.46051753228));
#6034 = CARTESIAN_POINT('',(3.102157427118,8.445788973539));
#6035 = CARTESIAN_POINT('',(3.115259085613,8.435884611219));
#6036 = CARTESIAN_POINT('',(3.12842158624,8.430926259102));
#6037 = CARTESIAN_POINT('',(3.173159387357,8.430926259102));
#6038 = CARTESIAN_POINT('',(3.20431378017,8.459407638121));
#6039 = CARTESIAN_POINT('',(3.234656770453,8.514970543446));
#6040 = CARTESIAN_POINT('',(3.263796407999,8.594557219274));
#6041 = CARTESIAN_POINT('',(3.29133281128,8.693424908436));
#6042 = CARTESIAN_POINT('',(3.343108084359,8.919631918292));
#6043 = CARTESIAN_POINT('',(3.36763894149,9.049463750809));
#6044 = CARTESIAN_POINT('',(3.390543591018,9.190904462876));
#6045 = CARTESIAN_POINT('',(3.411928496919,9.341392442946));
#6046 = CARTESIAN_POINT('',(3.431912168989,9.499243964004));
#6047 = CARTESIAN_POINT('',(3.479070063914,9.91371742975));
#6048 = CARTESIAN_POINT('',(3.504604591285,10.179346234057));
#6049 = CARTESIAN_POINT('',(3.527416449807,10.455869065057));
#6050 = CARTESIAN_POINT('',(3.547680953848,10.740974740961));
#6051 = CARTESIAN_POINT('',(3.565514044438,11.033910584318));
#6052 = CARTESIAN_POINT('',(3.598487109461,11.678202479287));
#6053 = CARTESIAN_POINT('',(3.612878169794,12.031753680193));
#6054 = CARTESIAN_POINT('',(3.623963203058,12.393151000713));
#6055 = CARTESIAN_POINT('',(3.631544878793,12.760656450174));
#6056 = CARTESIAN_POINT('',(3.635358006303,13.13274311812));
#6057 = CARTESIAN_POINT('',(3.634844549451,13.753862053526));
#6058 = CARTESIAN_POINT('',(3.632864092796,14.001175176948));
#6059 = CARTESIAN_POINT('',(3.629008906161,14.248525670001));
#6060 = CARTESIAN_POINT('',(3.623195060742,14.494830562906));
#6061 = CARTESIAN_POINT('',(3.615349491698,14.73897517149));
#6062 = CARTESIAN_POINT('',(3.590589999653,15.338572768355));
#6063 = CARTESIAN_POINT('',(3.571130141273,15.689566021315));
#6064 = CARTESIAN_POINT('',(3.546860722031,16.027924763427));
#6065 = CARTESIAN_POINT('',(3.517730185932,16.348360713572));
#6066 = CARTESIAN_POINT('',(3.48378919509,16.644679275743));
#6067 = CARTESIAN_POINT('',(3.427801316377,17.02801565863));
#6068 = CARTESIAN_POINT('',(3.409478028334,17.140539901289));
#6069 = CARTESIAN_POINT('',(3.390231025166,17.245809056176));
#6070 = CARTESIAN_POINT('',(3.370098745554,17.342967404715));
#6071 = CARTESIAN_POINT('',(3.349125830887,17.431156321689));
#6072 = CARTESIAN_POINT('',(3.298887812347,17.612013066896));
#6073 = CARTESIAN_POINT('',(3.268987428873,17.697939204902));
#6074 = CARTESIAN_POINT('',(3.237966734839,17.764429510638));
#6075 = CARTESIAN_POINT('',(3.206162158829,17.809557154264));
#6076 = CARTESIAN_POINT('',(3.173919325117,17.832231635635));
#6077 = CARTESIAN_POINT('',(3.14159265359,17.832231635635));
#6078 = ( GEOMETRIC_REPRESENTATION_CONTEXT(2) 
PARAMETRIC_REPRESENTATION_CONTEXT() REPRESENTATION_CONTEXT('2D SPACE',''
  ) );
#6079 = ADVANCED_FACE('',(#6080,#6162),#5979,.T.);
#6080 = FACE_BOUND('',#6081,.T.);
#6081 = EDGE_LOOP('',(#6082,#6107,#6134,#6135));
#6082 = ORIENTED_EDGE('',*,*,#6083,.T.);
#6083 = EDGE_CURVE('',#6084,#6086,#6088,.T.);
#6084 = VERTEX_POINT('',#6085);
#6085 = CARTESIAN_POINT('',(1.19645E+04,193.,75.));
#6086 = VERTEX_POINT('',#6087);
#6087 = CARTESIAN_POINT('',(1.19645E+04,171.,75.));
#6088 = SEAM_CURVE('',#6089,(#6093,#6100),.PCURVE_S1.);
#6089 = LINE('',#6090,#6091);
#6090 = CARTESIAN_POINT('',(1.19645E+04,193.,75.));
#6091 = VECTOR('',#6092,1.);
#6092 = DIRECTION('',(0.,-1.,2.22044604925E-16));
#6093 = PCURVE('',#5979,#6094);
#6094 = DEFINITIONAL_REPRESENTATION('',(#6095),#6099);
#6095 = LINE('',#6096,#6097);
#6096 = CARTESIAN_POINT('',(6.28318530718,-0.));
#6097 = VECTOR('',#6098,1.);
#6098 = DIRECTION('',(0.,1.));
#6099 = ( GEOMETRIC_REPRESENTATION_CONTEXT(2) 
PARAMETRIC_REPRESENTATION_CONTEXT() REPRESENTATION_CONTEXT('2D SPACE',''
  ) );
#6100 = PCURVE('',#5979,#6101);
#6101 = DEFINITIONAL_REPRESENTATION('',(#6102),#6106);
#6102 = LINE('',#6103,#6104);
#6103 = CARTESIAN_POINT('',(0.,-0.));
#6104 = VECTOR('',#6105,1.);
#6105 = DIRECTION('',(0.,1.));
#6106 = ( GEOMETRIC_REPRESENTATION_CONTEXT(2) 
PARAMETRIC_REPRESENTATION_CONTEXT() REPRESENTATION_CONTEXT('2D SPACE',''
  ) );
#6107 = ORIENTED_EDGE('',*,*,#6108,.F.);
#6108 = EDGE_CURVE('',#6086,#6086,#6109,.T.);
#6109 = SURFACE_CURVE('',#6110,(#6115,#6122),.PCURVE_S1.);
#6110 = CIRCLE('',#6111,9.5);
#6111 = AXIS2_PLACEMENT_3D('',#6112,#6113,#6114);
#6112 = CARTESIAN_POINT('',(1.1955E+04,171.,75.));
#6113 = DIRECTION('',(0.,-1.,2.22044604925E-16));
#6114 = DIRECTION('',(1.,0.,0.));
#6115 = PCURVE('',#5979,#6116);
#6116 = DEFINITIONAL_REPRESENTATION('',(#6117),#6121);
#6117 = LINE('',#6118,#6119);
#6118 = CARTESIAN_POINT('',(0.,22.));
#6119 = VECTOR('',#6120,1.);
#6120 = DIRECTION('',(1.,0.));
#6121 = ( GEOMETRIC_REPRESENTATION_CONTEXT(2) 
PARAMETRIC_REPRESENTATION_CONTEXT() REPRESENTATION_CONTEXT('2D SPACE',''
  ) );
#6122 = PCURVE('',#6123,#6128);
#6123 = PLANE('',#6124);
#6124 = AXIS2_PLACEMENT_3D('',#6125,#6126,#6127);
#6125 = CARTESIAN_POINT('',(1.1955E+04,171.,75.));
#6126 = DIRECTION('',(0.,-1.,2.22044604925E-16));
#6127 = DIRECTION('',(1.,0.,0.));
#6128 = DEFINITIONAL_REPRESENTATION('',(#6129),#6133);
#6129 = CIRCLE('',#6130,9.5);
#6130 = AXIS2_PLACEMENT_2D('',#6131,#6132);
#6131 = CARTESIAN_POINT('',(0.,0.));
#6132 = DIRECTION('',(1.,0.));
#6133 = ( GEOMETRIC_REPRESENTATION_CONTEXT(2) 
PARAMETRIC_REPRESENTATION_CONTEXT() REPRESENTATION_CONTEXT('2D SPACE',''
  ) );
#6134 = ORIENTED_EDGE('',*,*,#6083,.F.);
#6135 = ORIENTED_EDGE('',*,*,#6136,.T.);
#6136 = EDGE_CURVE('',#6084,#6084,#6137,.T.);
#6137 = SURFACE_CURVE('',#6138,(#6143,#6150),.PCURVE_S1.);
#6138 = CIRCLE('',#6139,9.5);
#6139 = AXIS2_PLACEMENT_3D('',#6140,#6141,#6142);
#6140 = CARTESIAN_POINT('',(1.1955E+04,193.,75.));
#6141 = DIRECTION('',(0.,-1.,2.22044604925E-16));
#6142 = DIRECTION('',(1.,0.,0.));
#6143 = PCURVE('',#5979,#6144);
#6144 = DEFINITIONAL_REPRESENTATION('',(#6145),#6149);
#6145 = LINE('',#6146,#6147);
#6146 = CARTESIAN_POINT('',(0.,0.));
#6147 = VECTOR('',#6148,1.);
#6148 = DIRECTION('',(1.,0.));
#6149 = ( GEOMETRIC_REPRESENTATION_CONTEXT(2) 
PARAMETRIC_REPRESENTATION_CONTEXT() REPRESENTATION_CONTEXT('2D SPACE',''
  ) );
#6150 = PCURVE('',#6151,#6156);
#6151 = PLANE('',#6152);
#6152 = AXIS2_PLACEMENT_3D('',#6153,#6154,#6155);
#6153 = CARTESIAN_POINT('',(1.1955E+04,193.,75.));
#6154 = DIRECTION('',(0.,-1.,2.22044604925E-16));
#6155 = DIRECTION('',(1.,0.,0.));
#6156 = DEFINITIONAL_REPRESENTATION('',(#6157),#6161);
#6157 = CIRCLE('',#6158,9.5);
#6158 = AXIS2_PLACEMENT_2D('',#6159,#6160);
#6159 = CARTESIAN_POINT('',(0.,0.));
#6160 = DIRECTION('',(1.,0.));
#6161 = ( GEOMETRIC_REPRESENTATION_CONTEXT(2) 
PARAMETRIC_REPRESENTATION_CONTEXT() REPRESENTATION_CONTEXT('2D SPACE',''
  ) );
#6162 = FACE_BOUND('',#6163,.T.);
#6163 = EDGE_LOOP('',(#6164));
#6164 = ORIENTED_EDGE('',*,*,#5787,.F.);
#6165 = ADVANCED_FACE('',(#6166),#5774,.T.);
#6166 = FACE_BOUND('',#6167,.T.);
#6167 = EDGE_LOOP('',(#6168));
#6168 = ORIENTED_EDGE('',*,*,#5759,.T.);
#6169 = ADVANCED_FACE('',(#6170),#6151,.F.);
#6170 = FACE_BOUND('',#6171,.T.);
#6171 = EDGE_LOOP('',(#6172));
#6172 = ORIENTED_EDGE('',*,*,#6136,.F.);
#6173 = ADVANCED_FACE('',(#6174),#6123,.T.);
#6174 = FACE_BOUND('',#6175,.T.);
#6175 = EDGE_LOOP('',(#6176));
#6176 = ORIENTED_EDGE('',*,*,#6108,.T.);
#6177 = MANIFOLD_SOLID_BREP('',#6178);
#6178 = CLOSED_SHELL('',(#6179,#6583,#6690,#6694,#6698));
#6179 = ADVANCED_FACE('',(#6180),#6194,.T.);
#6180 = FACE_BOUND('',#6181,.T.);
#6181 = EDGE_LOOP('',(#6182,#6212,#6239,#6240,#6415));
#6182 = ORIENTED_EDGE('',*,*,#6183,.T.);
#6183 = EDGE_CURVE('',#6184,#6186,#6188,.T.);
#6184 = VERTEX_POINT('',#6185);
#6185 = CARTESIAN_POINT('',(1.27645E+04,424.29709975507,75.));
#6186 = VERTEX_POINT('',#6187);
#6187 = CARTESIAN_POINT('',(1.305255501298E+04,318.22278754274,75.));
#6188 = SEAM_CURVE('',#6189,(#6193,#6205),.PCURVE_S1.);
#6189 = LINE('',#6190,#6191);
#6190 = CARTESIAN_POINT('',(1.275655501298E+04,427.22278754274,75.));
#6191 = VECTOR('',#6192,1.);
#6192 = DIRECTION('',(0.938397231722,-0.34555844006,-1.232595164408E-32)
  );
#6193 = PCURVE('',#6194,#6199);
#6194 = CYLINDRICAL_SURFACE('',#6195,4.5);
#6195 = AXIS2_PLACEMENT_3D('',#6196,#6197,#6198);
#6196 = CARTESIAN_POINT('',(1.2755E+04,423.,75.));
#6197 = DIRECTION('',(0.938397231722,-0.34555844006,0.));
#6198 = DIRECTION('',(0.34555844006,0.938397231722,0.));
#6199 = DEFINITIONAL_REPRESENTATION('',(#6200),#6204);
#6200 = LINE('',#6201,#6202);
#6201 = CARTESIAN_POINT('',(6.28318530718,-0.));
#6202 = VECTOR('',#6203,1.);
#6203 = DIRECTION('',(0.,1.));
#6204 = ( GEOMETRIC_REPRESENTATION_CONTEXT(2) 
PARAMETRIC_REPRESENTATION_CONTEXT() REPRESENTATION_CONTEXT('2D SPACE',''
  ) );
#6205 = PCURVE('',#6194,#6206);
#6206 = DEFINITIONAL_REPRESENTATION('',(#6207),#6211);
#6207 = LINE('',#6208,#6209);
#6208 = CARTESIAN_POINT('',(0.,-0.));
#6209 = VECTOR('',#6210,1.);
#6210 = DIRECTION('',(0.,1.));
#6211 = ( GEOMETRIC_REPRESENTATION_CONTEXT(2) 
PARAMETRIC_REPRESENTATION_CONTEXT() REPRESENTATION_CONTEXT('2D SPACE',''
  ) );
#6212 = ORIENTED_EDGE('',*,*,#6213,.F.);
#6213 = EDGE_CURVE('',#6186,#6186,#6214,.T.);
#6214 = SURFACE_CURVE('',#6215,(#6220,#6227),.PCURVE_S1.);
#6215 = CIRCLE('',#6216,4.5);
#6216 = AXIS2_PLACEMENT_3D('',#6217,#6218,#6219);
#6217 = CARTESIAN_POINT('',(1.3051E+04,314.,75.));
#6218 = DIRECTION('',(0.938397231722,-0.34555844006,0.));
#6219 = DIRECTION('',(0.34555844006,0.938397231722,0.));
#6220 = PCURVE('',#6194,#6221);
#6221 = DEFINITIONAL_REPRESENTATION('',(#6222),#6226);
#6222 = LINE('',#6223,#6224);
#6223 = CARTESIAN_POINT('',(0.,315.43145055621));
#6224 = VECTOR('',#6225,1.);
#6225 = DIRECTION('',(1.,0.));
#6226 = ( GEOMETRIC_REPRESENTATION_CONTEXT(2) 
PARAMETRIC_REPRESENTATION_CONTEXT() REPRESENTATION_CONTEXT('2D SPACE',''
  ) );
#6227 = PCURVE('',#6228,#6233);
#6228 = PLANE('',#6229);
#6229 = AXIS2_PLACEMENT_3D('',#6230,#6231,#6232);
#6230 = CARTESIAN_POINT('',(1.3051E+04,314.,75.));
#6231 = DIRECTION('',(0.938397231722,-0.34555844006,0.));
#6232 = DIRECTION('',(0.34555844006,0.938397231722,0.));
#6233 = DEFINITIONAL_REPRESENTATION('',(#6234),#6238);
#6234 = CIRCLE('',#6235,4.5);
#6235 = AXIS2_PLACEMENT_2D('',#6236,#6237);
#6236 = CARTESIAN_POINT('',(0.,0.));
#6237 = DIRECTION('',(1.,0.));
#6238 = ( GEOMETRIC_REPRESENTATION_CONTEXT(2) 
PARAMETRIC_REPRESENTATION_CONTEXT() REPRESENTATION_CONTEXT('2D SPACE',''
  ) );
#6239 = ORIENTED_EDGE('',*,*,#6183,.F.);
#6240 = ORIENTED_EDGE('',*,*,#6241,.T.);
#6241 = EDGE_CURVE('',#6184,#6242,#6244,.T.);
#6242 = VERTEX_POINT('',#6243);
#6243 = CARTESIAN_POINT('',(1.27645E+04,414.7062786233,75.));
#6244 = SURFACE_CURVE('',#6245,(#6298,#6354),.PCURVE_S1.);
#6245 = B_SPLINE_CURVE_WITH_KNOTS('',6,(#6246,#6247,#6248,#6249,#6250,
    #6251,#6252,#6253,#6254,#6255,#6256,#6257,#6258,#6259,#6260,#6261,
    #6262,#6263,#6264,#6265,#6266,#6267,#6268,#6269,#6270,#6271,#6272,
    #6273,#6274,#6275,#6276,#6277,#6278,#6279,#6280,#6281,#6282,#6283,
    #6284,#6285,#6286,#6287,#6288,#6289,#6290,#6291,#6292,#6293,#6294,
    #6295,#6296,#6297),.UNSPECIFIED.,.F.,.F.,(7,5,5,5,5,5,5,5,5,5,7),(0.
    ,0.109827299339,0.195919332362,0.366303632961,0.464688788267,
    0.640061374639,0.801617988327,0.849628953695,0.903891106523,
    0.942718250485,1.),.UNSPECIFIED.);
#6246 = CARTESIAN_POINT('',(1.27645E+04,424.29709975507,75.));
#6247 = CARTESIAN_POINT('',(1.27645E+04,424.29709975507,75.338178418859)
  );
#6248 = CARTESIAN_POINT('',(1.276448555397E+04,424.26991989597,
    75.675314710834));
#6249 = CARTESIAN_POINT('',(1.276445682867E+04,424.21587587449,
    76.006304114735));
#6250 = CARTESIAN_POINT('',(1.276441527974E+04,424.13641871434,
    76.326193380961));
#6251 = CARTESIAN_POINT('',(1.276436355239E+04,424.03407870488,
    76.630584778632));
#6252 = CARTESIAN_POINT('',(1.276425870793E+04,423.81736585593,
    77.139745019884));
#6253 = CARTESIAN_POINT('',(1.276420819452E+04,423.71014094857,
    77.352373013682));
#6254 = CARTESIAN_POINT('',(1.276415447448E+04,423.59212583855,
    77.553253259337));
#6255 = CARTESIAN_POINT('',(1.276409879535E+04,423.46450191787,
    77.74194911249));
#6256 = CARTESIAN_POINT('',(1.276404234523E+04,423.32843635464,
    77.918212509371));
#6257 = CARTESIAN_POINT('',(1.276387502695E+04,422.90139974052,
    78.406066547304));
#6258 = CARTESIAN_POINT('',(1.276376494797E+04,422.58908014217,
    78.681317561903));
#6259 = CARTESIAN_POINT('',(1.27636635826E+04,422.2556465251,
    78.908746897007));
#6260 = CARTESIAN_POINT('',(1.276357651642E+04,421.9071536865,
    79.09087067123));
#6261 = CARTESIAN_POINT('',(1.276350671749E+04,421.54898277817,
    79.23067400325));
#6262 = CARTESIAN_POINT('',(1.276342520289E+04,420.97685409139,
    79.389788039152));
#6263 = CARTESIAN_POINT('',(1.276340139821E+04,420.76585401845,
    79.435067728236));
#6264 = CARTESIAN_POINT('',(1.276338375303E+04,420.55395657942,
    79.468108618004));
#6265 = CARTESIAN_POINT('',(1.276337221762E+04,420.3417860506,
    79.489556104399));
#6266 = CARTESIAN_POINT('',(1.276336660027E+04,420.12994785688,79.5));
#6267 = CARTESIAN_POINT('',(1.276336660027E+04,419.54313897447,79.5));
#6268 = CARTESIAN_POINT('',(1.276338444884E+04,419.17047840882,
    79.466816227855));
#6269 = CARTESIAN_POINT('',(1.276341839211E+04,418.80258483086,
    79.403701636717));
#6270 = CARTESIAN_POINT('',(1.276346620981E+04,418.44063849949,
    79.312448362179));
#6271 = CARTESIAN_POINT('',(1.276352568547E+04,418.08593409693,
    79.193892480334));
#6272 = CARTESIAN_POINT('',(1.276365780276E+04,417.4217690775,
    78.913381654723));
#6273 = CARTESIAN_POINT('',(1.27637289031E+04,417.11163047519,
    78.755870281568));
#6274 = CARTESIAN_POINT('',(1.276380619116E+04,416.80936256171,
    78.574673505265));
#6275 = CARTESIAN_POINT('',(1.276388828353E+04,416.51551606132,
    78.367702266621));
#6276 = CARTESIAN_POINT('',(1.276397323793E+04,416.23262757753,
    78.132043850004));
#6277 = CARTESIAN_POINT('',(1.276408296559E+04,415.88703569325,
    77.785082788714));
#6278 = CARTESIAN_POINT('',(1.276410809467E+04,415.80924381505,
    77.702712677551));
#6279 = CARTESIAN_POINT('',(1.27641331476E+04,415.73292840789,
    77.617312164123));
#6280 = CARTESIAN_POINT('',(1.27641580412E+04,415.65823116369,
    77.528735001392));
#6281 = CARTESIAN_POINT('',(1.276418267452E+04,415.58534010932,
    77.436836274054));
#6282 = CARTESIAN_POINT('',(1.276423433743E+04,415.43441303791,
    77.233692062313));
#6283 = CARTESIAN_POINT('',(1.276426126787E+04,415.35692379024,
    77.121460029638));
#6284 = CARTESIAN_POINT('',(1.276428754982E+04,415.28234613695,
    77.004542631318));
#6285 = CARTESIAN_POINT('',(1.276431297528E+04,415.21110116671,
    76.882726269426));
#6286 = CARTESIAN_POINT('',(1.276433729597E+04,415.14370612867,
    76.755818452158));
#6287 = CARTESIAN_POINT('',(1.276437662748E+04,415.03574357719,
    76.52907500655));
#6288 = CARTESIAN_POINT('',(1.276439232542E+04,414.99297959656,
    76.431768165837));
#6289 = CARTESIAN_POINT('',(1.276440719094E+04,414.95276101757,
    76.331766520662));
#6290 = CARTESIAN_POINT('',(1.276442109569E+04,414.91536835341,
    76.229117020654));
#6291 = CARTESIAN_POINT('',(1.276443390974E+04,414.88108461174,
    76.123875294156));
#6292 = CARTESIAN_POINT('',(1.276446260685E+04,414.80462584119,
    75.857113042275));
#6293 = CARTESIAN_POINT('',(1.276447710349E+04,414.76631408556,
    75.692160526753));
#6294 = CARTESIAN_POINT('',(1.276448841492E+04,414.73660517386,
    75.522602658355));
#6295 = CARTESIAN_POINT('',(1.27644961256E+04,414.7164229609,
    75.349805818763));
#6296 = CARTESIAN_POINT('',(1.27645E+04,414.7062786233,75.175144910485)
  );
#6297 = CARTESIAN_POINT('',(1.27645E+04,414.7062786233,75.));
#6298 = PCURVE('',#6194,#6299);
#6299 = DEFINITIONAL_REPRESENTATION('',(#6300),#6353);
#6300 = B_SPLINE_CURVE_WITH_KNOTS('',6,(#6301,#6302,#6303,#6304,#6305,
    #6306,#6307,#6308,#6309,#6310,#6311,#6312,#6313,#6314,#6315,#6316,
    #6317,#6318,#6319,#6320,#6321,#6322,#6323,#6324,#6325,#6326,#6327,
    #6328,#6329,#6330,#6331,#6332,#6333,#6334,#6335,#6336,#6337,#6338,
    #6339,#6340,#6341,#6342,#6343,#6344,#6345,#6346,#6347,#6348,#6349,
    #6350,#6351,#6352),.UNSPECIFIED.,.F.,.F.,(7,5,5,5,5,5,5,5,5,5,7),(0.
    ,0.109827299339,0.195919332362,0.366303632961,0.464688788267,
    0.640061374639,0.801617988327,0.849628953695,0.903891106523,
    0.942718250485,1.),.UNSPECIFIED.);
#6301 = CARTESIAN_POINT('',(0.,8.466549933392));
#6302 = CARTESIAN_POINT('',(7.515075974654E-02,8.466549933392));
#6303 = CARTESIAN_POINT('',(0.150069920026,8.462386043949));
#6304 = CARTESIAN_POINT('',(0.224387182449,8.454105673013));
#6305 = CARTESIAN_POINT('',(0.297741656969,8.442573361773));
#6306 = CARTESIAN_POINT('',(0.369724361649,8.429397014283));
#6307 = CARTESIAN_POINT('',(0.494772258891,8.405898224431));
#6308 = CARTESIAN_POINT('',(0.548697947973,8.39554905197));
#6309 = CARTESIAN_POINT('',(0.601622849318,8.385919428166));
#6310 = CARTESIAN_POINT('',(0.653556993883,8.377771813282));
#6311 = CARTESIAN_POINT('',(0.704499852372,8.371817775657));
#6312 = CARTESIAN_POINT('',(0.853283900214,8.362372876008));
#6313 = CARTESIAN_POINT('',(0.94824840732,8.36699973858));
#6314 = CARTESIAN_POINT('',(1.039764370989,8.387099556637));
#6315 = CARTESIAN_POINT('',(1.12813960084,8.425821530313));
#6316 = CARTESIAN_POINT('',(1.213614043574,8.484091389172));
#6317 = CARTESIAN_POINT('',(1.344064559197,8.605302217042));
#6318 = CARTESIAN_POINT('',(1.390904879729,8.655876819065));
#6319 = CARTESIAN_POINT('',(1.436928236239,8.712541584543));
#6320 = CARTESIAN_POINT('',(1.482212083574,8.775034102599));
#6321 = CARTESIAN_POINT('',(1.526818471174,8.842965269387));
#6322 = CARTESIAN_POINT('',(1.649187322463,9.045742031404));
#6323 = CARTESIAN_POINT('',(1.725529033265,9.191267091413));
#6324 = CARTESIAN_POINT('',(1.800505477578,9.350248089226));
#6325 = CARTESIAN_POINT('',(1.874691394268,9.520193698169));
#6326 = CARTESIAN_POINT('',(1.948628782606,9.698576593254));
#6327 = CARTESIAN_POINT('',(2.091319658466,10.052062916952));
#6328 = CARTESIAN_POINT('',(2.159876118815,10.225954287846));
#6329 = CARTESIAN_POINT('',(2.229402693782,10.40293242719));
#6330 = CARTESIAN_POINT('',(2.300690180421,10.581508816488));
#6331 = CARTESIAN_POINT('',(2.374477544385,10.758984293071));
#6332 = CARTESIAN_POINT('',(2.474452462446,10.981374619989));
#6333 = CARTESIAN_POINT('',(2.497667367429,11.03183731602));
#6334 = CARTESIAN_POINT('',(2.521231000857,11.081718346037));
#6335 = CARTESIAN_POINT('',(2.545178207934,11.130890697254));
#6336 = CARTESIAN_POINT('',(2.569542679193,11.179194658253));
#6337 = CARTESIAN_POINT('',(2.622405564917,11.279829107341));
#6338 = CARTESIAN_POINT('',(2.651035811202,11.331877627742));
#6339 = CARTESIAN_POINT('',(2.680304987683,11.382311473363));
#6340 = CARTESIAN_POINT('',(2.710264034961,11.430789949994));
#6341 = CARTESIAN_POINT('',(2.74096310543,11.47690134458));
#6342 = CARTESIAN_POINT('',(2.794989830784,11.551117297669));
#6343 = CARTESIAN_POINT('',(2.817939630385,11.580625649192));
#6344 = CARTESIAN_POINT('',(2.841300091601,11.60847328836));
#6345 = CARTESIAN_POINT('',(2.8650683,11.634442816609));
#6346 = CARTESIAN_POINT('',(2.889243473675,11.658314522485));
#6347 = CARTESIAN_POINT('',(2.95009557784,11.711664784832));
#6348 = CARTESIAN_POINT('',(2.987357632098,11.738507342867));
#6349 = CARTESIAN_POINT('',(3.025352596976,11.759388116773));
#6350 = CARTESIAN_POINT('',(3.063858030635,11.773597930478));
#6351 = CARTESIAN_POINT('',(3.102671562371,11.780739122581));
#6352 = CARTESIAN_POINT('',(3.14159265359,11.780739122581));
#6353 = ( GEOMETRIC_REPRESENTATION_CONTEXT(2) 
PARAMETRIC_REPRESENTATION_CONTEXT() REPRESENTATION_CONTEXT('2D SPACE',''
  ) );
#6354 = PCURVE('',#6355,#6360);
#6355 = CYLINDRICAL_SURFACE('',#6356,9.5);
#6356 = AXIS2_PLACEMENT_3D('',#6357,#6358,#6359);
#6357 = CARTESIAN_POINT('',(1.2755E+04,429.,75.));
#6358 = DIRECTION('',(0.,-1.,2.22044604925E-16));
#6359 = DIRECTION('',(1.,0.,0.));
#6360 = DEFINITIONAL_REPRESENTATION('',(#6361),#6414);
#6361 = B_SPLINE_CURVE_WITH_KNOTS('',6,(#6362,#6363,#6364,#6365,#6366,
    #6367,#6368,#6369,#6370,#6371,#6372,#6373,#6374,#6375,#6376,#6377,
    #6378,#6379,#6380,#6381,#6382,#6383,#6384,#6385,#6386,#6387,#6388,
    #6389,#6390,#6391,#6392,#6393,#6394,#6395,#6396,#6397,#6398,#6399,
    #6400,#6401,#6402,#6403,#6404,#6405,#6406,#6407,#6408,#6409,#6410,
    #6411,#6412,#6413),.UNSPECIFIED.,.F.,.F.,(7,5,5,5,5,5,5,5,5,5,7),(0.
    ,0.109827299339,0.195919332362,0.366303632961,0.464688788267,
    0.640061374639,0.801617988327,0.849628953695,0.903891106523,
    0.942718250485,1.),.UNSPECIFIED.);
#6362 = CARTESIAN_POINT('',(0.,4.702900244922));
#6363 = CARTESIAN_POINT('',(3.559772830099E-02,4.702900244922));
#6364 = CARTESIAN_POINT('',(7.108581252912E-02,4.730080104029));
#6365 = CARTESIAN_POINT('',(0.106007731478,4.784124125505));
#6366 = CARTESIAN_POINT('',(0.139922129322,4.863581285655));
#6367 = CARTESIAN_POINT('',(0.172403118237,4.965921295118));
#6368 = CARTESIAN_POINT('',(0.227123410317,5.182634144068));
#6369 = CARTESIAN_POINT('',(0.250117719981,5.289859051426));
#6370 = CARTESIAN_POINT('',(0.271994118029,5.407874161448));
#6371 = CARTESIAN_POINT('',(0.292694717844,5.535498082121));
#6372 = CARTESIAN_POINT('',(0.31217301646,5.671563645358));
#6373 = CARTESIAN_POINT('',(0.366462378391,6.098600259475));
#6374 = CARTESIAN_POINT('',(0.397628104882,6.410919857823));
#6375 = CARTESIAN_POINT('',(0.423819723643,6.744353474894));
#6376 = CARTESIAN_POINT('',(0.44506407065,7.092846313493));
#6377 = CARTESIAN_POINT('',(0.461511419852,7.451017221827));
#6378 = CARTESIAN_POINT('',(0.480330254448,8.02314590861));
#6379 = CARTESIAN_POINT('',(0.485714800876,8.234145981544));
#6380 = CARTESIAN_POINT('',(0.489657602431,8.446043420572));
#6381 = CARTESIAN_POINT('',(0.49222113747,8.658213949394));
#6382 = CARTESIAN_POINT('',(0.493469394633,8.870052143119));
#6383 = CARTESIAN_POINT('',(0.493469394633,9.456861025524));
#6384 = CARTESIAN_POINT('',(0.489503161348,9.829521591171));
#6385 = CARTESIAN_POINT('',(0.481959588297,10.197415169135));
#6386 = CARTESIAN_POINT('',(0.471116051457,10.559361500504));
#6387 = CARTESIAN_POINT('',(0.457158451582,10.914065903069));
#6388 = CARTESIAN_POINT('',(0.424519861402,11.578230922495));
#6389 = CARTESIAN_POINT('',(0.40633112004,11.88836952481));
#6390 = CARTESIAN_POINT('',(0.385602642922,12.190637438289));
#6391 = CARTESIAN_POINT('',(0.362178472451,12.484483938674));
#6392 = CARTESIAN_POINT('',(0.335830380189,12.767372422462));
#6393 = CARTESIAN_POINT('',(0.297525272089,13.112964306743));
#6394 = CARTESIAN_POINT('',(0.28846069437,13.190756184943));
#6395 = CARTESIAN_POINT('',(0.279093169893,13.26707159211));
#6396 = CARTESIAN_POINT('',(0.269409055284,13.341768836306));
#6397 = CARTESIAN_POINT('',(0.259394836432,13.414659890679));
#6398 = CARTESIAN_POINT('',(0.237330557038,13.565586962083));
#6399 = CARTESIAN_POINT('',(0.225182426639,13.643076209753));
#6400 = CARTESIAN_POINT('',(0.212570240669,13.717653863044));
#6401 = CARTESIAN_POINT('',(0.19947365534,13.788898833282));
#6402 = CARTESIAN_POINT('',(0.185873944063,13.856293871323));
#6403 = CARTESIAN_POINT('',(0.161649792753,13.964256422805));
#6404 = CARTESIAN_POINT('',(0.151275259261,14.007020403431));
#6405 = CARTESIAN_POINT('',(0.14063435632,14.047238982427));
#6406 = CARTESIAN_POINT('',(0.129731904557,14.084631646588));
#6407 = CARTESIAN_POINT('',(0.118573107388,14.118915388258));
#6408 = CARTESIAN_POINT('',(9.033085830168E-02,14.195374158807));
#6409 = CARTESIAN_POINT('',(7.290380811664E-02,14.233685914431));
#6410 = CARTESIAN_POINT('',(5.502211569378E-02,14.263394826134));
#6411 = CARTESIAN_POINT('',(3.682164612633E-02,14.283577039095));
#6412 = CARTESIAN_POINT('',(1.843630636689E-02,14.293721376699));
#6413 = CARTESIAN_POINT('',(0.,14.293721376699));
#6414 = ( GEOMETRIC_REPRESENTATION_CONTEXT(2) 
PARAMETRIC_REPRESENTATION_CONTEXT() REPRESENTATION_CONTEXT('2D SPACE',''
  ) );
#6415 = ORIENTED_EDGE('',*,*,#6416,.T.);
#6416 = EDGE_CURVE('',#6242,#6184,#6417,.T.);
#6417 = SURFACE_CURVE('',#6418,(#6471,#6527),.PCURVE_S1.);
#6418 = B_SPLINE_CURVE_WITH_KNOTS('',6,(#6419,#6420,#6421,#6422,#6423,
    #6424,#6425,#6426,#6427,#6428,#6429,#6430,#6431,#6432,#6433,#6434,
    #6435,#6436,#6437,#6438,#6439,#6440,#6441,#6442,#6443,#6444,#6445,
    #6446,#6447,#6448,#6449,#6450,#6451,#6452,#6453,#6454,#6455,#6456,
    #6457,#6458,#6459,#6460,#6461,#6462,#6463,#6464,#6465,#6466,#6467,
    #6468,#6469,#6470),.UNSPECIFIED.,.F.,.F.,(7,5,5,5,5,5,5,5,5,5,7),(0.
    ,5.728086669188E-02,9.61074122344E-02,0.150245967952,0.198757266454,
    0.360185641682,0.535305196927,0.633553122249,0.803861459504,
    0.890170288482,1.),.UNSPECIFIED.);
#6419 = CARTESIAN_POINT('',(1.27645E+04,414.7062786233,75.));
#6420 = CARTESIAN_POINT('',(1.27645E+04,414.7062786233,74.824855089589)
  );
#6421 = CARTESIAN_POINT('',(1.27644961256E+04,414.71642296089,
    74.650194181215));
#6422 = CARTESIAN_POINT('',(1.276448841492E+04,414.73660517387,
    74.477397341574));
#6423 = CARTESIAN_POINT('',(1.276447710349E+04,414.76631408558,
    74.307839473231));
#6424 = CARTESIAN_POINT('',(1.276446260685E+04,414.80462584117,
    74.142886957793));
#6425 = CARTESIAN_POINT('',(1.276443390974E+04,414.88108461174,
    73.876124705844));
#6426 = CARTESIAN_POINT('',(1.276442109569E+04,414.91536835341,
    73.770882979346));
#6427 = CARTESIAN_POINT('',(1.276440719094E+04,414.95276101757,
    73.668233479338));
#6428 = CARTESIAN_POINT('',(1.276439232542E+04,414.99297959656,
    73.568231834163));
#6429 = CARTESIAN_POINT('',(1.276437662748E+04,415.03574357719,
    73.470924993451));
#6430 = CARTESIAN_POINT('',(1.276433734784E+04,415.14356375169,
    73.244480568643));
#6431 = CARTESIAN_POINT('',(1.276431308523E+04,415.21079646976,
    73.117847518504));
#6432 = CARTESIAN_POINT('',(1.276428772215E+04,415.28186326978,
    72.996283113556));
#6433 = CARTESIAN_POINT('',(1.27642615053E+04,415.35625008058,
    72.879596458652));
#6434 = CARTESIAN_POINT('',(1.276423464154E+04,415.43353805638,
    72.767575711798));
#6435 = CARTESIAN_POINT('',(1.276418279785E+04,415.58496796251,
    72.563585070928));
#6436 = CARTESIAN_POINT('',(1.2764157907E+04,415.65861762719,
    72.470720236335));
#6437 = CARTESIAN_POINT('',(1.276413275058E+04,415.73411099882,
    72.38124665652));
#6438 = CARTESIAN_POINT('',(1.276410743273E+04,415.81125408029,
    72.295014988363));
#6439 = CARTESIAN_POINT('',(1.276408203907E+04,415.88990110738,
    72.211874518937));
#6440 = CARTESIAN_POINT('',(1.276397211463E+04,416.23634629976,
    71.864792051082));
#6441 = CARTESIAN_POINT('',(1.276388725033E+04,416.51914870186,
    71.629624860716));
#6442 = CARTESIAN_POINT('',(1.276380525844E+04,416.81288027083,
    71.423070349979));
#6443 = CARTESIAN_POINT('',(1.276372807732E+04,417.11501090008,
    71.242237595935));
#6444 = CARTESIAN_POINT('',(1.276365708937E+04,417.42498404961,
    71.085052358878));
#6445 = CARTESIAN_POINT('',(1.276352525391E+04,418.08851004089,
    70.805247425365));
#6446 = CARTESIAN_POINT('',(1.276346593232E+04,418.44274043866,
    70.687022090436));
#6447 = CARTESIAN_POINT('',(1.276341824422E+04,418.80418788076,
    70.596023362536));
#6448 = CARTESIAN_POINT('',(1.276338439688E+04,419.17156224041,
    70.533087168058));
#6449 = CARTESIAN_POINT('',(1.276336660027E+04,419.54368653917,70.5));
#6450 = CARTESIAN_POINT('',(1.276336660027E+04,420.12965079141,70.5));
#6451 = CARTESIAN_POINT('',(1.27633722018E+04,420.3411902424,
    70.510414493327));
#6452 = CARTESIAN_POINT('',(1.276338370442E+04,420.55306233527,
    70.531800996803));
#6453 = CARTESIAN_POINT('',(1.276340129915E+04,420.76466364069,
    70.56474679566));
#6454 = CARTESIAN_POINT('',(1.276342503585E+04,420.97537211707,
    70.609894242964));
#6455 = CARTESIAN_POINT('',(1.276350636876E+04,421.54706819974,
    70.768630927065));
#6456 = CARTESIAN_POINT('',(1.276357605622E+04,421.90510928446,
    70.90818260524));
#6457 = CARTESIAN_POINT('',(1.276366300339E+04,422.25350456614,
    71.090004337899));
#6458 = CARTESIAN_POINT('',(1.276376425493E+04,422.58688076852,
    71.317081255106));
#6459 = CARTESIAN_POINT('',(1.276387423933E+04,422.89918961415,
    71.591927603349));
#6460 = CARTESIAN_POINT('',(1.276404163563E+04,423.32672547996,
    72.079572888019));
#6461 = CARTESIAN_POINT('',(1.276409823552E+04,423.46321858655,
    72.256154255447));
#6462 = CARTESIAN_POINT('',(1.276415406993E+04,423.5912371285,
    72.445233956135));
#6463 = CARTESIAN_POINT('',(1.276420794154E+04,423.70960395938,
    72.646561780535));
#6464 = CARTESIAN_POINT('',(1.276425859293E+04,423.81712814754,
    72.859696491485));
#6465 = CARTESIAN_POINT('',(1.276436355239E+04,424.03407870488,
    73.369415221368));
#6466 = CARTESIAN_POINT('',(1.276441527974E+04,424.13641871434,
    73.67380661904));
#6467 = CARTESIAN_POINT('',(1.276445682867E+04,424.21587587449,
    73.993695885265));
#6468 = CARTESIAN_POINT('',(1.276448555397E+04,424.26991989597,
    74.324685289166));
#6469 = CARTESIAN_POINT('',(1.27645E+04,424.29709975507,74.66182158114)
  );
#6470 = CARTESIAN_POINT('',(1.27645E+04,424.29709975507,75.));
#6471 = PCURVE('',#6194,#6472);
#6472 = DEFINITIONAL_REPRESENTATION('',(#6473),#6526);
#6473 = B_SPLINE_CURVE_WITH_KNOTS('',6,(#6474,#6475,#6476,#6477,#6478,
    #6479,#6480,#6481,#6482,#6483,#6484,#6485,#6486,#6487,#6488,#6489,
    #6490,#6491,#6492,#6493,#6494,#6495,#6496,#6497,#6498,#6499,#6500,
    #6501,#6502,#6503,#6504,#6505,#6506,#6507,#6508,#6509,#6510,#6511,
    #6512,#6513,#6514,#6515,#6516,#6517,#6518,#6519,#6520,#6521,#6522,
    #6523,#6524,#6525),.UNSPECIFIED.,.F.,.F.,(7,5,5,5,5,5,5,5,5,5,7),(0.
    ,5.728086669188E-02,9.61074122344E-02,0.150245967952,0.198757266454,
    0.360185641682,0.535305196927,0.633553122249,0.803861459504,
    0.890170288482,1.),.UNSPECIFIED.);
#6474 = CARTESIAN_POINT('',(3.14159265359,11.780739122581));
#6475 = CARTESIAN_POINT('',(3.180513744792,11.780739122581));
#6476 = CARTESIAN_POINT('',(3.219327276549,11.773597930484));
#6477 = CARTESIAN_POINT('',(3.257832710219,11.759388116766));
#6478 = CARTESIAN_POINT('',(3.295827675085,11.738507342857));
#6479 = CARTESIAN_POINT('',(3.333089729324,11.711664784846));
#6480 = CARTESIAN_POINT('',(3.393941833504,11.658314522485));
#6481 = CARTESIAN_POINT('',(3.418117007179,11.634442816609));
#6482 = CARTESIAN_POINT('',(3.441885215578,11.60847328836));
#6483 = CARTESIAN_POINT('',(3.465245676794,11.580625649192));
#6484 = CARTESIAN_POINT('',(3.488195476396,11.551117297669));
#6485 = CARTESIAN_POINT('',(3.542150953318,11.476999217811));
#6486 = CARTESIAN_POINT('',(3.572782473357,11.430998424224));
#6487 = CARTESIAN_POINT('',(3.60267724433,11.38264004147));
#6488 = CARTESIAN_POINT('',(3.631885029672,11.33233323741));
#6489 = CARTESIAN_POINT('',(3.66045636522,11.280416840821));
#6490 = CARTESIAN_POINT('',(3.713527218642,11.179438983203));
#6491 = CARTESIAN_POINT('',(3.738146766792,11.130631215706));
#6492 = CARTESIAN_POINT('',(3.762340307002,11.080937132009));
#6493 = CARTESIAN_POINT('',(3.786142541774,11.030521488782));
#6494 = CARTESIAN_POINT('',(3.809589374449,10.979515006652));
#6495 = CARTESIAN_POINT('',(3.909688812222,10.756645156799));
#6496 = CARTESIAN_POINT('',(3.983392708407,10.57928396968));
#6497 = CARTESIAN_POINT('',(4.054609383717,10.400841584486));
#6498 = CARTESIAN_POINT('',(4.124073560374,10.224011250429));
#6499 = CARTESIAN_POINT('',(4.192571451462,10.050282515954));
#6500 = CARTESIAN_POINT('',(4.335093427047,9.697281480387));
#6501 = CARTESIAN_POINT('',(4.408924742174,9.519206959545));
#6502 = CARTESIAN_POINT('',(4.483006528834,9.349555367034));
#6503 = CARTESIAN_POINT('',(4.557878302185,9.190843800634));
#6504 = CARTESIAN_POINT('',(4.634112169872,9.0455528158));
#6505 = CARTESIAN_POINT('',(4.756304888136,8.843067922866));
#6506 = CARTESIAN_POINT('',(4.800847765175,8.77522514762));
#6507 = CARTESIAN_POINT('',(4.846066210518,8.712804981513));
#6508 = CARTESIAN_POINT('',(4.892021889191,8.656195214985));
#6509 = CARTESIAN_POINT('',(4.938791788515,8.605657574033));
#6510 = CARTESIAN_POINT('',(5.069119321074,8.484425744069));
#6511 = CARTESIAN_POINT('',(5.154541011953,8.426096146041));
#6512 = CARTESIAN_POINT('',(5.242860850926,8.387296198043));
#6513 = CARTESIAN_POINT('',(5.334318204717,8.367109401496));
#6514 = CARTESIAN_POINT('',(5.429219511578,8.362397503262));
#6515 = CARTESIAN_POINT('',(5.578045206612,8.371743102855));
#6516 = CARTESIAN_POINT('',(5.629106242398,8.377689933523));
#6517 = CARTESIAN_POINT('',(5.681163900852,8.385846897442));
#6518 = CARTESIAN_POINT('',(5.734217225898,8.395497212435));
#6519 = CARTESIAN_POINT('',(5.788275885519,8.405872449035));
#6520 = CARTESIAN_POINT('',(5.91346094553,8.429397014283));
#6521 = CARTESIAN_POINT('',(5.985443650211,8.442573361773));
#6522 = CARTESIAN_POINT('',(6.058798124731,8.454105673013));
#6523 = CARTESIAN_POINT('',(6.133115387154,8.462386043949));
#6524 = CARTESIAN_POINT('',(6.208034547433,8.466549933392));
#6525 = CARTESIAN_POINT('',(6.28318530718,8.466549933392));
#6526 = ( GEOMETRIC_REPRESENTATION_CONTEXT(2) 
PARAMETRIC_REPRESENTATION_CONTEXT() REPRESENTATION_CONTEXT('2D SPACE',''
  ) );
#6527 = PCURVE('',#6355,#6528);
#6528 = DEFINITIONAL_REPRESENTATION('',(#6529),#6582);
#6529 = B_SPLINE_CURVE_WITH_KNOTS('',6,(#6530,#6531,#6532,#6533,#6534,
    #6535,#6536,#6537,#6538,#6539,#6540,#6541,#6542,#6543,#6544,#6545,
    #6546,#6547,#6548,#6549,#6550,#6551,#6552,#6553,#6554,#6555,#6556,
    #6557,#6558,#6559,#6560,#6561,#6562,#6563,#6564,#6565,#6566,#6567,
    #6568,#6569,#6570,#6571,#6572,#6573,#6574,#6575,#6576,#6577,#6578,
    #6579,#6580,#6581),.UNSPECIFIED.,.F.,.F.,(7,5,5,5,5,5,5,5,5,5,7),(0.
    ,5.728086669188E-02,9.61074122344E-02,0.150245967952,0.198757266454,
    0.360185641682,0.535305196927,0.633553122249,0.803861459504,
    0.890170288482,1.),.UNSPECIFIED.);
#6530 = CARTESIAN_POINT('',(6.28318530718,14.293721376699));
#6531 = CARTESIAN_POINT('',(6.264749000821,14.293721376699));
#6532 = CARTESIAN_POINT('',(6.246363661051,14.283577039103));
#6533 = CARTESIAN_POINT('',(6.228163191478,14.263394826124));
#6534 = CARTESIAN_POINT('',(6.210281499061,14.233685914417));
#6535 = CARTESIAN_POINT('',(6.192854448885,14.195374158827));
#6536 = CARTESIAN_POINT('',(6.164612199792,14.118915388258));
#6537 = CARTESIAN_POINT('',(6.153453402622,14.084631646588));
#6538 = CARTESIAN_POINT('',(6.14255095086,14.047238982427));
#6539 = CARTESIAN_POINT('',(6.131910047919,14.007020403431));
#6540 = CARTESIAN_POINT('',(6.121535514427,13.964256422805));
#6541 = CARTESIAN_POINT('',(6.097343309024,13.85643624831));
#6542 = CARTESIAN_POINT('',(6.08377314017,13.789203530238));
#6543 = CARTESIAN_POINT('',(6.070703842593,13.718136730219));
#6544 = CARTESIAN_POINT('',(6.058116845345,13.64374991942));
#6545 = CARTESIAN_POINT('',(6.045991973222,13.566461943617));
#6546 = CARTESIAN_POINT('',(6.023836654009,13.41503203749));
#6547 = CARTESIAN_POINT('',(6.01371721629,13.341382372801));
#6548 = CARTESIAN_POINT('',(6.003934807794,13.265889001179));
#6549 = CARTESIAN_POINT('',(5.994475505068,13.188745919704));
#6550 = CARTESIAN_POINT('',(5.985325251703,13.110098892611));
#6551 = CARTESIAN_POINT('',(5.947001709708,12.763653700237));
#6552 = CARTESIAN_POINT('',(5.920705343994,12.480851298136));
#6553 = CARTESIAN_POINT('',(5.897325783213,12.187119729168));
#6554 = CARTESIAN_POINT('',(5.87663691895,11.884989099912));
#6555 = CARTESIAN_POINT('',(5.858484321241,11.575015950389));
#6556 = CARTESIAN_POINT('',(5.825925592905,10.911489959102));
#6557 = CARTESIAN_POINT('',(5.812006330019,10.557259561339));
#6558 = CARTESIAN_POINT('',(5.801192850817,10.195812119236));
#6559 = CARTESIAN_POINT('',(5.793670599208,9.828437759584));
#6560 = CARTESIAN_POINT('',(5.789715912546,9.456313460825));
#6561 = CARTESIAN_POINT('',(5.789715912546,8.870349208587));
#6562 = CARTESIAN_POINT('',(5.790960655667,8.658809757592));
#6563 = CARTESIAN_POINT('',(5.793516901375,8.446937664726));
#6564 = CARTESIAN_POINT('',(5.797448373075,8.235336359306));
#6565 = CARTESIAN_POINT('',(5.802817270253,8.024627882922));
#6566 = CARTESIAN_POINT('',(5.821592032871,7.452931800251));
#6567 = CARTESIAN_POINT('',(5.838010444663,7.094890715537));
#6568 = CARTESIAN_POINT('',(5.859220732709,6.746495433852));
#6569 = CARTESIAN_POINT('',(5.885373676667,6.413119231471));
#6570 = CARTESIAN_POINT('',(5.916496308609,6.100810385844));
#6571 = CARTESIAN_POINT('',(5.970767551623,5.673274520033));
#6572 = CARTESIAN_POINT('',(5.990282516723,5.536781413448));
#6573 = CARTESIAN_POINT('',(6.011026442512,5.4087628715));
#6574 = CARTESIAN_POINT('',(6.0329523939,5.29039604062));
#6575 = CARTESIAN_POINT('',(6.056001875167,5.18287185246));
#6576 = CARTESIAN_POINT('',(6.110782188943,4.965921295119));
#6577 = CARTESIAN_POINT('',(6.143263177858,4.863581285655));
#6578 = CARTESIAN_POINT('',(6.177177575701,4.784124125505));
#6579 = CARTESIAN_POINT('',(6.212099494651,4.730080104029));
#6580 = CARTESIAN_POINT('',(6.247587578879,4.702900244922));
#6581 = CARTESIAN_POINT('',(6.28318530718,4.702900244922));
#6582 = ( GEOMETRIC_REPRESENTATION_CONTEXT(2) 
PARAMETRIC_REPRESENTATION_CONTEXT() REPRESENTATION_CONTEXT('2D SPACE',''
  ) );
#6583 = ADVANCED_FACE('',(#6584),#6355,.T.);
#6584 = FACE_BOUND('',#6585,.T.);
#6585 = EDGE_LOOP('',(#6586,#6609,#6636,#6637,#6638,#6661,#6688,#6689));
#6586 = ORIENTED_EDGE('',*,*,#6587,.T.);
#6587 = EDGE_CURVE('',#6242,#6588,#6590,.T.);
#6588 = VERTEX_POINT('',#6589);
#6589 = CARTESIAN_POINT('',(1.27645E+04,407.,75.));
#6590 = SEAM_CURVE('',#6591,(#6595,#6602),.PCURVE_S1.);
#6591 = LINE('',#6592,#6593);
#6592 = CARTESIAN_POINT('',(1.27645E+04,429.,75.));
#6593 = VECTOR('',#6594,1.);
#6594 = DIRECTION('',(0.,-1.,2.22044604925E-16));
#6595 = PCURVE('',#6355,#6596);
#6596 = DEFINITIONAL_REPRESENTATION('',(#6597),#6601);
#6597 = LINE('',#6598,#6599);
#6598 = CARTESIAN_POINT('',(6.28318530718,-0.));
#6599 = VECTOR('',#6600,1.);
#6600 = DIRECTION('',(0.,1.));
#6601 = ( GEOMETRIC_REPRESENTATION_CONTEXT(2) 
PARAMETRIC_REPRESENTATION_CONTEXT() REPRESENTATION_CONTEXT('2D SPACE',''
  ) );
#6602 = PCURVE('',#6355,#6603);
#6603 = DEFINITIONAL_REPRESENTATION('',(#6604),#6608);
#6604 = LINE('',#6605,#6606);
#6605 = CARTESIAN_POINT('',(0.,-0.));
#6606 = VECTOR('',#6607,1.);
#6607 = DIRECTION('',(0.,1.));
#6608 = ( GEOMETRIC_REPRESENTATION_CONTEXT(2) 
PARAMETRIC_REPRESENTATION_CONTEXT() REPRESENTATION_CONTEXT('2D SPACE',''
  ) );
#6609 = ORIENTED_EDGE('',*,*,#6610,.F.);
#6610 = EDGE_CURVE('',#6588,#6588,#6611,.T.);
#6611 = SURFACE_CURVE('',#6612,(#6617,#6624),.PCURVE_S1.);
#6612 = CIRCLE('',#6613,9.5);
#6613 = AXIS2_PLACEMENT_3D('',#6614,#6615,#6616);
#6614 = CARTESIAN_POINT('',(1.2755E+04,407.,75.));
#6615 = DIRECTION('',(0.,-1.,2.22044604925E-16));
#6616 = DIRECTION('',(1.,0.,0.));
#6617 = PCURVE('',#6355,#6618);
#6618 = DEFINITIONAL_REPRESENTATION('',(#6619),#6623);
#6619 = LINE('',#6620,#6621);
#6620 = CARTESIAN_POINT('',(0.,22.));
#6621 = VECTOR('',#6622,1.);
#6622 = DIRECTION('',(1.,0.));
#6623 = ( GEOMETRIC_REPRESENTATION_CONTEXT(2) 
PARAMETRIC_REPRESENTATION_CONTEXT() REPRESENTATION_CONTEXT('2D SPACE',''
  ) );
#6624 = PCURVE('',#6625,#6630);
#6625 = PLANE('',#6626);
#6626 = AXIS2_PLACEMENT_3D('',#6627,#6628,#6629);
#6627 = CARTESIAN_POINT('',(1.2755E+04,407.,75.));
#6628 = DIRECTION('',(0.,-1.,2.22044604925E-16));
#6629 = DIRECTION('',(1.,0.,0.));
#6630 = DEFINITIONAL_REPRESENTATION('',(#6631),#6635);
#6631 = CIRCLE('',#6632,9.5);
#6632 = AXIS2_PLACEMENT_2D('',#6633,#6634);
#6633 = CARTESIAN_POINT('',(0.,0.));
#6634 = DIRECTION('',(1.,0.));
#6635 = ( GEOMETRIC_REPRESENTATION_CONTEXT(2) 
PARAMETRIC_REPRESENTATION_CONTEXT() REPRESENTATION_CONTEXT('2D SPACE',''
  ) );
#6636 = ORIENTED_EDGE('',*,*,#6587,.F.);
#6637 = ORIENTED_EDGE('',*,*,#6241,.F.);
#6638 = ORIENTED_EDGE('',*,*,#6639,.F.);
#6639 = EDGE_CURVE('',#6640,#6184,#6642,.T.);
#6640 = VERTEX_POINT('',#6641);
#6641 = CARTESIAN_POINT('',(1.27645E+04,429.,75.));
#6642 = SEAM_CURVE('',#6643,(#6647,#6654),.PCURVE_S1.);
#6643 = LINE('',#6644,#6645);
#6644 = CARTESIAN_POINT('',(1.27645E+04,429.,75.));
#6645 = VECTOR('',#6646,1.);
#6646 = DIRECTION('',(0.,-1.,2.22044604925E-16));
#6647 = PCURVE('',#6355,#6648);
#6648 = DEFINITIONAL_REPRESENTATION('',(#6649),#6653);
#6649 = LINE('',#6650,#6651);
#6650 = CARTESIAN_POINT('',(6.28318530718,-0.));
#6651 = VECTOR('',#6652,1.);
#6652 = DIRECTION('',(0.,1.));
#6653 = ( GEOMETRIC_REPRESENTATION_CONTEXT(2) 
PARAMETRIC_REPRESENTATION_CONTEXT() REPRESENTATION_CONTEXT('2D SPACE',''
  ) );
#6654 = PCURVE('',#6355,#6655);
#6655 = DEFINITIONAL_REPRESENTATION('',(#6656),#6660);
#6656 = LINE('',#6657,#6658);
#6657 = CARTESIAN_POINT('',(0.,-0.));
#6658 = VECTOR('',#6659,1.);
#6659 = DIRECTION('',(0.,1.));
#6660 = ( GEOMETRIC_REPRESENTATION_CONTEXT(2) 
PARAMETRIC_REPRESENTATION_CONTEXT() REPRESENTATION_CONTEXT('2D SPACE',''
  ) );
#6661 = ORIENTED_EDGE('',*,*,#6662,.T.);
#6662 = EDGE_CURVE('',#6640,#6640,#6663,.T.);
#6663 = SURFACE_CURVE('',#6664,(#6669,#6676),.PCURVE_S1.);
#6664 = CIRCLE('',#6665,9.5);
#6665 = AXIS2_PLACEMENT_3D('',#6666,#6667,#6668);
#6666 = CARTESIAN_POINT('',(1.2755E+04,429.,75.));
#6667 = DIRECTION('',(0.,-1.,2.22044604925E-16));
#6668 = DIRECTION('',(1.,0.,0.));
#6669 = PCURVE('',#6355,#6670);
#6670 = DEFINITIONAL_REPRESENTATION('',(#6671),#6675);
#6671 = LINE('',#6672,#6673);
#6672 = CARTESIAN_POINT('',(0.,0.));
#6673 = VECTOR('',#6674,1.);
#6674 = DIRECTION('',(1.,0.));
#6675 = ( GEOMETRIC_REPRESENTATION_CONTEXT(2) 
PARAMETRIC_REPRESENTATION_CONTEXT() REPRESENTATION_CONTEXT('2D SPACE',''
  ) );
#6676 = PCURVE('',#6677,#6682);
#6677 = PLANE('',#6678);
#6678 = AXIS2_PLACEMENT_3D('',#6679,#6680,#6681);
#6679 = CARTESIAN_POINT('',(1.2755E+04,429.,75.));
#6680 = DIRECTION('',(0.,-1.,2.22044604925E-16));
#6681 = DIRECTION('',(1.,0.,0.));
#6682 = DEFINITIONAL_REPRESENTATION('',(#6683),#6687);
#6683 = CIRCLE('',#6684,9.5);
#6684 = AXIS2_PLACEMENT_2D('',#6685,#6686);
#6685 = CARTESIAN_POINT('',(0.,0.));
#6686 = DIRECTION('',(1.,0.));
#6687 = ( GEOMETRIC_REPRESENTATION_CONTEXT(2) 
PARAMETRIC_REPRESENTATION_CONTEXT() REPRESENTATION_CONTEXT('2D SPACE',''
  ) );
#6688 = ORIENTED_EDGE('',*,*,#6639,.T.);
#6689 = ORIENTED_EDGE('',*,*,#6416,.F.);
#6690 = ADVANCED_FACE('',(#6691),#6228,.T.);
#6691 = FACE_BOUND('',#6692,.T.);
#6692 = EDGE_LOOP('',(#6693));
#6693 = ORIENTED_EDGE('',*,*,#6213,.T.);
#6694 = ADVANCED_FACE('',(#6695),#6677,.F.);
#6695 = FACE_BOUND('',#6696,.T.);
#6696 = EDGE_LOOP('',(#6697));
#6697 = ORIENTED_EDGE('',*,*,#6662,.F.);
#6698 = ADVANCED_FACE('',(#6699),#6625,.T.);
#6699 = FACE_BOUND('',#6700,.T.);
#6700 = EDGE_LOOP('',(#6701));
#6701 = ORIENTED_EDGE('',*,*,#6610,.T.);
#6702 = MANIFOLD_SOLID_BREP('',#6703);
#6703 = CLOSED_SHELL('',(#6704,#7108,#7215,#7219,#7223));
#6704 = ADVANCED_FACE('',(#6705),#6719,.T.);
#6705 = FACE_BOUND('',#6706,.T.);
#6706 = EDGE_LOOP('',(#6707,#6737,#6764,#6765,#6940));
#6707 = ORIENTED_EDGE('',*,*,#6708,.T.);
#6708 = EDGE_CURVE('',#6709,#6711,#6713,.T.);
#6709 = VERTEX_POINT('',#6710);
#6710 = CARTESIAN_POINT('',(1.27645E+04,185.29372137669,75.));
#6711 = VERTEX_POINT('',#6712);
#6712 = CARTESIAN_POINT('',(1.304944498702E+04,290.22278754274,75.));
#6713 = SEAM_CURVE('',#6714,(#6718,#6730),.PCURVE_S1.);
#6714 = LINE('',#6715,#6716);
#6715 = CARTESIAN_POINT('',(1.275344498702E+04,181.22278754274,75.));
#6716 = VECTOR('',#6717,1.);
#6717 = DIRECTION('',(0.938397231722,0.34555844006,1.232595164408E-32));
#6718 = PCURVE('',#6719,#6724);
#6719 = CYLINDRICAL_SURFACE('',#6720,4.5);
#6720 = AXIS2_PLACEMENT_3D('',#6721,#6722,#6723);
#6721 = CARTESIAN_POINT('',(1.2755E+04,177.,75.));
#6722 = DIRECTION('',(0.938397231722,0.34555844006,0.));
#6723 = DIRECTION('',(-0.34555844006,0.938397231722,0.));
#6724 = DEFINITIONAL_REPRESENTATION('',(#6725),#6729);
#6725 = LINE('',#6726,#6727);
#6726 = CARTESIAN_POINT('',(6.28318530718,-0.));
#6727 = VECTOR('',#6728,1.);
#6728 = DIRECTION('',(0.,1.));
#6729 = ( GEOMETRIC_REPRESENTATION_CONTEXT(2) 
PARAMETRIC_REPRESENTATION_CONTEXT() REPRESENTATION_CONTEXT('2D SPACE',''
  ) );
#6730 = PCURVE('',#6719,#6731);
#6731 = DEFINITIONAL_REPRESENTATION('',(#6732),#6736);
#6732 = LINE('',#6733,#6734);
#6733 = CARTESIAN_POINT('',(0.,-0.));
#6734 = VECTOR('',#6735,1.);
#6735 = DIRECTION('',(0.,1.));
#6736 = ( GEOMETRIC_REPRESENTATION_CONTEXT(2) 
PARAMETRIC_REPRESENTATION_CONTEXT() REPRESENTATION_CONTEXT('2D SPACE',''
  ) );
#6737 = ORIENTED_EDGE('',*,*,#6738,.F.);
#6738 = EDGE_CURVE('',#6711,#6711,#6739,.T.);
#6739 = SURFACE_CURVE('',#6740,(#6745,#6752),.PCURVE_S1.);
#6740 = CIRCLE('',#6741,4.5);
#6741 = AXIS2_PLACEMENT_3D('',#6742,#6743,#6744);
#6742 = CARTESIAN_POINT('',(1.3051E+04,286.,75.));
#6743 = DIRECTION('',(0.938397231722,0.34555844006,0.));
#6744 = DIRECTION('',(-0.34555844006,0.938397231722,0.));
#6745 = PCURVE('',#6719,#6746);
#6746 = DEFINITIONAL_REPRESENTATION('',(#6747),#6751);
#6747 = LINE('',#6748,#6749);
#6748 = CARTESIAN_POINT('',(0.,315.43145055621));
#6749 = VECTOR('',#6750,1.);
#6750 = DIRECTION('',(1.,0.));
#6751 = ( GEOMETRIC_REPRESENTATION_CONTEXT(2) 
PARAMETRIC_REPRESENTATION_CONTEXT() REPRESENTATION_CONTEXT('2D SPACE',''
  ) );
#6752 = PCURVE('',#6753,#6758);
#6753 = PLANE('',#6754);
#6754 = AXIS2_PLACEMENT_3D('',#6755,#6756,#6757);
#6755 = CARTESIAN_POINT('',(1.3051E+04,286.,75.));
#6756 = DIRECTION('',(0.938397231722,0.34555844006,0.));
#6757 = DIRECTION('',(-0.34555844006,0.938397231722,0.));
#6758 = DEFINITIONAL_REPRESENTATION('',(#6759),#6763);
#6759 = CIRCLE('',#6760,4.5);
#6760 = AXIS2_PLACEMENT_2D('',#6761,#6762);
#6761 = CARTESIAN_POINT('',(0.,0.));
#6762 = DIRECTION('',(1.,0.));
#6763 = ( GEOMETRIC_REPRESENTATION_CONTEXT(2) 
PARAMETRIC_REPRESENTATION_CONTEXT() REPRESENTATION_CONTEXT('2D SPACE',''
  ) );
#6764 = ORIENTED_EDGE('',*,*,#6708,.F.);
#6765 = ORIENTED_EDGE('',*,*,#6766,.T.);
#6766 = EDGE_CURVE('',#6709,#6767,#6769,.T.);
#6767 = VERTEX_POINT('',#6768);
#6768 = CARTESIAN_POINT('',(1.27645E+04,175.70290024492,75.));
#6769 = SURFACE_CURVE('',#6770,(#6823,#6879),.PCURVE_S1.);
#6770 = B_SPLINE_CURVE_WITH_KNOTS('',6,(#6771,#6772,#6773,#6774,#6775,
    #6776,#6777,#6778,#6779,#6780,#6781,#6782,#6783,#6784,#6785,#6786,
    #6787,#6788,#6789,#6790,#6791,#6792,#6793,#6794,#6795,#6796,#6797,
    #6798,#6799,#6800,#6801,#6802,#6803,#6804,#6805,#6806,#6807,#6808,
    #6809,#6810,#6811,#6812,#6813,#6814,#6815,#6816,#6817,#6818,#6819,
    #6820,#6821,#6822),.UNSPECIFIED.,.F.,.F.,(7,5,5,5,5,5,5,5,5,5,7),(0.
    ,5.728086666385E-02,9.610741220571E-02,0.150245967925,0.198757266428
    ,0.360185641662,0.535305196912,0.633553122237,0.803861459498,
    0.890170288478,1.),.UNSPECIFIED.);
#6771 = CARTESIAN_POINT('',(1.27645E+04,185.29372137669,75.));
#6772 = CARTESIAN_POINT('',(1.27645E+04,185.29372137669,75.175144910485)
  );
#6773 = CARTESIAN_POINT('',(1.27644961256E+04,185.28357703909,
    75.349805818763));
#6774 = CARTESIAN_POINT('',(1.276448841492E+04,185.26339482613,
    75.522602658355));
#6775 = CARTESIAN_POINT('',(1.276447710349E+04,185.23368591443,
    75.692160526753));
#6776 = CARTESIAN_POINT('',(1.276446260685E+04,185.1953741588,
    75.857113042275));
#6777 = CARTESIAN_POINT('',(1.276443390974E+04,185.11891538825,
    76.123875294161));
#6778 = CARTESIAN_POINT('',(1.276442109569E+04,185.08463164658,
    76.229117020653));
#6779 = CARTESIAN_POINT('',(1.276440719094E+04,185.04723898242,
    76.331766520658));
#6780 = CARTESIAN_POINT('',(1.276439232542E+04,185.00702040343,
    76.431768165836));
#6781 = CARTESIAN_POINT('',(1.276437662748E+04,184.9642564228,
    76.529075006554));
#6782 = CARTESIAN_POINT('',(1.276433734784E+04,184.85643624831,
    76.755519431357));
#6783 = CARTESIAN_POINT('',(1.276431308523E+04,184.78920353023,
    76.882152481496));
#6784 = CARTESIAN_POINT('',(1.276428772215E+04,184.71813673021,
    77.003716886444));
#6785 = CARTESIAN_POINT('',(1.27642615053E+04,184.64374991942,
    77.120403541348));
#6786 = CARTESIAN_POINT('',(1.276423464154E+04,184.56646194361,
    77.232424288202));
#6787 = CARTESIAN_POINT('',(1.276418279785E+04,184.41503203749,
    77.436414929072));
#6788 = CARTESIAN_POINT('',(1.2764157907E+04,184.3413823728,
    77.529279763665));
#6789 = CARTESIAN_POINT('',(1.276413275058E+04,184.26588900117,
    77.61875334348));
#6790 = CARTESIAN_POINT('',(1.276410743273E+04,184.1887459197,
    77.704985011637));
#6791 = CARTESIAN_POINT('',(1.276408203907E+04,184.11009889261,
    77.788125481063));
#6792 = CARTESIAN_POINT('',(1.276397211463E+04,183.76365370023,
    78.135207948918));
#6793 = CARTESIAN_POINT('',(1.276388725033E+04,183.48085129813,
    78.370375139284));
#6794 = CARTESIAN_POINT('',(1.276380525844E+04,183.18711972916,
    78.576929650021));
#6795 = CARTESIAN_POINT('',(1.276372807732E+04,182.88498909991,
    78.757762404065));
#6796 = CARTESIAN_POINT('',(1.276365708937E+04,182.57501595038,
    78.914947641122));
#6797 = CARTESIAN_POINT('',(1.276352525391E+04,181.9114899591,
    79.194752574635));
#6798 = CARTESIAN_POINT('',(1.276346593232E+04,181.55725956133,
    79.312977909564));
#6799 = CARTESIAN_POINT('',(1.276341824422E+04,181.19581211923,
    79.403976637464));
#6800 = CARTESIAN_POINT('',(1.276338439688E+04,180.82843775958,
    79.466912831942));
#6801 = CARTESIAN_POINT('',(1.276336660027E+04,180.45631346082,79.5));
#6802 = CARTESIAN_POINT('',(1.276336660027E+04,179.87034920858,79.5));
#6803 = CARTESIAN_POINT('',(1.27633722018E+04,179.65880975759,
    79.489585506673));
#6804 = CARTESIAN_POINT('',(1.276338370442E+04,179.44693766472,
    79.468199003197));
#6805 = CARTESIAN_POINT('',(1.276340129915E+04,179.2353363593,
    79.43525320434));
#6806 = CARTESIAN_POINT('',(1.276342503585E+04,179.02462788292,
    79.390105757036));
#6807 = CARTESIAN_POINT('',(1.276350636876E+04,178.45293180025,
    79.231369072935));
#6808 = CARTESIAN_POINT('',(1.276357605622E+04,178.09489071553,
    79.09181739476));
#6809 = CARTESIAN_POINT('',(1.276366300339E+04,177.74649543385,
    78.909995662101));
#6810 = CARTESIAN_POINT('',(1.276376425493E+04,177.41311923147,
    78.682918744894));
#6811 = CARTESIAN_POINT('',(1.276387423933E+04,177.10081038584,
    78.40807239665));
#6812 = CARTESIAN_POINT('',(1.276404163563E+04,176.67327452003,
    77.920427111981));
#6813 = CARTESIAN_POINT('',(1.276409823552E+04,176.53678141344,
    77.743845744553));
#6814 = CARTESIAN_POINT('',(1.276415406993E+04,176.4087628715,
    77.554766043865));
#6815 = CARTESIAN_POINT('',(1.276420794154E+04,176.29039604062,
    77.353438219465));
#6816 = CARTESIAN_POINT('',(1.276425859293E+04,176.18287185246,
    77.140303508515));
#6817 = CARTESIAN_POINT('',(1.276436355239E+04,175.96592129511,
    76.630584778632));
#6818 = CARTESIAN_POINT('',(1.276441527974E+04,175.86358128565,
    76.326193380961));
#6819 = CARTESIAN_POINT('',(1.276445682867E+04,175.7841241255,
    76.006304114735));
#6820 = CARTESIAN_POINT('',(1.276448555397E+04,175.73008010402,
    75.675314710834));
#6821 = CARTESIAN_POINT('',(1.27645E+04,175.70290024492,75.338178418859)
  );
#6822 = CARTESIAN_POINT('',(1.27645E+04,175.70290024492,75.));
#6823 = PCURVE('',#6719,#6824);
#6824 = DEFINITIONAL_REPRESENTATION('',(#6825),#6878);
#6825 = B_SPLINE_CURVE_WITH_KNOTS('',6,(#6826,#6827,#6828,#6829,#6830,
    #6831,#6832,#6833,#6834,#6835,#6836,#6837,#6838,#6839,#6840,#6841,
    #6842,#6843,#6844,#6845,#6846,#6847,#6848,#6849,#6850,#6851,#6852,
    #6853,#6854,#6855,#6856,#6857,#6858,#6859,#6860,#6861,#6862,#6863,
    #6864,#6865,#6866,#6867,#6868,#6869,#6870,#6871,#6872,#6873,#6874,
    #6875,#6876,#6877),.UNSPECIFIED.,.F.,.F.,(7,5,5,5,5,5,5,5,5,5,7),(0.
    ,5.728086666385E-02,9.610741220571E-02,0.150245967925,0.198757266428
    ,0.360185641662,0.535305196912,0.633553122237,0.803861459498,
    0.890170288478,1.),.UNSPECIFIED.);
#6826 = CARTESIAN_POINT('',(0.,11.780739122581));
#6827 = CARTESIAN_POINT('',(3.892109121898E-02,11.780739122581));
#6828 = CARTESIAN_POINT('',(7.773462295502E-02,11.773597930478));
#6829 = CARTESIAN_POINT('',(0.116240056614,11.759388116773));
#6830 = CARTESIAN_POINT('',(0.154235021492,11.738507342867));
#6831 = CARTESIAN_POINT('',(0.19149707575,11.711664784832));
#6832 = CARTESIAN_POINT('',(0.252349179916,11.658314522484));
#6833 = CARTESIAN_POINT('',(0.276524353589,11.634442816609));
#6834 = CARTESIAN_POINT('',(0.300292561987,11.608473288362));
#6835 = CARTESIAN_POINT('',(0.323653023204,11.580625649193));
#6836 = CARTESIAN_POINT('',(0.346602822807,11.551117297667));
#6837 = CARTESIAN_POINT('',(0.400558299729,11.476999217811));
#6838 = CARTESIAN_POINT('',(0.431189819767,11.430998424224));
#6839 = CARTESIAN_POINT('',(0.46108459074,11.38264004147));
#6840 = CARTESIAN_POINT('',(0.490292376082,11.33233323741));
#6841 = CARTESIAN_POINT('',(0.518863711631,11.280416840821));
#6842 = CARTESIAN_POINT('',(0.571934565053,11.179438983203));
#6843 = CARTESIAN_POINT('',(0.596554113202,11.130631215706));
#6844 = CARTESIAN_POINT('',(0.620747653412,11.080937132009));
#6845 = CARTESIAN_POINT('',(0.644549888184,11.030521488782));
#6846 = CARTESIAN_POINT('',(0.66799672086,10.979515006652));
#6847 = CARTESIAN_POINT('',(0.768096158633,10.756645156799));
#6848 = CARTESIAN_POINT('',(0.841800054817,10.57928396968));
#6849 = CARTESIAN_POINT('',(0.913016730128,10.400841584486));
#6850 = CARTESIAN_POINT('',(0.982480906784,10.224011250429));
#6851 = CARTESIAN_POINT('',(1.050978797872,10.050282515954));
#6852 = CARTESIAN_POINT('',(1.193500773457,9.697281480387));
#6853 = CARTESIAN_POINT('',(1.267332088584,9.519206959545));
#6854 = CARTESIAN_POINT('',(1.341413875244,9.349555367034));
#6855 = CARTESIAN_POINT('',(1.416285648595,9.190843800634));
#6856 = CARTESIAN_POINT('',(1.492519516282,9.0455528158));
#6857 = CARTESIAN_POINT('',(1.614712234546,8.843067922866));
#6858 = CARTESIAN_POINT('',(1.659255111585,8.77522514762));
#6859 = CARTESIAN_POINT('',(1.704473556928,8.712804981513));
#6860 = CARTESIAN_POINT('',(1.750429235601,8.656195214985));
#6861 = CARTESIAN_POINT('',(1.797199134925,8.605657574033));
#6862 = CARTESIAN_POINT('',(1.927526667484,8.484425744069));
#6863 = CARTESIAN_POINT('',(2.012948358363,8.426096146041));
#6864 = CARTESIAN_POINT('',(2.101268197337,8.387296198043));
#6865 = CARTESIAN_POINT('',(2.192725551127,8.367109401496));
#6866 = CARTESIAN_POINT('',(2.287626857988,8.362397503262));
#6867 = CARTESIAN_POINT('',(2.436452553023,8.371743102855));
#6868 = CARTESIAN_POINT('',(2.487513588808,8.377689933523));
#6869 = CARTESIAN_POINT('',(2.539571247262,8.385846897442));
#6870 = CARTESIAN_POINT('',(2.592624572308,8.395497212435));
#6871 = CARTESIAN_POINT('',(2.646683231929,8.405872449035));
#6872 = CARTESIAN_POINT('',(2.771868291941,8.429397014283));
#6873 = CARTESIAN_POINT('',(2.843850996621,8.442573361773));
#6874 = CARTESIAN_POINT('',(2.917205471141,8.454105673013));
#6875 = CARTESIAN_POINT('',(2.991522733564,8.462386043949));
#6876 = CARTESIAN_POINT('',(3.066441893843,8.466549933392));
#6877 = CARTESIAN_POINT('',(3.14159265359,8.466549933392));
#6878 = ( GEOMETRIC_REPRESENTATION_CONTEXT(2) 
PARAMETRIC_REPRESENTATION_CONTEXT() REPRESENTATION_CONTEXT('2D SPACE',''
  ) );
#6879 = PCURVE('',#6880,#6885);
#6880 = CYLINDRICAL_SURFACE('',#6881,9.5);
#6881 = AXIS2_PLACEMENT_3D('',#6882,#6883,#6884);
#6882 = CARTESIAN_POINT('',(1.2755E+04,193.,75.));
#6883 = DIRECTION('',(0.,-1.,2.22044604925E-16));
#6884 = DIRECTION('',(1.,0.,0.));
#6885 = DEFINITIONAL_REPRESENTATION('',(#6886),#6939);
#6886 = B_SPLINE_CURVE_WITH_KNOTS('',6,(#6887,#6888,#6889,#6890,#6891,
    #6892,#6893,#6894,#6895,#6896,#6897,#6898,#6899,#6900,#6901,#6902,
    #6903,#6904,#6905,#6906,#6907,#6908,#6909,#6910,#6911,#6912,#6913,
    #6914,#6915,#6916,#6917,#6918,#6919,#6920,#6921,#6922,#6923,#6924,
    #6925,#6926,#6927,#6928,#6929,#6930,#6931,#6932,#6933,#6934,#6935,
    #6936,#6937,#6938),.UNSPECIFIED.,.F.,.F.,(7,5,5,5,5,5,5,5,5,5,7),(0.
    ,5.728086666385E-02,9.610741220571E-02,0.150245967925,0.198757266428
    ,0.360185641662,0.535305196912,0.633553122237,0.803861459498,
    0.890170288478,1.),.UNSPECIFIED.);
#6887 = CARTESIAN_POINT('',(0.,7.706278623301));
#6888 = CARTESIAN_POINT('',(1.843630636689E-02,7.706278623301));
#6889 = CARTESIAN_POINT('',(3.682164612634E-02,7.716422960905));
#6890 = CARTESIAN_POINT('',(5.502211569378E-02,7.736605173866));
#6891 = CARTESIAN_POINT('',(7.290380811664E-02,7.766314085569));
#6892 = CARTESIAN_POINT('',(9.033085830167E-02,7.804625841193));
#6893 = CARTESIAN_POINT('',(0.118573107388,7.881084611744));
#6894 = CARTESIAN_POINT('',(0.129731904557,7.915368353412));
#6895 = CARTESIAN_POINT('',(0.140634356319,7.952761017571));
#6896 = CARTESIAN_POINT('',(0.151275259261,7.992979596569));
#6897 = CARTESIAN_POINT('',(0.161649792753,8.035743577197));
#6898 = CARTESIAN_POINT('',(0.185841998156,8.14356375169));
#6899 = CARTESIAN_POINT('',(0.19941216701,8.210796469762));
#6900 = CARTESIAN_POINT('',(0.212481464587,8.281863269781));
#6901 = CARTESIAN_POINT('',(0.225068461835,8.35625008058));
#6902 = CARTESIAN_POINT('',(0.237193333958,8.433538056383));
#6903 = CARTESIAN_POINT('',(0.25934865317,8.58496796251));
#6904 = CARTESIAN_POINT('',(0.269468090889,8.658617627199));
#6905 = CARTESIAN_POINT('',(0.279250499386,8.734110998821));
#6906 = CARTESIAN_POINT('',(0.288709802112,8.811254080296));
#6907 = CARTESIAN_POINT('',(0.297860055476,8.889901107389));
#6908 = CARTESIAN_POINT('',(0.336183597472,9.236346299763));
#6909 = CARTESIAN_POINT('',(0.362479963185,9.519148701864));
#6910 = CARTESIAN_POINT('',(0.385859523967,9.812880270832));
#6911 = CARTESIAN_POINT('',(0.40654838823,10.115010900088));
#6912 = CARTESIAN_POINT('',(0.424700985938,10.424984049611));
#6913 = CARTESIAN_POINT('',(0.457259714274,11.088510040898));
#6914 = CARTESIAN_POINT('',(0.471178977161,11.442740438661));
#6915 = CARTESIAN_POINT('',(0.481992456363,11.804187880764));
#6916 = CARTESIAN_POINT('',(0.489514707971,12.171562240416));
#6917 = CARTESIAN_POINT('',(0.493469394633,12.543686539175));
#6918 = CARTESIAN_POINT('',(0.493469394633,13.129650791413));
#6919 = CARTESIAN_POINT('',(0.492224651512,13.341190242408));
#6920 = CARTESIAN_POINT('',(0.489668405804,13.553062335274));
#6921 = CARTESIAN_POINT('',(0.485736934105,13.764663640694));
#6922 = CARTESIAN_POINT('',(0.480368036926,13.975372117078));
#6923 = CARTESIAN_POINT('',(0.461593274309,14.547068199749));
#6924 = CARTESIAN_POINT('',(0.445174862517,14.905109284463));
#6925 = CARTESIAN_POINT('',(0.42396457447,15.253504566148));
#6926 = CARTESIAN_POINT('',(0.397811630512,15.586880768529));
#6927 = CARTESIAN_POINT('',(0.366688998571,15.899189614156));
#6928 = CARTESIAN_POINT('',(0.312417755557,16.326725479967));
#6929 = CARTESIAN_POINT('',(0.292902790456,16.463218586552));
#6930 = CARTESIAN_POINT('',(0.272158864668,16.5912371285));
#6931 = CARTESIAN_POINT('',(0.25023291328,16.70960395938));
#6932 = CARTESIAN_POINT('',(0.227183432012,16.81712814754));
#6933 = CARTESIAN_POINT('',(0.172403118237,17.034078704882));
#6934 = CARTESIAN_POINT('',(0.139922129322,17.136418714345));
#6935 = CARTESIAN_POINT('',(0.106007731478,17.215875874495));
#6936 = CARTESIAN_POINT('',(7.108581252914E-02,17.269919895971));
#6937 = CARTESIAN_POINT('',(3.559772830099E-02,17.297099755078));
#6938 = CARTESIAN_POINT('',(0.,17.297099755078));
#6939 = ( GEOMETRIC_REPRESENTATION_CONTEXT(2) 
PARAMETRIC_REPRESENTATION_CONTEXT() REPRESENTATION_CONTEXT('2D SPACE',''
  ) );
#6940 = ORIENTED_EDGE('',*,*,#6941,.T.);
#6941 = EDGE_CURVE('',#6767,#6709,#6942,.T.);
#6942 = SURFACE_CURVE('',#6943,(#6996,#7052),.PCURVE_S1.);
#6943 = B_SPLINE_CURVE_WITH_KNOTS('',6,(#6944,#6945,#6946,#6947,#6948,
    #6949,#6950,#6951,#6952,#6953,#6954,#6955,#6956,#6957,#6958,#6959,
    #6960,#6961,#6962,#6963,#6964,#6965,#6966,#6967,#6968,#6969,#6970,
    #6971,#6972,#6973,#6974,#6975,#6976,#6977,#6978,#6979,#6980,#6981,
    #6982,#6983,#6984,#6985,#6986,#6987,#6988,#6989,#6990,#6991,#6992,
    #6993,#6994,#6995),.UNSPECIFIED.,.F.,.F.,(7,5,5,5,5,5,5,5,5,5,7),(0.
    ,0.109827297653,0.195919329356,0.366303629301,0.464688782999,
    0.6400613711,0.80161798638,0.849628952221,0.903891105584,
    0.942718249926,1.),.UNSPECIFIED.);
#6944 = CARTESIAN_POINT('',(1.27645E+04,175.70290024492,75.));
#6945 = CARTESIAN_POINT('',(1.27645E+04,175.70290024492,74.661821581141)
  );
#6946 = CARTESIAN_POINT('',(1.276448555397E+04,175.73008010402,
    74.324685289166));
#6947 = CARTESIAN_POINT('',(1.276445682867E+04,175.7841241255,
    73.993695885266));
#6948 = CARTESIAN_POINT('',(1.276441527974E+04,175.86358128565,
    73.673806619039));
#6949 = CARTESIAN_POINT('',(1.276436355239E+04,175.96592129511,
    73.369415221368));
#6950 = CARTESIAN_POINT('',(1.276425870793E+04,176.18263414406,
    72.860254980116));
#6951 = CARTESIAN_POINT('',(1.276420819452E+04,176.28985905142,
    72.647626986318));
#6952 = CARTESIAN_POINT('',(1.276415447448E+04,176.40787416144,
    72.446746740663));
#6953 = CARTESIAN_POINT('',(1.276409879535E+04,176.53549808212,
    72.25805088751));
#6954 = CARTESIAN_POINT('',(1.276404234523E+04,176.67156364535,
    72.081787490629));
#6955 = CARTESIAN_POINT('',(1.276387502695E+04,177.09860026273,
    71.593933448968));
#6956 = CARTESIAN_POINT('',(1.276376494798E+04,177.4109198469,
    71.318682447567));
#6957 = CARTESIAN_POINT('',(1.27636635826E+04,177.74435349055,
    71.091253092612));
#6958 = CARTESIAN_POINT('',(1.276357651642E+04,178.09284630222,
    70.909129334141));
#6959 = CARTESIAN_POINT('',(1.276350671749E+04,178.45101722541,
    70.769325995752));
#6960 = CARTESIAN_POINT('',(1.27634252029E+04,179.02314590392,
    70.610211962152));
#6961 = CARTESIAN_POINT('',(1.276340139821E+04,179.23414598955,
    70.564932270422));
#6962 = CARTESIAN_POINT('',(1.276338375303E+04,179.44604342004,
    70.53189138138));
#6963 = CARTESIAN_POINT('',(1.276337221762E+04,179.658213941,
    70.510443896644));
#6964 = CARTESIAN_POINT('',(1.276336660027E+04,179.87005214864,70.5));
#6965 = CARTESIAN_POINT('',(1.276336660027E+04,180.45686102552,70.5));
#6966 = CARTESIAN_POINT('',(1.276338444884E+04,180.82952159117,
    70.533183772145));
#6967 = CARTESIAN_POINT('',(1.276341839211E+04,181.19741516913,
    70.596298363283));
#6968 = CARTESIAN_POINT('',(1.276346620981E+04,181.5593615005,
    70.687551637821));
#6969 = CARTESIAN_POINT('',(1.276352568547E+04,181.91406590307,
    70.806107519666));
#6970 = CARTESIAN_POINT('',(1.276365780276E+04,182.57823092249,
    71.086618345277));
#6971 = CARTESIAN_POINT('',(1.27637289031E+04,182.8883695248,
    71.244129718431));
#6972 = CARTESIAN_POINT('',(1.276380619116E+04,183.19063743829,
    71.425326494736));
#6973 = CARTESIAN_POINT('',(1.276388828353E+04,183.48448393867,
    71.632297733378));
#6974 = CARTESIAN_POINT('',(1.276397323793E+04,183.76737242246,
    71.867956149997));
#6975 = CARTESIAN_POINT('',(1.276408296559E+04,184.11296430674,
    72.214917211286));
#6976 = CARTESIAN_POINT('',(1.276410809467E+04,184.19075618494,
    72.297287322449));
#6977 = CARTESIAN_POINT('',(1.27641331476E+04,184.26707159211,
    72.382687835877));
#6978 = CARTESIAN_POINT('',(1.27641580412E+04,184.3417688363,
    72.471264998608));
#6979 = CARTESIAN_POINT('',(1.276418267452E+04,184.41465989067,
    72.563163725946));
#6980 = CARTESIAN_POINT('',(1.276423433743E+04,184.56558696208,
    72.766307937687));
#6981 = CARTESIAN_POINT('',(1.276426126787E+04,184.64307620975,
    72.878539970362));
#6982 = CARTESIAN_POINT('',(1.276428754982E+04,184.71765386304,
    72.995457368682));
#6983 = CARTESIAN_POINT('',(1.276431297528E+04,184.78889883328,
    73.117273730574));
#6984 = CARTESIAN_POINT('',(1.276433729597E+04,184.85629387132,
    73.244181547842));
#6985 = CARTESIAN_POINT('',(1.276437662748E+04,184.9642564228,
    73.470924993446));
#6986 = CARTESIAN_POINT('',(1.276439232542E+04,185.00702040343,
    73.568231834164));
#6987 = CARTESIAN_POINT('',(1.276440719094E+04,185.04723898242,
    73.668233479342));
#6988 = CARTESIAN_POINT('',(1.276442109569E+04,185.08463164658,
    73.770882979347));
#6989 = CARTESIAN_POINT('',(1.276443390974E+04,185.11891538825,
    73.876124705839));
#6990 = CARTESIAN_POINT('',(1.276446260685E+04,185.1953741588,
    74.142886957725));
#6991 = CARTESIAN_POINT('',(1.276447710349E+04,185.23368591443,
    74.307839473247));
#6992 = CARTESIAN_POINT('',(1.276448841492E+04,185.26339482613,
    74.477397341645));
#6993 = CARTESIAN_POINT('',(1.27644961256E+04,185.28357703909,
    74.650194181237));
#6994 = CARTESIAN_POINT('',(1.27645E+04,185.29372137669,74.824855089515)
  );
#6995 = CARTESIAN_POINT('',(1.27645E+04,185.29372137669,75.));
#6996 = PCURVE('',#6719,#6997);
#6997 = DEFINITIONAL_REPRESENTATION('',(#6998),#7051);
#6998 = B_SPLINE_CURVE_WITH_KNOTS('',6,(#6999,#7000,#7001,#7002,#7003,
    #7004,#7005,#7006,#7007,#7008,#7009,#7010,#7011,#7012,#7013,#7014,
    #7015,#7016,#7017,#7018,#7019,#7020,#7021,#7022,#7023,#7024,#7025,
    #7026,#7027,#7028,#7029,#7030,#7031,#7032,#7033,#7034,#7035,#7036,
    #7037,#7038,#7039,#7040,#7041,#7042,#7043,#7044,#7045,#7046,#7047,
    #7048,#7049,#7050),.UNSPECIFIED.,.F.,.F.,(7,5,5,5,5,5,5,5,5,5,7),(0.
    ,0.109827297653,0.195919329356,0.366303629301,0.464688782999,
    0.6400613711,0.80161798638,0.849628952221,0.903891105584,
    0.942718249926,1.),.UNSPECIFIED.);
#6999 = CARTESIAN_POINT('',(3.14159265359,8.466549933392));
#7000 = CARTESIAN_POINT('',(3.216743413336,8.466549933392));
#7001 = CARTESIAN_POINT('',(3.291662573616,8.462386043949));
#7002 = CARTESIAN_POINT('',(3.365979836039,8.454105673013));
#7003 = CARTESIAN_POINT('',(3.439334310559,8.442573361773));
#7004 = CARTESIAN_POINT('',(3.511317015239,8.429397014283));
#7005 = CARTESIAN_POINT('',(3.63636491248,8.405898224431));
#7006 = CARTESIAN_POINT('',(3.690290601562,8.39554905197));
#7007 = CARTESIAN_POINT('',(3.743215502908,8.385919428166));
#7008 = CARTESIAN_POINT('',(3.795149647473,8.377771813282));
#7009 = CARTESIAN_POINT('',(3.846092505962,8.371817775657));
#7010 = CARTESIAN_POINT('',(3.994876554941,8.362372875936));
#7011 = CARTESIAN_POINT('',(4.089841057538,8.366999738066));
#7012 = CARTESIAN_POINT('',(4.181357028966,8.387099558229));
#7013 = CARTESIAN_POINT('',(4.269732251561,8.42582152858));
#7014 = CARTESIAN_POINT('',(4.355206697982,8.484091389932));
#7015 = CARTESIAN_POINT('',(4.485657211717,8.605302216049));
#7016 = CARTESIAN_POINT('',(4.532497535082,8.655876821187));
#7017 = CARTESIAN_POINT('',(4.578520889761,8.712541584064));
#7018 = CARTESIAN_POINT('',(4.623804735344,8.775034100205));
#7019 = CARTESIAN_POINT('',(4.668411125916,8.842965271295));
#7020 = CARTESIAN_POINT('',(4.790779976052,9.045742031404));
#7021 = CARTESIAN_POINT('',(4.867121686855,9.191267091413));
#7022 = CARTESIAN_POINT('',(4.942098131168,9.350248089226));
#7023 = CARTESIAN_POINT('',(5.016284047858,9.520193698169));
#7024 = CARTESIAN_POINT('',(5.090221436196,9.698576593255));
#7025 = CARTESIAN_POINT('',(5.232912312056,10.052062916952));
#7026 = CARTESIAN_POINT('',(5.301468772405,10.225954287845));
#7027 = CARTESIAN_POINT('',(5.370995347373,10.402932427191));
#7028 = CARTESIAN_POINT('',(5.44228283401,10.581508816488));
#7029 = CARTESIAN_POINT('',(5.516070197975,10.758984293071));
#7030 = CARTESIAN_POINT('',(5.616045116036,10.981374619989));
#7031 = CARTESIAN_POINT('',(5.639260021018,11.03183731602));
#7032 = CARTESIAN_POINT('',(5.662823654447,11.081718346037));
#7033 = CARTESIAN_POINT('',(5.686770861524,11.130890697254));
#7034 = CARTESIAN_POINT('',(5.711135332783,11.179194658253));
#7035 = CARTESIAN_POINT('',(5.763998218507,11.279829107341));
#7036 = CARTESIAN_POINT('',(5.792628464792,11.331877627742));
#7037 = CARTESIAN_POINT('',(5.821897641272,11.382311473364));
#7038 = CARTESIAN_POINT('',(5.851856688551,11.430789949994));
#7039 = CARTESIAN_POINT('',(5.88255575902,11.47690134458));
#7040 = CARTESIAN_POINT('',(5.936582484373,11.551117297667));
#7041 = CARTESIAN_POINT('',(5.959532283975,11.580625649193));
#7042 = CARTESIAN_POINT('',(5.982892745192,11.608473288362));
#7043 = CARTESIAN_POINT('',(6.006660953591,11.634442816609));
#7044 = CARTESIAN_POINT('',(6.030836127264,11.658314522484));
#7045 = CARTESIAN_POINT('',(6.09168823143,11.711664784832));
#7046 = CARTESIAN_POINT('',(6.128950285688,11.738507342867));
#7047 = CARTESIAN_POINT('',(6.166945250566,11.759388116773));
#7048 = CARTESIAN_POINT('',(6.205450684225,11.773597930478));
#7049 = CARTESIAN_POINT('',(6.244264215961,11.780739122581));
#7050 = CARTESIAN_POINT('',(6.28318530718,11.780739122581));
#7051 = ( GEOMETRIC_REPRESENTATION_CONTEXT(2) 
PARAMETRIC_REPRESENTATION_CONTEXT() REPRESENTATION_CONTEXT('2D SPACE',''
  ) );
#7052 = PCURVE('',#6880,#7053);
#7053 = DEFINITIONAL_REPRESENTATION('',(#7054),#7107);
#7054 = B_SPLINE_CURVE_WITH_KNOTS('',6,(#7055,#7056,#7057,#7058,#7059,
    #7060,#7061,#7062,#7063,#7064,#7065,#7066,#7067,#7068,#7069,#7070,
    #7071,#7072,#7073,#7074,#7075,#7076,#7077,#7078,#7079,#7080,#7081,
    #7082,#7083,#7084,#7085,#7086,#7087,#7088,#7089,#7090,#7091,#7092,
    #7093,#7094,#7095,#7096,#7097,#7098,#7099,#7100,#7101,#7102,#7103,
    #7104,#7105,#7106),.UNSPECIFIED.,.F.,.F.,(7,5,5,5,5,5,5,5,5,5,7),(0.
    ,0.109827297653,0.195919329356,0.366303629301,0.464688782999,
    0.6400613711,0.80161798638,0.849628952221,0.903891105584,
    0.942718249926,1.),.UNSPECIFIED.);
#7055 = CARTESIAN_POINT('',(6.28318530718,17.297099755078));
#7056 = CARTESIAN_POINT('',(6.247587578879,17.297099755078));
#7057 = CARTESIAN_POINT('',(6.21209949465,17.269919895971));
#7058 = CARTESIAN_POINT('',(6.177177575702,17.215875874495));
#7059 = CARTESIAN_POINT('',(6.143263177858,17.136418714345));
#7060 = CARTESIAN_POINT('',(6.110782188943,17.034078704882));
#7061 = CARTESIAN_POINT('',(6.056061896863,16.817365855932));
#7062 = CARTESIAN_POINT('',(6.033067587198,16.710140948574));
#7063 = CARTESIAN_POINT('',(6.011191189151,16.592125838552));
#7064 = CARTESIAN_POINT('',(5.990490589335,16.464501917879));
#7065 = CARTESIAN_POINT('',(5.97101229072,16.328436354642));
#7066 = CARTESIAN_POINT('',(5.916722928374,15.901399737261));
#7067 = CARTESIAN_POINT('',(5.885557203361,15.589080153091));
#7068 = CARTESIAN_POINT('',(5.859365582361,15.255646509441));
#7069 = CARTESIAN_POINT('',(5.838121237146,14.907153697775));
#7070 = CARTESIAN_POINT('',(5.821673887209,14.548982774586));
#7071 = CARTESIAN_POINT('',(5.802855052886,13.976854096079));
#7072 = CARTESIAN_POINT('',(5.797470506145,13.765854010441));
#7073 = CARTESIAN_POINT('',(5.793527704676,13.553956579958));
#7074 = CARTESIAN_POINT('',(5.790964169833,13.341786058994));
#7075 = CARTESIAN_POINT('',(5.789715912546,13.129947851357));
#7076 = CARTESIAN_POINT('',(5.789715912546,12.543138974476));
#7077 = CARTESIAN_POINT('',(5.793682145831,12.17047840883));
#7078 = CARTESIAN_POINT('',(5.801225718882,11.802584830865));
#7079 = CARTESIAN_POINT('',(5.812069255723,11.440638499496));
#7080 = CARTESIAN_POINT('',(5.826026855597,11.08593409693));
#7081 = CARTESIAN_POINT('',(5.858665445778,10.421769077504));
#7082 = CARTESIAN_POINT('',(5.87685418714,10.111630475192));
#7083 = CARTESIAN_POINT('',(5.897582664257,9.809362561709));
#7084 = CARTESIAN_POINT('',(5.921006834729,9.515516061327));
#7085 = CARTESIAN_POINT('',(5.947354926991,9.232627577538));
#7086 = CARTESIAN_POINT('',(5.98566003509,8.887035693257));
#7087 = CARTESIAN_POINT('',(5.994724612809,8.809243815057));
#7088 = CARTESIAN_POINT('',(6.004092137287,8.73292840789));
#7089 = CARTESIAN_POINT('',(6.013776251896,8.658231163694));
#7090 = CARTESIAN_POINT('',(6.023790470747,8.585340109321));
#7091 = CARTESIAN_POINT('',(6.045854750142,8.434413037917));
#7092 = CARTESIAN_POINT('',(6.05800288054,8.356923790247));
#7093 = CARTESIAN_POINT('',(6.070615066511,8.282346136956));
#7094 = CARTESIAN_POINT('',(6.083711651839,8.211101166718));
#7095 = CARTESIAN_POINT('',(6.097311363116,8.143706128677));
#7096 = CARTESIAN_POINT('',(6.121535514427,8.035743577197));
#7097 = CARTESIAN_POINT('',(6.131910047919,7.992979596569));
#7098 = CARTESIAN_POINT('',(6.14255095086,7.952761017571));
#7099 = CARTESIAN_POINT('',(6.153453402623,7.915368353412));
#7100 = CARTESIAN_POINT('',(6.164612199791,7.881084611744));
#7101 = CARTESIAN_POINT('',(6.192854448878,7.804625841193));
#7102 = CARTESIAN_POINT('',(6.210281499063,7.766314085569));
#7103 = CARTESIAN_POINT('',(6.228163191486,7.736605173866));
#7104 = CARTESIAN_POINT('',(6.246363661053,7.716422960905));
#7105 = CARTESIAN_POINT('',(6.264749000813,7.706278623301));
#7106 = CARTESIAN_POINT('',(6.28318530718,7.706278623301));
#7107 = ( GEOMETRIC_REPRESENTATION_CONTEXT(2) 
PARAMETRIC_REPRESENTATION_CONTEXT() REPRESENTATION_CONTEXT('2D SPACE',''
  ) );
#7108 = ADVANCED_FACE('',(#7109),#6880,.T.);
#7109 = FACE_BOUND('',#7110,.T.);
#7110 = EDGE_LOOP('',(#7111,#7134,#7161,#7162,#7163,#7186,#7213,#7214));
#7111 = ORIENTED_EDGE('',*,*,#7112,.T.);
#7112 = EDGE_CURVE('',#6767,#7113,#7115,.T.);
#7113 = VERTEX_POINT('',#7114);
#7114 = CARTESIAN_POINT('',(1.27645E+04,171.,75.));
#7115 = SEAM_CURVE('',#7116,(#7120,#7127),.PCURVE_S1.);
#7116 = LINE('',#7117,#7118);
#7117 = CARTESIAN_POINT('',(1.27645E+04,193.,75.));
#7118 = VECTOR('',#7119,1.);
#7119 = DIRECTION('',(0.,-1.,2.22044604925E-16));
#7120 = PCURVE('',#6880,#7121);
#7121 = DEFINITIONAL_REPRESENTATION('',(#7122),#7126);
#7122 = LINE('',#7123,#7124);
#7123 = CARTESIAN_POINT('',(6.28318530718,-0.));
#7124 = VECTOR('',#7125,1.);
#7125 = DIRECTION('',(0.,1.));
#7126 = ( GEOMETRIC_REPRESENTATION_CONTEXT(2) 
PARAMETRIC_REPRESENTATION_CONTEXT() REPRESENTATION_CONTEXT('2D SPACE',''
  ) );
#7127 = PCURVE('',#6880,#7128);
#7128 = DEFINITIONAL_REPRESENTATION('',(#7129),#7133);
#7129 = LINE('',#7130,#7131);
#7130 = CARTESIAN_POINT('',(0.,-0.));
#7131 = VECTOR('',#7132,1.);
#7132 = DIRECTION('',(0.,1.));
#7133 = ( GEOMETRIC_REPRESENTATION_CONTEXT(2) 
PARAMETRIC_REPRESENTATION_CONTEXT() REPRESENTATION_CONTEXT('2D SPACE',''
  ) );
#7134 = ORIENTED_EDGE('',*,*,#7135,.F.);
#7135 = EDGE_CURVE('',#7113,#7113,#7136,.T.);
#7136 = SURFACE_CURVE('',#7137,(#7142,#7149),.PCURVE_S1.);
#7137 = CIRCLE('',#7138,9.5);
#7138 = AXIS2_PLACEMENT_3D('',#7139,#7140,#7141);
#7139 = CARTESIAN_POINT('',(1.2755E+04,171.,75.));
#7140 = DIRECTION('',(0.,-1.,2.22044604925E-16));
#7141 = DIRECTION('',(1.,0.,0.));
#7142 = PCURVE('',#6880,#7143);
#7143 = DEFINITIONAL_REPRESENTATION('',(#7144),#7148);
#7144 = LINE('',#7145,#7146);
#7145 = CARTESIAN_POINT('',(0.,22.));
#7146 = VECTOR('',#7147,1.);
#7147 = DIRECTION('',(1.,0.));
#7148 = ( GEOMETRIC_REPRESENTATION_CONTEXT(2) 
PARAMETRIC_REPRESENTATION_CONTEXT() REPRESENTATION_CONTEXT('2D SPACE',''
  ) );
#7149 = PCURVE('',#7150,#7155);
#7150 = PLANE('',#7151);
#7151 = AXIS2_PLACEMENT_3D('',#7152,#7153,#7154);
#7152 = CARTESIAN_POINT('',(1.2755E+04,171.,75.));
#7153 = DIRECTION('',(0.,-1.,2.22044604925E-16));
#7154 = DIRECTION('',(1.,0.,0.));
#7155 = DEFINITIONAL_REPRESENTATION('',(#7156),#7160);
#7156 = CIRCLE('',#7157,9.5);
#7157 = AXIS2_PLACEMENT_2D('',#7158,#7159);
#7158 = CARTESIAN_POINT('',(0.,0.));
#7159 = DIRECTION('',(1.,0.));
#7160 = ( GEOMETRIC_REPRESENTATION_CONTEXT(2) 
PARAMETRIC_REPRESENTATION_CONTEXT() REPRESENTATION_CONTEXT('2D SPACE',''
  ) );
#7161 = ORIENTED_EDGE('',*,*,#7112,.F.);
#7162 = ORIENTED_EDGE('',*,*,#6766,.F.);
#7163 = ORIENTED_EDGE('',*,*,#7164,.F.);
#7164 = EDGE_CURVE('',#7165,#6709,#7167,.T.);
#7165 = VERTEX_POINT('',#7166);
#7166 = CARTESIAN_POINT('',(1.27645E+04,193.,75.));
#7167 = SEAM_CURVE('',#7168,(#7172,#7179),.PCURVE_S1.);
#7168 = LINE('',#7169,#7170);
#7169 = CARTESIAN_POINT('',(1.27645E+04,193.,75.));
#7170 = VECTOR('',#7171,1.);
#7171 = DIRECTION('',(0.,-1.,2.22044604925E-16));
#7172 = PCURVE('',#6880,#7173);
#7173 = DEFINITIONAL_REPRESENTATION('',(#7174),#7178);
#7174 = LINE('',#7175,#7176);
#7175 = CARTESIAN_POINT('',(6.28318530718,-0.));
#7176 = VECTOR('',#7177,1.);
#7177 = DIRECTION('',(0.,1.));
#7178 = ( GEOMETRIC_REPRESENTATION_CONTEXT(2) 
PARAMETRIC_REPRESENTATION_CONTEXT() REPRESENTATION_CONTEXT('2D SPACE',''
  ) );
#7179 = PCURVE('',#6880,#7180);
#7180 = DEFINITIONAL_REPRESENTATION('',(#7181),#7185);
#7181 = LINE('',#7182,#7183);
#7182 = CARTESIAN_POINT('',(0.,-0.));
#7183 = VECTOR('',#7184,1.);
#7184 = DIRECTION('',(0.,1.));
#7185 = ( GEOMETRIC_REPRESENTATION_CONTEXT(2) 
PARAMETRIC_REPRESENTATION_CONTEXT() REPRESENTATION_CONTEXT('2D SPACE',''
  ) );
#7186 = ORIENTED_EDGE('',*,*,#7187,.T.);
#7187 = EDGE_CURVE('',#7165,#7165,#7188,.T.);
#7188 = SURFACE_CURVE('',#7189,(#7194,#7201),.PCURVE_S1.);
#7189 = CIRCLE('',#7190,9.5);
#7190 = AXIS2_PLACEMENT_3D('',#7191,#7192,#7193);
#7191 = CARTESIAN_POINT('',(1.2755E+04,193.,75.));
#7192 = DIRECTION('',(0.,-1.,2.22044604925E-16));
#7193 = DIRECTION('',(1.,0.,0.));
#7194 = PCURVE('',#6880,#7195);
#7195 = DEFINITIONAL_REPRESENTATION('',(#7196),#7200);
#7196 = LINE('',#7197,#7198);
#7197 = CARTESIAN_POINT('',(0.,0.));
#7198 = VECTOR('',#7199,1.);
#7199 = DIRECTION('',(1.,0.));
#7200 = ( GEOMETRIC_REPRESENTATION_CONTEXT(2) 
PARAMETRIC_REPRESENTATION_CONTEXT() REPRESENTATION_CONTEXT('2D SPACE',''
  ) );
#7201 = PCURVE('',#7202,#7207);
#7202 = PLANE('',#7203);
#7203 = AXIS2_PLACEMENT_3D('',#7204,#7205,#7206);
#7204 = CARTESIAN_POINT('',(1.2755E+04,193.,75.));
#7205 = DIRECTION('',(0.,-1.,2.22044604925E-16));
#7206 = DIRECTION('',(1.,0.,0.));
#7207 = DEFINITIONAL_REPRESENTATION('',(#7208),#7212);
#7208 = CIRCLE('',#7209,9.5);
#7209 = AXIS2_PLACEMENT_2D('',#7210,#7211);
#7210 = CARTESIAN_POINT('',(0.,0.));
#7211 = DIRECTION('',(1.,0.));
#7212 = ( GEOMETRIC_REPRESENTATION_CONTEXT(2) 
PARAMETRIC_REPRESENTATION_CONTEXT() REPRESENTATION_CONTEXT('2D SPACE',''
  ) );
#7213 = ORIENTED_EDGE('',*,*,#7164,.T.);
#7214 = ORIENTED_EDGE('',*,*,#6941,.F.);
#7215 = ADVANCED_FACE('',(#7216),#6753,.T.);
#7216 = FACE_BOUND('',#7217,.T.);
#7217 = EDGE_LOOP('',(#7218));
#7218 = ORIENTED_EDGE('',*,*,#6738,.T.);
#7219 = ADVANCED_FACE('',(#7220),#7202,.F.);
#7220 = FACE_BOUND('',#7221,.T.);
#7221 = EDGE_LOOP('',(#7222));
#7222 = ORIENTED_EDGE('',*,*,#7187,.F.);
#7223 = ADVANCED_FACE('',(#7224),#7150,.T.);
#7224 = FACE_BOUND('',#7225,.T.);
#7225 = EDGE_LOOP('',(#7226));
#7226 = ORIENTED_EDGE('',*,*,#7135,.T.);
#7227 = MANIFOLD_SOLID_BREP('',#7228);
#7228 = CLOSED_SHELL('',(#7229,#7317,#7352,#7382));
#7229 = ADVANCED_FACE('',(#7230),#7243,.T.);
#7230 = FACE_BOUND('',#7231,.T.);
#7231 = EDGE_LOOP('',(#7232,#7266,#7289,#7316));
#7232 = ORIENTED_EDGE('',*,*,#7233,.F.);
#7233 = EDGE_CURVE('',#7234,#7234,#7236,.T.);
#7234 = VERTEX_POINT('',#7235);
#7235 = CARTESIAN_POINT('',(1.3101E+04,295.,75.));
#7236 = SURFACE_CURVE('',#7237,(#7242,#7254),.PCURVE_S1.);
#7237 = CIRCLE('',#7238,28.);
#7238 = AXIS2_PLACEMENT_3D('',#7239,#7240,#7241);
#7239 = CARTESIAN_POINT('',(1.3073E+04,295.,75.));
#7240 = DIRECTION('',(0.,-1.,2.22044604925E-16));
#7241 = DIRECTION('',(1.,0.,0.));
#7242 = PCURVE('',#7243,#7248);
#7243 = CYLINDRICAL_SURFACE('',#7244,28.);
#7244 = AXIS2_PLACEMENT_3D('',#7245,#7246,#7247);
#7245 = CARTESIAN_POINT('',(1.3073E+04,305.,75.));
#7246 = DIRECTION('',(0.,-1.,2.22044604925E-16));
#7247 = DIRECTION('',(1.,0.,0.));
#7248 = DEFINITIONAL_REPRESENTATION('',(#7249),#7253);
#7249 = LINE('',#7250,#7251);
#7250 = CARTESIAN_POINT('',(0.,10.));
#7251 = VECTOR('',#7252,1.);
#7252 = DIRECTION('',(1.,0.));
#7253 = ( GEOMETRIC_REPRESENTATION_CONTEXT(2) 
PARAMETRIC_REPRESENTATION_CONTEXT() REPRESENTATION_CONTEXT('2D SPACE',''
  ) );
#7254 = PCURVE('',#7255,#7260);
#7255 = PLANE('',#7256);
#7256 = AXIS2_PLACEMENT_3D('',#7257,#7258,#7259);
#7257 = CARTESIAN_POINT('',(1.3073E+04,295.,75.));
#7258 = DIRECTION('',(0.,-1.,2.22044604925E-16));
#7259 = DIRECTION('',(1.,0.,0.));
#7260 = DEFINITIONAL_REPRESENTATION('',(#7261),#7265);
#7261 = CIRCLE('',#7262,28.);
#7262 = AXIS2_PLACEMENT_2D('',#7263,#7264);
#7263 = CARTESIAN_POINT('',(0.,0.));
#7264 = DIRECTION('',(1.,0.));
#7265 = ( GEOMETRIC_REPRESENTATION_CONTEXT(2) 
PARAMETRIC_REPRESENTATION_CONTEXT() REPRESENTATION_CONTEXT('2D SPACE',''
  ) );
#7266 = ORIENTED_EDGE('',*,*,#7267,.F.);
#7267 = EDGE_CURVE('',#7268,#7234,#7270,.T.);
#7268 = VERTEX_POINT('',#7269);
#7269 = CARTESIAN_POINT('',(1.3101E+04,305.,75.));
#7270 = SEAM_CURVE('',#7271,(#7275,#7282),.PCURVE_S1.);
#7271 = LINE('',#7272,#7273);
#7272 = CARTESIAN_POINT('',(1.3101E+04,305.,75.));
#7273 = VECTOR('',#7274,1.);
#7274 = DIRECTION('',(0.,-1.,2.22044604925E-16));
#7275 = PCURVE('',#7243,#7276);
#7276 = DEFINITIONAL_REPRESENTATION('',(#7277),#7281);
#7277 = LINE('',#7278,#7279);
#7278 = CARTESIAN_POINT('',(6.28318530718,-0.));
#7279 = VECTOR('',#7280,1.);
#7280 = DIRECTION('',(0.,1.));
#7281 = ( GEOMETRIC_REPRESENTATION_CONTEXT(2) 
PARAMETRIC_REPRESENTATION_CONTEXT() REPRESENTATION_CONTEXT('2D SPACE',''
  ) );
#7282 = PCURVE('',#7243,#7283);
#7283 = DEFINITIONAL_REPRESENTATION('',(#7284),#7288);
#7284 = LINE('',#7285,#7286);
#7285 = CARTESIAN_POINT('',(0.,-0.));
#7286 = VECTOR('',#7287,1.);
#7287 = DIRECTION('',(0.,1.));
#7288 = ( GEOMETRIC_REPRESENTATION_CONTEXT(2) 
PARAMETRIC_REPRESENTATION_CONTEXT() REPRESENTATION_CONTEXT('2D SPACE',''
  ) );
#7289 = ORIENTED_EDGE('',*,*,#7290,.T.);
#7290 = EDGE_CURVE('',#7268,#7268,#7291,.T.);
#7291 = SURFACE_CURVE('',#7292,(#7297,#7304),.PCURVE_S1.);
#7292 = CIRCLE('',#7293,28.);
#7293 = AXIS2_PLACEMENT_3D('',#7294,#7295,#7296);
#7294 = CARTESIAN_POINT('',(1.3073E+04,305.,75.));
#7295 = DIRECTION('',(0.,-1.,2.22044604925E-16));
#7296 = DIRECTION('',(1.,0.,0.));
#7297 = PCURVE('',#7243,#7298);
#7298 = DEFINITIONAL_REPRESENTATION('',(#7299),#7303);
#7299 = LINE('',#7300,#7301);
#7300 = CARTESIAN_POINT('',(0.,0.));
#7301 = VECTOR('',#7302,1.);
#7302 = DIRECTION('',(1.,0.));
#7303 = ( GEOMETRIC_REPRESENTATION_CONTEXT(2) 
PARAMETRIC_REPRESENTATION_CONTEXT() REPRESENTATION_CONTEXT('2D SPACE',''
  ) );
#7304 = PCURVE('',#7305,#7310);
#7305 = PLANE('',#7306);
#7306 = AXIS2_PLACEMENT_3D('',#7307,#7308,#7309);
#7307 = CARTESIAN_POINT('',(1.3073E+04,305.,75.));
#7308 = DIRECTION('',(0.,-1.,2.22044604925E-16));
#7309 = DIRECTION('',(1.,0.,0.));
#7310 = DEFINITIONAL_REPRESENTATION('',(#7311),#7315);
#7311 = CIRCLE('',#7312,28.);
#7312 = AXIS2_PLACEMENT_2D('',#7313,#7314);
#7313 = CARTESIAN_POINT('',(0.,0.));
#7314 = DIRECTION('',(1.,0.));
#7315 = ( GEOMETRIC_REPRESENTATION_CONTEXT(2) 
PARAMETRIC_REPRESENTATION_CONTEXT() REPRESENTATION_CONTEXT('2D SPACE',''
  ) );
#7316 = ORIENTED_EDGE('',*,*,#7267,.T.);
#7317 = ADVANCED_FACE('',(#7318,#7321),#7255,.T.);
#7318 = FACE_BOUND('',#7319,.T.);
#7319 = EDGE_LOOP('',(#7320));
#7320 = ORIENTED_EDGE('',*,*,#7233,.T.);
#7321 = FACE_BOUND('',#7322,.T.);
#7322 = EDGE_LOOP('',(#7323));
#7323 = ORIENTED_EDGE('',*,*,#7324,.F.);
#7324 = EDGE_CURVE('',#7325,#7325,#7327,.T.);
#7325 = VERTEX_POINT('',#7326);
#7326 = CARTESIAN_POINT('',(1.3091E+04,295.,75.));
#7327 = SURFACE_CURVE('',#7328,(#7333,#7340),.PCURVE_S1.);
#7328 = CIRCLE('',#7329,18.);
#7329 = AXIS2_PLACEMENT_3D('',#7330,#7331,#7332);
#7330 = CARTESIAN_POINT('',(1.3073E+04,295.,75.));
#7331 = DIRECTION('',(0.,-1.,2.22044604925E-16));
#7332 = DIRECTION('',(1.,0.,0.));
#7333 = PCURVE('',#7255,#7334);
#7334 = DEFINITIONAL_REPRESENTATION('',(#7335),#7339);
#7335 = CIRCLE('',#7336,18.);
#7336 = AXIS2_PLACEMENT_2D('',#7337,#7338);
#7337 = CARTESIAN_POINT('',(0.,0.));
#7338 = DIRECTION('',(1.,0.));
#7339 = ( GEOMETRIC_REPRESENTATION_CONTEXT(2) 
PARAMETRIC_REPRESENTATION_CONTEXT() REPRESENTATION_CONTEXT('2D SPACE',''
  ) );
#7340 = PCURVE('',#7341,#7346);
#7341 = CYLINDRICAL_SURFACE('',#7342,18.);
#7342 = AXIS2_PLACEMENT_3D('',#7343,#7344,#7345);
#7343 = CARTESIAN_POINT('',(1.3073E+04,306.,75.));
#7344 = DIRECTION('',(0.,-1.,2.22044604925E-16));
#7345 = DIRECTION('',(1.,0.,0.));
#7346 = DEFINITIONAL_REPRESENTATION('',(#7347),#7351);
#7347 = LINE('',#7348,#7349);
#7348 = CARTESIAN_POINT('',(0.,11.));
#7349 = VECTOR('',#7350,1.);
#7350 = DIRECTION('',(1.,0.));
#7351 = ( GEOMETRIC_REPRESENTATION_CONTEXT(2) 
PARAMETRIC_REPRESENTATION_CONTEXT() REPRESENTATION_CONTEXT('2D SPACE',''
  ) );
#7352 = ADVANCED_FACE('',(#7353,#7356),#7305,.F.);
#7353 = FACE_BOUND('',#7354,.F.);
#7354 = EDGE_LOOP('',(#7355));
#7355 = ORIENTED_EDGE('',*,*,#7290,.T.);
#7356 = FACE_BOUND('',#7357,.F.);
#7357 = EDGE_LOOP('',(#7358));
#7358 = ORIENTED_EDGE('',*,*,#7359,.F.);
#7359 = EDGE_CURVE('',#7360,#7360,#7362,.T.);
#7360 = VERTEX_POINT('',#7361);
#7361 = CARTESIAN_POINT('',(1.3091E+04,305.,75.));
#7362 = SURFACE_CURVE('',#7363,(#7368,#7375),.PCURVE_S1.);
#7363 = CIRCLE('',#7364,18.);
#7364 = AXIS2_PLACEMENT_3D('',#7365,#7366,#7367);
#7365 = CARTESIAN_POINT('',(1.3073E+04,305.,75.));
#7366 = DIRECTION('',(0.,-1.,2.22044604925E-16));
#7367 = DIRECTION('',(1.,0.,0.));
#7368 = PCURVE('',#7305,#7369);
#7369 = DEFINITIONAL_REPRESENTATION('',(#7370),#7374);
#7370 = CIRCLE('',#7371,18.);
#7371 = AXIS2_PLACEMENT_2D('',#7372,#7373);
#7372 = CARTESIAN_POINT('',(0.,0.));
#7373 = DIRECTION('',(1.,0.));
#7374 = ( GEOMETRIC_REPRESENTATION_CONTEXT(2) 
PARAMETRIC_REPRESENTATION_CONTEXT() REPRESENTATION_CONTEXT('2D SPACE',''
  ) );
#7375 = PCURVE('',#7341,#7376);
#7376 = DEFINITIONAL_REPRESENTATION('',(#7377),#7381);
#7377 = LINE('',#7378,#7379);
#7378 = CARTESIAN_POINT('',(0.,1.));
#7379 = VECTOR('',#7380,1.);
#7380 = DIRECTION('',(1.,0.));
#7381 = ( GEOMETRIC_REPRESENTATION_CONTEXT(2) 
PARAMETRIC_REPRESENTATION_CONTEXT() REPRESENTATION_CONTEXT('2D SPACE',''
  ) );
#7382 = ADVANCED_FACE('',(#7383),#7341,.F.);
#7383 = FACE_BOUND('',#7384,.F.);
#7384 = EDGE_LOOP('',(#7385,#7386,#7407,#7408));
#7385 = ORIENTED_EDGE('',*,*,#7324,.F.);
#7386 = ORIENTED_EDGE('',*,*,#7387,.F.);
#7387 = EDGE_CURVE('',#7360,#7325,#7388,.T.);
#7388 = SEAM_CURVE('',#7389,(#7393,#7400),.PCURVE_S1.);
#7389 = LINE('',#7390,#7391);
#7390 = CARTESIAN_POINT('',(1.3091E+04,306.,75.));
#7391 = VECTOR('',#7392,1.);
#7392 = DIRECTION('',(0.,-1.,2.22044604925E-16));
#7393 = PCURVE('',#7341,#7394);
#7394 = DEFINITIONAL_REPRESENTATION('',(#7395),#7399);
#7395 = LINE('',#7396,#7397);
#7396 = CARTESIAN_POINT('',(6.28318530718,-0.));
#7397 = VECTOR('',#7398,1.);
#7398 = DIRECTION('',(0.,1.));
#7399 = ( GEOMETRIC_REPRESENTATION_CONTEXT(2) 
PARAMETRIC_REPRESENTATION_CONTEXT() REPRESENTATION_CONTEXT('2D SPACE',''
  ) );
#7400 = PCURVE('',#7341,#7401);
#7401 = DEFINITIONAL_REPRESENTATION('',(#7402),#7406);
#7402 = LINE('',#7403,#7404);
#7403 = CARTESIAN_POINT('',(0.,-0.));
#7404 = VECTOR('',#7405,1.);
#7405 = DIRECTION('',(0.,1.));
#7406 = ( GEOMETRIC_REPRESENTATION_CONTEXT(2) 
PARAMETRIC_REPRESENTATION_CONTEXT() REPRESENTATION_CONTEXT('2D SPACE',''
  ) );
#7407 = ORIENTED_EDGE('',*,*,#7359,.T.);
#7408 = ORIENTED_EDGE('',*,*,#7387,.T.);
#7409 = MANIFOLD_SOLID_BREP('',#7410);
#7410 = CLOSED_SHELL('',(#7411,#7499,#7534,#7564));
#7411 = ADVANCED_FACE('',(#7412),#7425,.T.);
#7412 = FACE_BOUND('',#7413,.T.);
#7413 = EDGE_LOOP('',(#7414,#7448,#7471,#7498));
#7414 = ORIENTED_EDGE('',*,*,#7415,.F.);
#7415 = EDGE_CURVE('',#7416,#7416,#7418,.T.);
#7416 = VERTEX_POINT('',#7417);
#7417 = CARTESIAN_POINT('',(1.16E+04,295.,75.));
#7418 = SURFACE_CURVE('',#7419,(#7424,#7436),.PCURVE_S1.);
#7419 = CIRCLE('',#7420,28.);
#7420 = AXIS2_PLACEMENT_3D('',#7421,#7422,#7423);
#7421 = CARTESIAN_POINT('',(1.1572E+04,295.,75.));
#7422 = DIRECTION('',(0.,-1.,2.22044604925E-16));
#7423 = DIRECTION('',(1.,0.,0.));
#7424 = PCURVE('',#7425,#7430);
#7425 = CYLINDRICAL_SURFACE('',#7426,28.);
#7426 = AXIS2_PLACEMENT_3D('',#7427,#7428,#7429);
#7427 = CARTESIAN_POINT('',(1.1572E+04,305.,75.));
#7428 = DIRECTION('',(0.,-1.,2.22044604925E-16));
#7429 = DIRECTION('',(1.,0.,0.));
#7430 = DEFINITIONAL_REPRESENTATION('',(#7431),#7435);
#7431 = LINE('',#7432,#7433);
#7432 = CARTESIAN_POINT('',(0.,10.));
#7433 = VECTOR('',#7434,1.);
#7434 = DIRECTION('',(1.,0.));
#7435 = ( GEOMETRIC_REPRESENTATION_CONTEXT(2) 
PARAMETRIC_REPRESENTATION_CONTEXT() REPRESENTATION_CONTEXT('2D SPACE',''
  ) );
#7436 = PCURVE('',#7437,#7442);
#7437 = PLANE('',#7438);
#7438 = AXIS2_PLACEMENT_3D('',#7439,#7440,#7441);
#7439 = CARTESIAN_POINT('',(1.1572E+04,295.,75.));
#7440 = DIRECTION('',(0.,-1.,2.22044604925E-16));
#7441 = DIRECTION('',(1.,0.,0.));
#7442 = DEFINITIONAL_REPRESENTATION('',(#7443),#7447);
#7443 = CIRCLE('',#7444,28.);
#7444 = AXIS2_PLACEMENT_2D('',#7445,#7446);
#7445 = CARTESIAN_POINT('',(0.,0.));
#7446 = DIRECTION('',(1.,0.));
#7447 = ( GEOMETRIC_REPRESENTATION_CONTEXT(2) 
PARAMETRIC_REPRESENTATION_CONTEXT() REPRESENTATION_CONTEXT('2D SPACE',''
  ) );
#7448 = ORIENTED_EDGE('',*,*,#7449,.F.);
#7449 = EDGE_CURVE('',#7450,#7416,#7452,.T.);
#7450 = VERTEX_POINT('',#7451);
#7451 = CARTESIAN_POINT('',(1.16E+04,305.,75.));
#7452 = SEAM_CURVE('',#7453,(#7457,#7464),.PCURVE_S1.);
#7453 = LINE('',#7454,#7455);
#7454 = CARTESIAN_POINT('',(1.16E+04,305.,75.));
#7455 = VECTOR('',#7456,1.);
#7456 = DIRECTION('',(0.,-1.,2.22044604925E-16));
#7457 = PCURVE('',#7425,#7458);
#7458 = DEFINITIONAL_REPRESENTATION('',(#7459),#7463);
#7459 = LINE('',#7460,#7461);
#7460 = CARTESIAN_POINT('',(6.28318530718,-0.));
#7461 = VECTOR('',#7462,1.);
#7462 = DIRECTION('',(0.,1.));
#7463 = ( GEOMETRIC_REPRESENTATION_CONTEXT(2) 
PARAMETRIC_REPRESENTATION_CONTEXT() REPRESENTATION_CONTEXT('2D SPACE',''
  ) );
#7464 = PCURVE('',#7425,#7465);
#7465 = DEFINITIONAL_REPRESENTATION('',(#7466),#7470);
#7466 = LINE('',#7467,#7468);
#7467 = CARTESIAN_POINT('',(0.,-0.));
#7468 = VECTOR('',#7469,1.);
#7469 = DIRECTION('',(0.,1.));
#7470 = ( GEOMETRIC_REPRESENTATION_CONTEXT(2) 
PARAMETRIC_REPRESENTATION_CONTEXT() REPRESENTATION_CONTEXT('2D SPACE',''
  ) );
#7471 = ORIENTED_EDGE('',*,*,#7472,.T.);
#7472 = EDGE_CURVE('',#7450,#7450,#7473,.T.);
#7473 = SURFACE_CURVE('',#7474,(#7479,#7486),.PCURVE_S1.);
#7474 = CIRCLE('',#7475,28.);
#7475 = AXIS2_PLACEMENT_3D('',#7476,#7477,#7478);
#7476 = CARTESIAN_POINT('',(1.1572E+04,305.,75.));
#7477 = DIRECTION('',(0.,-1.,2.22044604925E-16));
#7478 = DIRECTION('',(1.,0.,0.));
#7479 = PCURVE('',#7425,#7480);
#7480 = DEFINITIONAL_REPRESENTATION('',(#7481),#7485);
#7481 = LINE('',#7482,#7483);
#7482 = CARTESIAN_POINT('',(0.,0.));
#7483 = VECTOR('',#7484,1.);
#7484 = DIRECTION('',(1.,0.));
#7485 = ( GEOMETRIC_REPRESENTATION_CONTEXT(2) 
PARAMETRIC_REPRESENTATION_CONTEXT() REPRESENTATION_CONTEXT('2D SPACE',''
  ) );
#7486 = PCURVE('',#7487,#7492);
#7487 = PLANE('',#7488);
#7488 = AXIS2_PLACEMENT_3D('',#7489,#7490,#7491);
#7489 = CARTESIAN_POINT('',(1.1572E+04,305.,75.));
#7490 = DIRECTION('',(0.,-1.,2.22044604925E-16));
#7491 = DIRECTION('',(1.,0.,0.));
#7492 = DEFINITIONAL_REPRESENTATION('',(#7493),#7497);
#7493 = CIRCLE('',#7494,28.);
#7494 = AXIS2_PLACEMENT_2D('',#7495,#7496);
#7495 = CARTESIAN_POINT('',(0.,0.));
#7496 = DIRECTION('',(1.,0.));
#7497 = ( GEOMETRIC_REPRESENTATION_CONTEXT(2) 
PARAMETRIC_REPRESENTATION_CONTEXT() REPRESENTATION_CONTEXT('2D SPACE',''
  ) );
#7498 = ORIENTED_EDGE('',*,*,#7449,.T.);
#7499 = ADVANCED_FACE('',(#7500,#7503),#7437,.T.);
#7500 = FACE_BOUND('',#7501,.T.);
#7501 = EDGE_LOOP('',(#7502));
#7502 = ORIENTED_EDGE('',*,*,#7415,.T.);
#7503 = FACE_BOUND('',#7504,.T.);
#7504 = EDGE_LOOP('',(#7505));
#7505 = ORIENTED_EDGE('',*,*,#7506,.F.);
#7506 = EDGE_CURVE('',#7507,#7507,#7509,.T.);
#7507 = VERTEX_POINT('',#7508);
#7508 = CARTESIAN_POINT('',(1.159E+04,295.,75.));
#7509 = SURFACE_CURVE('',#7510,(#7515,#7522),.PCURVE_S1.);
#7510 = CIRCLE('',#7511,18.);
#7511 = AXIS2_PLACEMENT_3D('',#7512,#7513,#7514);
#7512 = CARTESIAN_POINT('',(1.1572E+04,295.,75.));
#7513 = DIRECTION('',(0.,-1.,2.22044604925E-16));
#7514 = DIRECTION('',(1.,0.,0.));
#7515 = PCURVE('',#7437,#7516);
#7516 = DEFINITIONAL_REPRESENTATION('',(#7517),#7521);
#7517 = CIRCLE('',#7518,18.);
#7518 = AXIS2_PLACEMENT_2D('',#7519,#7520);
#7519 = CARTESIAN_POINT('',(0.,0.));
#7520 = DIRECTION('',(1.,0.));
#7521 = ( GEOMETRIC_REPRESENTATION_CONTEXT(2) 
PARAMETRIC_REPRESENTATION_CONTEXT() REPRESENTATION_CONTEXT('2D SPACE',''
  ) );
#7522 = PCURVE('',#7523,#7528);
#7523 = CYLINDRICAL_SURFACE('',#7524,18.);
#7524 = AXIS2_PLACEMENT_3D('',#7525,#7526,#7527);
#7525 = CARTESIAN_POINT('',(1.1572E+04,306.,75.));
#7526 = DIRECTION('',(0.,-1.,2.22044604925E-16));
#7527 = DIRECTION('',(1.,0.,0.));
#7528 = DEFINITIONAL_REPRESENTATION('',(#7529),#7533);
#7529 = LINE('',#7530,#7531);
#7530 = CARTESIAN_POINT('',(0.,11.));
#7531 = VECTOR('',#7532,1.);
#7532 = DIRECTION('',(1.,0.));
#7533 = ( GEOMETRIC_REPRESENTATION_CONTEXT(2) 
PARAMETRIC_REPRESENTATION_CONTEXT() REPRESENTATION_CONTEXT('2D SPACE',''
  ) );
#7534 = ADVANCED_FACE('',(#7535,#7538),#7487,.F.);
#7535 = FACE_BOUND('',#7536,.F.);
#7536 = EDGE_LOOP('',(#7537));
#7537 = ORIENTED_EDGE('',*,*,#7472,.T.);
#7538 = FACE_BOUND('',#7539,.F.);
#7539 = EDGE_LOOP('',(#7540));
#7540 = ORIENTED_EDGE('',*,*,#7541,.F.);
#7541 = EDGE_CURVE('',#7542,#7542,#7544,.T.);
#7542 = VERTEX_POINT('',#7543);
#7543 = CARTESIAN_POINT('',(1.159E+04,305.,75.));
#7544 = SURFACE_CURVE('',#7545,(#7550,#7557),.PCURVE_S1.);
#7545 = CIRCLE('',#7546,18.);
#7546 = AXIS2_PLACEMENT_3D('',#7547,#7548,#7549);
#7547 = CARTESIAN_POINT('',(1.1572E+04,305.,75.));
#7548 = DIRECTION('',(0.,-1.,2.22044604925E-16));
#7549 = DIRECTION('',(1.,0.,0.));
#7550 = PCURVE('',#7487,#7551);
#7551 = DEFINITIONAL_REPRESENTATION('',(#7552),#7556);
#7552 = CIRCLE('',#7553,18.);
#7553 = AXIS2_PLACEMENT_2D('',#7554,#7555);
#7554 = CARTESIAN_POINT('',(0.,0.));
#7555 = DIRECTION('',(1.,0.));
#7556 = ( GEOMETRIC_REPRESENTATION_CONTEXT(2) 
PARAMETRIC_REPRESENTATION_CONTEXT() REPRESENTATION_CONTEXT('2D SPACE',''
  ) );
#7557 = PCURVE('',#7523,#7558);
#7558 = DEFINITIONAL_REPRESENTATION('',(#7559),#7563);
#7559 = LINE('',#7560,#7561);
#7560 = CARTESIAN_POINT('',(0.,1.));
#7561 = VECTOR('',#7562,1.);
#7562 = DIRECTION('',(1.,0.));
#7563 = ( GEOMETRIC_REPRESENTATION_CONTEXT(2) 
PARAMETRIC_REPRESENTATION_CONTEXT() REPRESENTATION_CONTEXT('2D SPACE',''
  ) );
#7564 = ADVANCED_FACE('',(#7565),#7523,.F.);
#7565 = FACE_BOUND('',#7566,.F.);
#7566 = EDGE_LOOP('',(#7567,#7568,#7589,#7590));
#7567 = ORIENTED_EDGE('',*,*,#7506,.F.);
#7568 = ORIENTED_EDGE('',*,*,#7569,.F.);
#7569 = EDGE_CURVE('',#7542,#7507,#7570,.T.);
#7570 = SEAM_CURVE('',#7571,(#7575,#7582),.PCURVE_S1.);
#7571 = LINE('',#7572,#7573);
#7572 = CARTESIAN_POINT('',(1.159E+04,306.,75.));
#7573 = VECTOR('',#7574,1.);
#7574 = DIRECTION('',(0.,-1.,2.22044604925E-16));
#7575 = PCURVE('',#7523,#7576);
#7576 = DEFINITIONAL_REPRESENTATION('',(#7577),#7581);
#7577 = LINE('',#7578,#7579);
#7578 = CARTESIAN_POINT('',(6.28318530718,-0.));
#7579 = VECTOR('',#7580,1.);
#7580 = DIRECTION('',(0.,1.));
#7581 = ( GEOMETRIC_REPRESENTATION_CONTEXT(2) 
PARAMETRIC_REPRESENTATION_CONTEXT() REPRESENTATION_CONTEXT('2D SPACE',''
  ) );
#7582 = PCURVE('',#7523,#7583);
#7583 = DEFINITIONAL_REPRESENTATION('',(#7584),#7588);
#7584 = LINE('',#7585,#7586);
#7585 = CARTESIAN_POINT('',(0.,-0.));
#7586 = VECTOR('',#7587,1.);
#7587 = DIRECTION('',(0.,1.));
#7588 = ( GEOMETRIC_REPRESENTATION_CONTEXT(2) 
PARAMETRIC_REPRESENTATION_CONTEXT() REPRESENTATION_CONTEXT('2D SPACE',''
  ) );
#7589 = ORIENTED_EDGE('',*,*,#7541,.T.);
#7590 = ORIENTED_EDGE('',*,*,#7569,.T.);
#7591 = ( GEOMETRIC_REPRESENTATION_CONTEXT(3) 
GLOBAL_UNCERTAINTY_ASSIGNED_CONTEXT((#7595)) 
GLOBAL_UNIT_ASSIGNED_CONTEXT((#7592,#7593,#7594)) REPRESENTATION_CONTEXT
('Context #1','3D Context with UNIT and UNCERTAINTY') );
#7592 = ( LENGTH_UNIT() NAMED_UNIT(*) SI_UNIT(.MILLI.,.METRE.) );
#7593 = ( NAMED_UNIT(*) PLANE_ANGLE_UNIT() SI_UNIT($,.RADIAN.) );
#7594 = ( NAMED_UNIT(*) SI_UNIT($,.STERADIAN.) SOLID_ANGLE_UNIT() );
#7595 = UNCERTAINTY_MEASURE_WITH_UNIT(LENGTH_MEASURE(1.E-07),#7592,
  'distance_accuracy_value','confusion accuracy');
#7596 = PRODUCT_RELATED_PRODUCT_CATEGORY('part',$,(#7));
ENDSEC;
END-ISO-10303-21;
